1431367387230,45672559841207,0,400000000,0,400000000,10
1431367392674,45678016750387,5,492523194,1,411565399,9
1431367393405,45678745998434,13,748626709,3,453698062,9
1431367393780,45679119930319,13,394348144,4,446279323,9
1431367394209,45679553310446,16,393615723,5,439696373,9
1431367394544,45679888210348,15,413696289,7,436446362,10
1431367395016,45680360958151,16,393981934,8,431138309,10
1431367395391,45680735256247,15,413696289,9,428958056,10
1431367395825,45681169063620,16,413726806,10,427054150,10
1431367396198,45681543026022,16,394378662,10,422969714,10
1431367396593,45681937404389,17,413726807,11,421814350,10
1431367396987,45682331020112,15,413726512,12,420803370,10
1431367397400,45682744655366,16,413635254,12,419907356,10
1431367397814,45683158382172,14,354614257,12,411745718,11
1431367398231,45683572017426,15,413696290,13,411989540,11
1431367398622,45683966029877,12,413604736,13,412191439,11
1431367399036,45684379665131,16,393615723,13,409869475,11
1431367399390,45684734279389,15,394012451,13,407887347,11
1431367399805,45685147975678,16,394317627,14,406191132,11
1431367400217,45685561671967,13,373931884,13,402158726,11
1431367400591,45685935970063,16,413696289,14,403600921,11
1431367401006,45686349635834,12,394378663,13,402448139,11
1431367401399,45686743648286,16,433013916,14,406268861,11
1431367401833,45687177058930,13,374298095,14,402272515,10
1431367402209,45687551753754,13,413696289,14,403700487,11
1431367402963,45688299953217,12,394012451,13,402489482,11
1431367403397,45688713649506,10,394348144,13,401471815,11
1431367403735,45689068202729,11,393585206,12,400485989,11
1431367404151,45689481899018,11,393981933,12,399672982,11
1431367404572,45689895503754,14,374206543,12,396489677,10
1431367404942,45690270168061,12,394012451,12,396180023,10
1431367405305,45690644038911,16,413665772,13,398365742,10
1431367406480,45691806514496,13,393920898,12,382240192,10
1431367406922,45692239393126,16,413591520,12,386159108,11
1431367407310,45692653058897,13,394317627,12,387178923,11
1431367407714,45693047346006,15,393554687,13,387975893,11
1431367408209,45693520032774,12,433654785,12,393685755,11
1431367408569,45693913556944,11,393554688,12,393669371,11
1431367408942,45694268079649,9,374603271,12,391286109,11
1431367410470,45695784742247,6,472747803,10,401468820,10
1431367410985,45696316511046,6,492828369,10,412888764,10
1431367411490,45696829053770,8,551147461,10,430171101,10
1431367411997,45697340772520,6,551483155,9,445335108,10
1431367412496,45697833570372,6,492828369,9,451271765,10
1431367413040,45698384656797,8,531768799,9,461333894,10
1431367413634,45698916456114,8,511688232,9,467628187,10
1431367414106,45699448224913,7,551849365,8,478155834,10
1431367414609,45699940534483,6,492004395,8,479886904,10
1431367415143,45700452558409,5,590759277,8,493745950,10
1431367415572,45700905897032,6,433258057,7,486184964,10
1431367416152,45701496686827,5,512023925,7,489414834,10
1431367416695,45702028456291,5,492340088,7,489780491,10
1431367417317,45702658033927,4,571015070,7,499934813,9
1431367417867,45703189619621,6,630401611,6,516243163,9
1431367418431,45703741316398,5,452484131,6,508273284,9
1431367418955,45704292250236,7,689147949,6,530882617,9
1431367419459,45704784498771,7,433166504,6,518668103,9
1431367419998,45705336134513,9,649749756,7,535053309,9
1431367420512,45705847700675,6,413452148,7,519853164,9
1431367421013,45706320204337,7,590667725,7,528704984,9
1431367421308,45706635572990,4,374420166,6,509419382,9
1431367421664,45706990004142,11,314666748,7,485075302,9
1431367422128,45707442427238,15,394134521,8,473707705,10
1431367422516,45707855940421,12,413482666,8,466179575,10
1431367422869,45708190596183,15,413421631,9,459584832,10
1431367423361,45708663099845,14,432769776,10,456232950,10
1431367423766,45709076490959,15,374023437,10,445956761,10
1431367424191,45709489912589,15,433471680,11,444396125,10
1431367424580,45709922957023,14,393341064,11,438014243,11
1431367425041,45710356459220,14,433441162,12,437442608,11
1431367425451,45710749800285,16,432769776,12,436858504,11
1431367425835,45711143507560,14,394073486,12,431510376,11
1431367426187,45711517469962,17,393280029,13,426731583,11
1431367426662,45711989932210,19,452758790,14,429984984,11
1431367427134,45712442660481,14,394062589,14,425494684,11
1431367427498,45712816683919,13,432708740,14,426396441,11
1431367427853,45713170993001,15,394104004,14,422359886,11
1431367428345,45713623782308,14,413330078,14,421231160,11
1431367428699,45714037112386,16,413391113,14,420251154,11
1431367429510,45714804812581,12,373626709,13,414423099,11
1431367429907,45715218142659,16,413360596,13,414290286,11
1431367430251,45715572451741,16,374023437,14,409256930,12
1431367430683,45716005465657,14,413299561,14,409762258,12
1431367431119,45716438876302,13,413299560,14,410204421,12
1431367431466,45716793215901,18,413391114,14,410602758,12
1431367431857,45717186495931,13,374359131,14,406072304,12
1431367432386,45717658969075,14,413421630,14,406990970,12
1431367432696,45718033328206,12,373657227,14,402824252,12
1431367433077,45718406924397,14,413299560,14,404133665,12
1431367433462,45718800936849,13,373931885,14,400358443,12
1431367434276,45719587924153,13,393280029,13,399473641,12
1431367434780,45720001315267,11,393737793,13,398756660,12
1431367435077,45720375338704,13,413391113,13,400585967,11
1431367435446,45720769045980,11,354339600,13,394805171,11
1431367435837,45721143069417,14,413391113,13,397128413,11
1431367436207,45721517428548,13,373992920,13,394236477,11
1431367436601,45721910733621,14,393676758,13,394166512,11
1431367437387,45722678433816,12,413330078,13,396561957,11
1431367437819,45723131131570,11,393280029,12,396151716,11
1431367438233,45723544522683,12,393707276,12,395846161,11
1431367438656,45723957913797,11,394073486,12,395624577,11
1431367439002,45724312222879,12,413391113,12,397845394,11
1431367439433,45724725552957,13,373565674,12,394810429,11
1431367439716,45725060483377,13,413299561,12,397121570,11
1431367440619,45725926175515,12,393280029,12,396641377,11
1431367440999,45726339566629,10,413360596,12,398731280,11
1431367441382,45726713956277,9,413360596,11,400559944,11
1431367441768,45727107297341,10,374420166,11,397292472,11
1431367442198,45727520627420,14,393280029,12,396790916,11
1431367442905,45728229215066,12,413299561,11,398854497,11
1431367443444,45728741025369,10,394073486,11,398256871,11
1431367443760,45729095364968,11,373657227,11,395181915,11
1431367444171,45729508786599,10,413391113,11,397458065,11
1431367444519,45729863034646,11,394104004,11,397038807,11
1431367445682,45731024991433,9,354309082,10,391697591,12
1431367446489,45731831754129,19,413513184,11,394424540,12
1431367446843,45732186058573,18,374049317,12,391877637,12
1431367447217,45732560448221,24,374359131,13,389687824,13
1431367447610,45732953758768,13,413330078,13,392643106,13
1431367448004,45733347466043,18,393310547,14,392726536,13
1431367448398,45733741509012,13,413421631,14,395313423,13
1431367448791,45734134850077,14,354339599,14,390191695,13
1431367449244,45734587608866,15,374359131,14,388212624,13
1431367449579,45734922600321,24,413391114,15,391359935,13
1431367449913,45735256889871,11,373626709,15,389143282,13
1431367450327,45735670250467,23,374023437,16,387253301,13
1431367450859,45736201714090,14,374359131,15,385641530,14
1431367451115,45736458000711,23,432678223,16,391521116,13
1431367451629,45736969383768,24,433044433,17,396711531,13
1431367451905,45737244957498,23,374359131,18,393917481,13
1431367452394,45737736992410,25,472381592,19,403725495,13
1431367452715,45738052269510,23,334197998,19,395034558,14
1431367453263,45738603081278,18,433410644,19,399831568,14
1431367453535,45738879021219,22,373626709,20,396555961,14
1431367454047,45739390465311,19,453125000,20,403627091,14
1431367454342,45739685753397,21,354339600,20,397466154,13
1431367454854,45740197533182,19,491760254,20,409252917,13
1431367455130,45740473473123,22,314941406,20,397463978,13
1431367455684,45741024315409,18,433471680,20,401964941,13
1431367455936,45741280205301,20,373626709,20,398422662,13
1431367456490,45741831902078,20,433074951,20,402754198,13
1431367456744,45742087421169,21,374476610,20,399219499,14
1431367457283,45742619006862,20,413452148,20,400998580,13
1431367457570,45742914294948,21,393371582,20,400045205,13
1431367458111,45743445880641,21,472442627,20,409094883,13
1431367458381,45743721851100,21,334716797,20,399797622,14
1431367458910,45744253406276,22,492187500,21,411346357,14
1431367459194,45744528644313,23,334686279,21,401763847,14
1431367459738,45745080341090,19,472534180,21,410610139,14
1431367459992,45745335925807,22,335083008,21,401169247,14
1431367460534,45745867542018,23,472595215,21,410097493,14
1431367460823,45746162891139,20,334289550,21,400621500,14
1431367461359,45746694476833,19,433563233,21,404739217,14
1431367461628,45746970477809,23,373687744,21,400857783,14
1431367462395,45747738513698,20,413513184,20,402439708,14
1431367462873,45748191028346,20,393829346,20,401363412,14
1431367464569,45749806323756,14,413604737,17,402893578,14
1431367465231,45750574359645,12,315093995,15,391918630,13
1431367465644,45750987994899,11,393920898,15,392168913,13
1431367466038,45751381366481,14,394226074,15,392426058,13
1431367466453,45751794940700,12,393402100,14,392548064,12
1431367466829,45752169512070,14,393858479,14,392711865,12
1431367467636,45752976671494,9,295501709,13,380560596,12
1431367468027,45753370653427,12,432952881,13,387109631,11
1431367468494,45753765001572,9,472747802,12,397814403,11
1431367468766,45754099474228,10,315124512,12,387478166,11
1431367469229,45754533220566,12,413696289,12,390755432,11
1431367469614,45754907152451,8,354583740,11,386233970,11
1431367470020,45755320726669,8,433715821,11,392169201,11
1431367470371,45755715105331,12,354553222,11,387467204,11
1431367470766,45756108690536,13,413696289,11,390745839,11
1431367471100,45756443559921,15,393585205,12,391100760,11
1431367471555,45756896990097,14,393951416,12,391457092,11
1431367471907,45757251573837,14,394317627,12,391814659,11
1431367472341,45757684618271,13,393646241,12,392043607,11
1431367472717,45758058916367,11,394012451,12,392289712,11
1431367473073,45758413469589,16,374237060,13,390033130,11
1431367473483,45758827135361,15,413757325,13,392998655,11
1431367473900,45759240740097,13,413543701,13,395566785,11
1431367474273,45759615373886,13,374664306,13,392953975,11
1431367474688,45760028978622,16,413635254,13,395539135,12
1431367475085,45760422502792,14,393493653,14,395283450,12
1431367475493,45760836138046,16,413635253,14,397577425,12
1431367475907,45761249803818,15,394012452,14,397131803,12
1431367476300,45761643785751,14,394256591,14,396772402,12
1431367476677,45762018082926,16,393615723,14,396377817,11
1431367477089,45762431687662,15,433684382,14,401041138,11
1431367477483,45762825669596,16,373901367,15,397648666,11
1431367477895,45763239304850,16,413665772,15,399650804,11
1431367478339,45763653001139,16,354583740,15,394017421,11
1431367478692,45764007523844,18,413635254,15,396469650,11
1431367479103,45764421189615,14,354583740,15,391233911,11
1431367479471,45764795457194,14,413635254,15,394034079,11
1431367479875,45765189378092,15,374267578,15,391563266,11
1431367480260,45765602952311,15,413513184,15,394307006,11
1431367480695,45766016618082,13,374664306,15,391851669,11
1431367481078,45766390916178,18,433013916,15,396996949,11
1431367481449,45766784898112,14,374267578,15,394155778,11
1431367481820,45767159165690,17,413696289,15,396598342,11
1431367482304,45767631944010,15,393981934,15,396271291,11
1431367482667,45767966843912,17,413635254,16,398441786,10
1431367483016,45768341111490,15,374328613,15,395427639,11
1431367483379,45768715775797,17,393981934,16,395246926,11
1431367483799,45769129533121,16,374267578,16,392624508,11
1431367484162,45769503465006,17,433868408,16,397779995,11
1431367484563,45769877793619,16,354614258,16,392384278,11
1431367484961,45770291489908,15,413696289,16,395048279,11
1431367485362,45770685532877,15,373962402,16,392412544,11
1431367485746,45771079911539,15,413726807,16,395076827,11
1431367486604,45771887284586,16,413726807,15,397408075,11
1431367487337,45772675776701,14,393676757,15,396941660,11
1431367487742,45773049769621,16,394042969,15,396579323,11
1431367488094,45773424128752,15,394470215,15,396315685,11
1431367488492,45773818232755,16,373992920,15,393525339,11
1431367488927,45774232051115,16,433502197,15,398522446,11
1431367489334,45774626582365,15,374816895,15,395559252,11
1431367489698,45775040400724,15,413848877,15,397845455,11
1431367490118,45775434077482,15,393707275,15,397328183,11
1431367490476,45775808833341,14,394042969,15,396917531,11
1431367490932,45776241969328,16,394470215,15,396611616,11
1431367491281,45776616297941,16,413787842,15,398758645,12
1431367491700,45777030085783,16,393737792,15,398131038,12
1431367492086,45777424128752,15,413696290,15,400076694,12
1431367492529,45777837916593,16,354644775,15,394397704,12
1431367492873,45778173213224,17,413787842,16,396821472,12
1431367493268,45778587001066,15,374725342,15,394059455,12
1431367493634,45778960932951,16,393646240,16,394007803,12
1431367494041,45779374659757,15,413726806,15,396472679,12
1431367494516,45779847499113,15,394073487,15,396172780,12
1431367494819,45780162715177,15,374298095,15,393438444,12
1431367495658,45780990260343,16,374786377,15,391106936,12
1431367495965,45781305842619,17,413696289,15,393930605,12
1431367496397,45781739009123,14,374023438,15,391442209,12
1431367496807,45782113374051,15,394506529,15,391825249,12
1431367497185,45782527161893,15,393707276,15,392060502,12
1431367497994,45783335053738,17,394409180,15,392354087,12
1431367498391,45783729493436,16,452819824,15,399912304,12
1431367498839,45784182374295,15,374847412,15,396779192,12
1431367499214,45784557130154,17,433105469,16,401319977,12
1431367499608,45784950867947,14,394470215,15,400463757,12
1431367500041,45785384675320,15,373992920,15,397154902,12
1431367500792,45786133088406,16,373992919,15,394259654,12
1431367501228,45786566987332,14,413848877,15,396708307,12
1431367501561,45786901551541,19,394409180,15,396420916,12
1431367502011,45787354768094,15,433105469,15,401006485,12
1431367502425,45787768555936,16,374389648,15,397679380,12
1431367502823,45788163087186,14,433929444,15,402210638,12
1431367503255,45788596223172,17,433166504,16,406080121,12
1431367503655,45788990784940,16,374420166,16,402122627,12
1431367504089,45789423951444,15,433898925,16,406094664,11
1431367504933,45790232331570,15,433563232,15,409528235,11
1431367505345,45790665528592,14,394165039,15,407607835,11
1431367505763,45791039979276,16,413879395,15,408391780,11
1431367506169,45791473969754,16,394500732,15,406655399,11
1431367506522,45791848054227,15,413909912,15,407562213,11
1431367506891,45792222518426,14,393781826,15,405839665,11
1431367507327,45792656508904,15,413909912,15,406848446,11
1431367507762,45793070449334,14,394226075,15,405270649,11
1431367508191,45793484328729,15,413879394,15,406346742,11
1431367508549,45793858443719,17,394592285,15,404877435,11
1431367508944,45794272323113,16,433227539,15,408421198,11
1431367509374,45794646834832,16,374450684,15,404174884,11
1431367509753,45795080825311,18,434020996,16,407905648,11
1431367510196,45795474654656,16,393829346,16,406146110,11
1431367510545,45795888564568,18,413909912,16,407116585,11
1431367510969,45796282821160,15,374877930,16,403086753,11
1431367511356,45796696731072,17,433288574,16,406861981,11
1431367511826,45797110702020,16,394592285,16,405328269,11
1431367512183,45797505202752,16,413879394,16,406397159,11
1431367512543,45797879256707,16,393798829,16,404822368,11
1431367512988,45798332961541,17,433959960,16,408464567,11
1431367513425,45798746932488,16,374145508,16,404174684,11
1431367513862,45799180221063,16,433654785,16,407859697,11
1431367514229,45799554763299,17,394256592,16,406159309,11
1431367514623,45799948989373,17,413970948,16,407135764,11
1431367515018,45800343612176,15,394622802,16,405571643,11
1431367515422,45800737441522,16,433258057,16,409032445,11
1431367515828,45801171462518,16,354797363,16,402253060,11
1431367516283,45801585372430,17,433624268,16,406174461,11
1431367516627,45801959502953,16,394226074,16,404680912,11
1431367517071,45802373382347,17,413894927,16,405832664,11
1431367517430,45802767974632,17,394561768,16,404423802,11
1431367517839,45803181854027,16,393768310,16,403091865,11
1431367518678,45803969726341,15,413818359,16,404432677,11
1431367519409,45804738311546,16,394134521,16,403145407,11
1431367519796,45805132842796,15,374420166,16,399554752,11
1431367520216,45805506866234,15,394134522,16,398877223,11
1431367520583,45805920684593,15,374420166,15,395820091,11
1431367520952,45806295104759,15,413818359,15,398069875,11
1431367521326,45806669982689,15,394195557,15,397585585,11
1431367521934,45807103149193,17,394500732,16,397199978,11
1431367522548,45807891509789,16,413879394,15,399284905,11
1431367522941,45808285705345,17,394592286,16,398698328,11
1431367523338,45808680267113,16,393798828,16,398085890,11
1431367523731,45809074065941,14,413909912,15,400063893,11
1431367524125,45809468261498,17,413879394,16,401790830,11
1431367524538,45809882140892,15,374877930,15,398426718,11
1431367524913,45810256561058,17,433166504,16,402769191,11
1431367525355,45810670409935,14,354705810,16,396761268,10
1431367525738,45811045226830,16,413848877,16,398897219,10
1431367526524,45811833160179,14,433532715,15,403226656,10
1431367526961,45812286847119,15,374860035,15,399680829,10
1431367527313,45812641552929,17,413848877,15,401451835,10
1431367527691,45813035382275,15,393829346,15,400499023,10
1431367528126,45813469342236,13,413909912,15,402175384,10
1431367528519,45813863202099,14,354736328,15,396245502,11
1431367528878,45814217968945,17,413909912,15,398453553,11
1431367529309,45814652020458,15,413940430,15,400389413,11
1431367529663,45815006787304,16,394195556,15,399615181,11
1431367530056,45815400555615,16,394592286,15,398987319,11
1431367530511,45815853863720,16,393737793,15,398331128,11
1431367530905,45816248425488,16,374908447,15,395403293,11
1431367531279,45816622479443,17,413879394,16,397712805,11
1431367531692,45817036358837,15,393737793,16,397215929,11
1431367532126,45817469952587,17,394195557,16,396838382,11
1431367532481,45817824719433,14,413848877,16,398964694,11
1431367532837,45818179455761,17,394561767,16,398414328,11
1431367533229,45818573620800,14,374053956,15,395369282,11
1431367533624,45818968152050,17,394561767,16,395268342,11
1431367534038,45819382000927,16,413848877,16,397590909,11
1431367534612,45819756085400,17,393768311,16,397113084,11
1431367534807,45820150647167,15,394195556,16,396748393,11
1431367535272,45820544415478,18,394561768,16,396475065,11
1431367535614,45820958264355,15,393737793,16,396132906,11
1431367535993,45821333111767,16,394165039,16,395886922,12
1431367536426,45821766278271,17,413848877,16,398132167,12
1431367536817,45822160729234,14,374370396,16,395161945,12
1431367537230,45822574547593,15,374816895,16,392618814,12
1431367537586,45822929161851,18,413787842,16,395264942,12
1431367537999,45823342980210,16,413726806,16,397572675,12
1431367538394,45823736687486,17,393798828,16,397100944,12
1431367538807,45824150505845,18,374725342,16,394303994,11
1431367539201,45824544579331,16,452819824,16,401618473,11
1431367539615,45824958428208,17,394104004,16,400679164,11
1431367540013,45825352928941,17,413848877,17,402325378,11
1431367540423,45825766716783,17,394439698,17,401339668,11
1431367548097,45826594261949,17,433074951,16,405306578,11
1431367548113,45827008049790,17,413787842,16,406366736,11
1431367548118,45827421837632,15,374359131,16,402365785,11
1431367548123,45827776482408,14,433898926,16,406307428,11
1431367548131,45828190300767,14,354675292,16,399853411,11
1431367548138,45828564263169,14,433105469,16,404009918,11
1431367548147,45829037102525,13,413726807,15,405224529,11
1431367548152,45829431542222,17,394409180,15,403872610,11
1431367548157,45829805535142,15,373992919,15,400137649,11
1431367548164,45830219292466,17,433471680,15,404304403,11
1431367548170,45830633110826,15,374755860,15,400610835,11
1431367548174,45831007439439,16,393676757,16,399744075,11
1431367548180,45831421227281,15,433868409,16,404009617,11
1431367548186,45831894097154,16,393676757,16,402718009,11
1431367548190,45832229081780,17,394127693,16,401644220,11
1431367548195,45832642839104,16,413726807,16,403154543,11
1431367548203,45833451066643,18,413757324,16,404479891,11
1431367548544,45833884202630,15,413787842,16,405643384,11
1431367548914,45834258561761,17,393707275,16,404151371,11
1431367549368,45834711808831,15,394104004,16,402895450,11
1431367549743,45835086137444,18,433502197,16,406721293,11
1431367550137,45835480241448,17,413757325,16,407600797,11
1431367550590,45835933732659,16,413726806,16,408366548,11
1431367551864,45836741136224,13,413757325,15,409040395,11
1431367551870,45837154954583,14,394073486,15,407169531,11
1431367553185,45837548967034,18,413726807,15,407989191,11
1431367553217,45837962693841,15,394439697,15,406295504,11
1431367553222,45838357103020,15,413726807,15,407224417,11
1431367553446,45838790177972,13,393646240,15,405527145,11
1431367553930,45839164537102,14,413757324,15,406555917,11
1431367554255,45839558610589,13,394073486,15,404995613,11
1431367554648,45839992051751,14,394439698,15,403676124,11
1431367554984,45840327012688,14,433074951,14,407350977,11
1431367555437,45840780534417,14,374359131,14,403226996,11
1431367556939,45842041165118,11,394409180,13,402124769,11
1431367557088,45842415493731,13,413767908,13,403580161,11
1431367557546,45842829220538,13,413726807,13,404848492,11
1431367557912,45843223202472,15,393585205,13,403440581,11
1431367558295,45843617550616,14,413696289,13,404722545,11
1431367558701,45844031277423,16,413696289,14,405844263,11
1431367559139,45844444973712,14,394042969,14,404369101,11
1431367559510,45844838558917,16,413696289,14,405534999,11
1431367559900,45845213223224,16,394348144,14,404136642,10
1431367560327,45845646237140,13,433013916,14,407746301,11
1431367560684,45846020504718,16,374267578,14,403561461,11
1431367561079,45846414486651,16,413696289,15,404828314,11
1431367561548,45846847897296,15,374633789,15,401053999,11
1431367561901,45847222470050,16,413635254,15,402626655,11
1431367562353,45847655392413,15,413635254,15,404002730,11
1431367562733,45848049679522,17,373809815,15,400228616,11
1431367563120,45848463284259,16,413604736,15,401900631,11
1431367563527,45848837033038,19,413574219,16,403359829,11
1431367563894,45849211209063,16,413543701,16,404632813,11
1431367564341,45849683865313,17,394256592,16,403335785,11
1431367564773,45850117489581,17,413543701,16,404611775,11
1431367565147,45850491268878,17,432891846,16,408146784,11
1431367565591,45850904812579,17,413513183,16,408817584,11
1431367566000,45851318325763,16,394195557,16,406989830,11
1431367566416,45851751522784,15,413574219,16,407812879,11
1431367566832,45852145322361,15,413452897,16,408517881,11
1431367567214,45852539548435,15,393463134,16,406636037,11
1431367567592,45852932981052,16,393798829,16,405031386,11
1431367568058,45853385953464,14,394256591,16,403684537,11
1431367568412,45853740354099,17,413574219,16,404920747,11
1431367568811,45854153928318,16,393402100,16,403480916,11
1431367569277,45854587064304,16,413482666,16,404731135,11
1431367569698,45855000608005,15,413543701,16,405832706,11
1431367570032,45855375119724,14,413513184,16,406792765,11
1431367570476,45855788602390,14,393829345,15,405172338,11
1431367571154,45856497403660,14,374481201,15,401335946,11
1431367571558,45856851834812,13,373718262,15,397883735,11
1431367572003,45857324338474,13,413452148,14,399829787,11
1431367572357,45857698026218,13,394134522,14,399117878,11
1431367572772,45858111447849,15,354400634,14,393528223,11
1431367573102,45858446469822,17,432708741,15,398425788,11
1431367573516,45858859921970,18,354370117,15,392918829,11
1431367573890,45859233579197,17,374023437,15,390556905,11
1431367574301,45859627652683,15,413391114,15,393411181,11
1431367574641,45859981992283,15,374420166,15,391037304,11
1431367575134,45860473722019,12,373657226,15,388864794,11
1431367575406,45860749692478,16,413330078,15,391922954,11
1431367575839,45861182340183,15,394073487,15,392191771,11
1431367576257,45861595731296,16,393280029,15,392327803,11
1431367576567,45861910672703,14,393707275,15,392500237,11
1431367577019,45862363452082,14,413381187,15,395110356,11
1431367577433,45862776904231,14,374053955,15,392478306,11
1431367577808,45863150927668,13,413452148,15,395100036,11
1431367578201,45863544695979,17,374420166,15,392515052,11
1431367578596,45863938830500,16,393341065,15,392618304,11
1431367579011,45864352191096,14,393768310,15,392762054,11
1431367579459,45864725878840,15,394073487,15,392925983,11
1431367579757,45865099871760,17,373657226,15,390517389,11
1431367580152,45865493640071,14,413391113,15,393376604,11
1431367581302,45866635516291,12,491821289,14,394957096,11
1431367581709,45867029254084,15,413391113,14,397261348,11
1431367582085,45867403338557,12,394195557,14,396878124,11
1431367582443,45867777850276,13,334289550,14,389054552,11
1431367582849,45868191363459,13,413513184,14,392111881,11
1431367583199,45868525683528,16,374542236,14,389915675,11
1431367583605,45868919512873,14,393432618,14,390355293,11
1431367583940,45869273974543,16,374481201,14,388371032,11
1431367584432,45869727221613,16,373748779,14,386543250,11
1431367584781,45870100939875,17,394165039,15,387495974,11
1431367585162,45870495104914,13,413513184,14,390748125,11
1431367585616,45870908526545,13,413421631,14,393582313,11
1431367585915,45871242938166,15,373748779,14,391103121,11
1431367586344,45871676531916,15,413513183,14,393904379,11
1431367586809,45872069971760,13,374114991,14,391430705,11
1431367587148,45872463801106,15,413520410,14,394191918,11
1431367587552,45872877283772,15,393859864,14,394150411,11
1431367587964,45873251398762,15,374084472,15,391642169,11
1431367588334,45873664881428,15,393798828,15,391911751,11
1431367588715,45874039362630,15,394134522,15,392189598,11
1431367589537,45874846338948,14,393829346,14,392394566,11
1431367589952,45875259882649,14,413513183,14,395034393,11
1431367590302,45875634363850,15,413482666,14,397340427,11
1431367591098,45876441279133,17,374481201,14,394483024,11
1431367591496,45876815851887,12,413513184,14,396861794,11
1431367591898,45877229365071,13,393493652,14,396440776,11
1431367592273,45877603113850,14,374511719,14,393699644,11
1431367592750,45878036341389,14,432830811,14,398591040,11
1431367593123,45878430201253,14,374145507,14,395535348,11
1431367593492,45878824457844,14,413574219,14,397790207,11
1431367593867,45879198237141,14,374542237,14,394884211,11
1431367594713,45880025477132,12,334838867,13,387378543,11
1431367595056,45880399531087,11,413574219,13,390653002,11
1431367595461,45880793421467,13,413543701,13,393514339,11
1431367595921,45881187647542,14,374145508,13,391093235,11
1431367596218,45881561457356,12,393890380,13,391442878,11
1431367596631,45881975011653,15,394226075,13,391790778,11
1431367596967,45882310155696,14,373789892,13,389540667,11
1431367597400,45882743017024,16,394195557,14,390122528,11
1431367597793,45883137243099,16,373809815,14,388083439,11
1431367598168,45883511022395,16,413574218,14,391269786,11
1431367598542,45883885167903,15,374145508,14,389129251,11
1431367598955,45884298681087,14,393859863,14,389720578,11
1431367599765,45885106115169,14,394256592,14,390287580,11
1431367601332,45885913884944,13,354431152,13,385805526,11
1431367601337,45886268346614,15,393493653,14,386766542,11
1431367601343,45886661748714,16,393859863,14,387653207,11
1431367602047,45887095342464,13,394165039,14,388467186,11
1431367602232,45887508825130,14,393402100,14,389084050,11
1431367602538,45887882573909,13,413482666,14,392133877,11
1431367602977,45888256719417,14,413513183,14,394806290,11
1431367603296,45888611150569,14,393859863,14,394687987,11
1431367603770,45889083654231,14,374084473,14,392112547,11
1431367604218,45889556218929,14,413482666,14,394783812,11
1431367604568,45889890996761,14,433532715,14,399627425,11
1431367604939,45890265111751,16,373779297,14,396396409,11
1431367605321,45890619542903,15,394195557,14,396121302,11
1431367606174,45891485997981,14,433166504,14,400751953,11
1431367606518,45891840459651,16,393829346,14,399886627,11
1431367607018,45892293788648,16,413595109,14,401600187,11
1431367607776,45893081142163,12,413543701,14,403093126,11
1431367608141,45893455318189,14,413574218,14,404403263,11
1431367608576,45893908260083,16,413543702,14,405545817,11
1431367609009,45894341518140,13,393493652,14,404039297,11
1431367609394,45894735378003,14,413574219,14,405231162,11
1431367609822,45895129634595,14,413543701,14,406270229,11
1431367610209,45895543208814,15,393859863,14,404718933,11
1431367610607,45895936702466,14,394287110,14,403414955,11
1431367611021,45896350246167,15,393493652,14,402174792,11
1431367611456,45896763789869,15,413513184,14,403592091,11
1431367611825,45897157649732,18,433593750,15,407342299,11
1431367612262,45897571162915,14,393493652,15,405611218,11
1431367612695,45897965419507,18,433654785,15,409116664,11
1431367613097,45898398341870,15,413574219,15,409673858,10
1431367613511,45898811885572,15,413543701,15,410157588,11
1431367613898,45899206050611,15,393463135,15,408070782,11
1431367614334,45899638911939,14,413482666,15,408747267,11
1431367614715,45900052425122,14,413543701,15,409346821,11
1431367615127,45900446712232,14,413543701,15,409871431,11
1431367615933,45901273769117,14,433258057,14,412794759,11
1431367616767,45902080792938,11,413543701,13,412888377,11
1431367617168,45902494367157,13,432908831,13,415390934,10
1431367617554,45902888257538,15,394256592,13,412749141,10
1431367617947,45903282514129,13,413574219,13,412852276,10
1431367618438,45903715375458,13,413543701,13,412938704,10
1431367618786,45904128949676,12,393493652,13,410508072,10
1431367619179,45904523206268,15,413574219,13,410891340,10
1431367619612,45904956098114,14,433654785,14,413736771,10
1431367620008,45905350324188,15,393493652,14,411206381,10
1431367620364,45905704816376,13,393890381,14,409041881,10
1431367620757,45906098279510,15,413482666,14,409596979,10
1431367621227,45906570935760,12,394256592,14,407679431,11
1431367621641,45906984418426,14,373779297,14,403441914,11
1431367622017,45907358899628,12,472564697,13,412082262,11
1431367622823,45908165753876,13,373748780,13,407290576,11
1431367623237,45908579267059,17,433197021,14,410528882,11
1431367623651,45908992871795,13,413543701,14,410905734,11
1431367624085,45909426435028,17,393859863,14,408775000,11
1431367624498,45909840009247,15,394226075,14,406956385,11
1431367624895,45910233472381,16,432861328,14,410194502,11
1431367625271,45910608014618,14,394256592,14,408202264,11
1431367625699,45911040967499,12,413543701,14,408869943,11
1431367626165,45911454541717,13,393554687,14,406955536,11
1431367626511,45911848767792,13,413574219,14,407782871,11
1431367627300,45912577096081,11,393981934,13,406057754,11
1431367627711,45913049752331,13,394195556,13,404574979,11
1431367628129,45913463265515,16,373748780,13,400721704,11
1431367628538,45913857522107,15,433319092,13,404796378,11
1431367628954,45914271096325,13,393829345,13,403425499,11
1431367629283,45914625527478,14,394226074,14,402275570,11
1431367629737,45915058419323,15,393493653,14,401177831,11
1431367630160,45915472024060,12,413543701,14,402723564,11
1431367630523,45915846230603,16,393920898,14,401623231,11
1431367630948,45916279915905,15,394287110,14,400706216,11
1431367631311,45916653756237,17,432891845,14,404729419,11
1431367631724,45917067391491,18,394348145,15,403431760,11
1431367632159,45917500710583,16,393615723,15,402204755,11
1431367632533,45917875374890,15,393890381,15,401165459,11
1431367632966,45918308358288,15,433349609,15,405188477,11
1431367633360,45918702736950,16,374725342,15,401380585,11
1431367633755,45919096322155,15,413635254,15,402912419,11
1431367634166,45919510048962,15,413696289,15,404260403,11
1431367634528,45919864602185,17,393585205,15,402926003,11
1431367634983,45920317696667,16,413696289,15,404272288,11
1431367635328,45920672249890,17,413635254,16,405442659,11
1431367635802,45921145089245,17,413787841,16,406485807,11
1431367636225,45921558693982,14,433715821,16,409889559,11
1431367636970,45922307608881,15,393964948,15,407898982,11
1431367637786,45923114859857,16,393585205,15,406109760,11
1431367638205,45923548636713,15,393981934,15,404593782,11
1431367638579,45923922568597,17,413696289,15,405731595,12
1431367639092,45924435172357,13,413726806,15,406730996,12
1431367639406,45924749991693,14,413665772,15,407597843,12
1431367639827,45925163718500,17,394439697,15,405953075,12
1431367640274,45925617179193,16,413696289,15,406920977,12
1431367640688,45926030906000,16,433044434,15,410186409,12
1431367641061,45926404868402,17,413665771,16,410621329,12
1431367641494,45926838248529,16,413757324,16,411013328,12
1431367641850,45927192862787,17,374267578,16,406420109,12
1431367642342,45927685782709,17,453125000,16,412258221,12
1431367642679,45928020316400,14,413757325,16,412445609,12
1431367643170,45928513236322,15,394409179,15,410191055,12
1431367643484,45928828116693,17,393646241,16,408122953,12
1431367643998,45929340812006,15,433868408,16,411341135,12
1431367644332,45929675376215,16,393707275,16,409136902,12
1431367644765,45930109275140,17,413818360,16,409722084,12
1431367645120,45930463950433,16,394104003,16,407769824,12
1431367645514,45930857688226,14,394439698,16,406103558,12
1431367645987,45931330558099,16,433105468,16,409478797,12
1431367646362,45931705344476,16,394500733,16,407606539,12
1431367646815,45932158101907,14,374023437,15,403408651,12
1431367647170,45932512746682,18,433378769,16,407154916,12
1431367647543,45932887563577,16,394073486,16,405519737,12
1431367648018,45933360372415,16,433502198,16,409017545,12
1431367648391,45933734365335,18,394073486,16,407149537,12
1431367648844,45934187948098,18,413787842,16,407979325,12
1431367649336,45934680166116,15,413757324,16,408701575,12
1431367649714,45935054555764,16,433502197,16,411801653,12
1431367650052,45935389577737,17,394134522,16,409593261,12
1431367650488,45935823079934,17,413818359,17,410121398,12
1431367650835,45936177755227,15,413787842,16,410579704,12
1431367651327,45936670766702,15,394439697,16,408562203,12
1431367651684,45937025411477,16,433105469,16,411630111,12
1431367652193,45937537343850,18,413818359,16,411903642,12
1431367652548,45937892019143,18,453582764,17,417113532,12
1431367653243,45938325948587,16,393676758,16,414183935,12
1431367653375,45938719686380,18,413848877,17,414142053,12
1431367653829,45939172963968,15,394165039,17,411644926,12
1431367654186,45939527700296,16,413848877,16,411920420,11
1431367659875,45940336019388,19,413848877,17,412161477,11
1431367659881,45940808919778,16,394439697,16,409946254,11
1431367659885,45941123830667,15,413757324,16,410422638,11
1431367659892,45941596731057,15,413818359,16,410847103,11
1431367659897,45941971104006,16,433135987,16,413633214,12
1431367659903,45942405033450,17,374403466,16,408729495,11
1431367659907,45942798801760,16,413848877,16,409369418,12
1431367659914,45943232700686,16,433929443,16,412439421,12
1431367659920,45943567325930,15,374023438,16,407637423,12
1431367659926,45944079624514,15,413787842,16,408406225,12
1431367659932,45944474094729,18,453582763,16,414053292,12
1431367659936,45944848118166,15,393707276,16,411510040,11
1431367660398,45945734897952,14,413818359,15,411798580,11
1431367660839,45946168369631,15,394134522,15,409590573,11
1431367661185,45946503391604,13,433532714,15,412583340,11
1431367661578,45946917209963,17,394165039,15,410281053,11
1431367662108,45947409824709,14,433471680,15,413179881,11
1431367662429,45947764469485,17,413757324,15,413252061,11
1431367662863,45948198368411,16,413818360,15,413322849,11
1431367663275,45948612095217,16,413726806,15,413373343,11
1431367663768,45949084934573,17,433837891,16,415931412,11
1431367664122,45949458835940,18,433013916,16,418066725,11
1431367664509,45949853214602,15,413726807,16,417524235,11
1431367665283,45950621433596,16,394317627,16,407739292,12
1431367665677,45951015049319,16,413665771,16,408480102,12
1431367666148,45951487858157,19,413696289,16,409132125,12
1431367666541,45951862522463,16,413696289,16,409702646,12
1431367667018,45952335339630,17,413735136,16,410206707,12
1431367667326,45952669873322,16,413665772,16,410639090,12
1431367667843,45953142651642,16,413726806,16,411025054,12
1431367668201,45953517346466,15,413696289,16,411358959,12
1431367668635,45953931103790,16,413757324,16,411658754,12
1431367669009,45954344830597,16,413726807,16,411917261,12
1431367669451,45954777905548,15,413726807,16,412143454,12
1431367670582,45955920453156,16,394317627,15,409915226,12
1431367670996,45956334149445,15,393615723,15,407877788,12
1431367671409,45956728192413,17,394073486,16,406152250,12
1431367671806,45957141919220,16,394348145,16,404676737,12
1431367672640,45957950024689,15,373931885,15,400833630,12
1431367672943,45958284558380,15,394439697,15,400034388,12
1431367673447,45958718396271,14,393646241,15,399235870,12
1431367673803,45959111981476,15,433807373,15,403557308,12
1431367674200,45959525616730,14,373901367,15,399850315,12
1431367674564,45959900281036,17,433319092,15,404033912,12
1431367675050,45960373120392,17,393981933,15,402777415,12
1431367675438,45960766675079,17,413696289,16,404142274,12
1431367675860,45961200421417,14,413696289,15,405336526,12
1431367676269,45961614026154,13,413604737,15,406370052,11
1431367676673,45962007500658,15,394256591,15,404855869,11
1431367677096,45962421105394,16,472667620,15,413332338,11
1431367677471,45962815087328,14,354553223,15,405984949,11
1431367677795,45963130181322,15,373809814,15,401963057,11
1431367678683,45963996819506,13,433258056,14,405874932,11
1431367679924,45965257439623,10,334869384,13,396999238,11
1431367680307,45965632103929,9,413635254,12,399078740,11
1431367680715,45966025658617,13,374267578,12,395977345,11
1431367680986,45966321129808,14,393920899,13,395720289,11
1431367681482,45966774132738,12,413665771,13,397963474,11
1431367681809,45967128624926,18,374176026,13,394990043,11
1431367682281,45967621026049,17,433685302,14,399826950,11
1431367682689,45968014946947,16,413604737,14,401549174,11
1431367683096,45968389184008,15,373870849,14,398089383,11
1431367683513,45968822838793,16,433258057,14,402485467,11
1431367683884,45969216393480,15,393951416,14,401418711,11
1431367684324,45969650139818,11,433349609,14,405410073,11
1431367684739,45970063775072,15,393951416,14,403977741,11
1431367685143,45970457299242,14,394287110,14,402766412,11
1431367685449,45970792199144,14,393554687,14,401614946,11
1431367687125,45972466482758,13,393949141,14,400656720,12
1431367687499,45972841147065,17,433349609,14,404743331,12
1431367687911,45973254751801,19,413635254,15,405854822,12
1431367688325,45973668356537,18,413604736,15,406823561,11
1431367688739,45974081961274,18,393920899,15,405210728,11
1431367689152,45974495566010,18,433258056,16,408716644,11
1431367689584,45974928488373,17,413635254,16,409331470,11
1431367690263,45975322836518,18,393920899,16,407405149,11
1431367690372,45975716299653,16,413574218,16,408176282,11
1431367691307,45976129904389,17,413604737,16,408854839,11
1431367691312,45976543417572,18,413543701,16,409440947,11
1431367691594,45976937338471,18,413604736,17,409961420,11
1431367692027,45977370657563,18,394287110,17,408002132,11
1431367692442,45977784292817,14,413665771,16,408710086,11
1431367692795,45978138876557,16,393524170,16,406811847,11
1431367693229,45978572622895,16,393981934,16,405208108,11
1431367693623,45978966208100,16,413665771,16,406265315,11
1431367694076,45979399923920,16,394317627,16,404771854,11
1431367694616,45979793478608,17,432983398,16,408298297,11
1431367694844,45980187521576,18,413696289,17,408973046,11
1431367695257,45980601248383,18,394378663,17,407148748,11
1431367695691,45981034689545,17,413757324,17,407974820,11
1431367696084,45981428701996,17,393646240,17,406183748,11
1431367696479,45981823111176,18,413726807,17,407126630,11
1431367696873,45982216706275,17,413675665,17,407945259,11
1431367697326,45982669861793,16,413726807,17,408667953,11
1431367697720,45983064209937,18,413726806,17,409300309,11
1431367698154,45983497223853,18,433776856,17,412359878,11
1431367698587,45983930542945,16,413635254,17,412519300,11
1431367698981,45984324524879,17,413635254,17,412658794,11
1431367699394,45984738160132,18,433044433,17,415206999,11
1431367699768,45985112427711,17,394256592,17,412588198,11
1431367700244,45985585175513,17,413696289,17,412726709,11
1431367700714,45985979187964,17,413635254,17,412840277,11
1431367703901,45986432648658,17,433044434,17,415365797,11
1431367703908,45986826264381,17,394378662,17,412742405,11
1431367703918,45987594574927,16,394012451,17,410401160,11
1431367703924,45988028321265,18,433410645,17,413277346,11
1431367703931,45988421967506,18,394012451,17,410869234,11
1431367703936,45988835602759,17,413635254,17,411214986,11
1431367703940,45989210297584,17,394409179,17,409114260,11
1431367704321,45989662964820,18,432983399,17,412097903,11
1431367704713,45990056946754,17,394317627,17,409875368,11
1431367705146,45990490265845,18,432983398,17,412763872,11
1431367705760,45990903992652,17,433380127,17,415340904,11
1431367706821,45991337738990,18,433715820,17,417637768,11
1431367706828,45991770752906,18,413665772,17,417141269,11
1431367707717,45992224106419,18,432998288,17,419123396,11
1431367707722,45992598007786,17,413635254,17,418437378,11
1431367707727,45993031296360,17,413665772,17,417840927,11
1431367708495,45993838883030,16,413635254,17,417315218,11
1431367709342,45994685776341,17,432922363,17,419266111,12
1431367709717,45995060379612,17,394287110,17,416143736,12
1431367710150,45995493301976,17,413574218,17,415822546,12
1431367710523,45995867569554,17,393585205,17,413042878,12
1431367711351,45996694870579,18,373901367,17,408150189,12
1431367711785,45997128525364,16,433288574,17,411292487,12
1431367712179,45997522110569,17,393951416,17,409124853,12
1431367712592,45997935654271,17,433288574,17,412145318,12
1431367713006,45998349259007,16,413574219,17,412323931,12
1431367713419,45998762802708,18,413543701,17,412476402,12
1431367713835,45999176346409,17,413574219,17,412613629,12
1431367714267,45999610031712,17,413513184,17,412726073,12
1431367715488,46000830612767,16,393859864,17,410367797,12
1431367716294,46001637985813,17,394195557,16,408346267,12
1431367716728,46002071180702,18,413543701,17,408995946,12
1431367717143,46002484785438,17,432889713,17,411982667,12
1431367717554,46002898268104,16,413513183,17,412173982,12
1431367717968,46003311842323,17,394195557,17,409926678,12
1431367718441,46003764723182,16,432861328,17,412793510,12
1431367718859,46004138868690,17,433197021,17,415343948,12
1431367719202,46004532698036,16,393829346,17,412654623,12
1431367719603,46004946241737,17,394256592,17,410354869,12
1431367720036,46005379408241,17,452484131,17,415621027,12
1431367720449,46005793012977,18,393859863,17,412900881,12
1431367720922,46006265577675,18,433227539,17,415441713,11
1431367721316,46006659468055,18,433624268,17,417714533,11
1431367721749,46007092695595,18,432891845,17,419611697,11
1431367722162,46007506269813,19,413513184,17,418849382,11
1431367722615,46007959242225,18,433258057,18,420650467,11
1431367723010,46008353529335,18,413604736,18,419769750,11
1431367723443,46008786390663,17,433746338,18,421516824,11
1431367723897,46009239698768,16,432800293,17,422927257,11
1431367724289,46009633192421,17,394226074,17,419339609,11
1431367725150,46010480268837,15,433197021,17,421071786,11
1431367725569,46010913069130,17,413482666,17,420123146,11
1431367725966,46011307234169,18,433563233,17,421803157,11
1431367726378,46011720747352,18,413482666,17,420763095,11
1431367726829,46012173218586,18,432787396,17,422266133,11
1431367727223,46012567047932,18,413543701,17,421175829,11
1431367727657,46013000214436,17,413482666,17,420214183,11
1431367728090,46013433838703,18,433197021,17,421837038,11
1431367728523,46013866638996,17,433563233,17,423302812,11
1431367728937,46014280152180,18,413543701,17,422082923,11
1431367729390,46014733399250,17,432800293,17,423422594,11
1431367729785,46015126892903,18,413543701,17,422187733,11
1431367730242,46015579804280,17,453277588,17,426073965,11
1431367730669,46016013031819,17,413604736,17,424515311,11
1431367731104,46016446656086,17,432769776,17,425547119,11
1431367731517,46016860199787,17,413604736,17,424054321,11
1431367731911,46017253632405,18,433166504,17,425193344,11
1431367732363,46017706543782,17,393859863,17,421276659,11
1431367732838,46018139740803,18,453247070,17,425272960,11
1431367733624,46018966736653,17,432800293,17,426213877,11
1431367734018,46019360596516,17,374145507,17,419705330,11
1431367734471,46019813904621,18,433624268,17,421445197,11
1431367734885,46020227448323,18,432830810,17,422868399,11
1431367735298,46020640992024,18,433258057,17,424167106,11
1431367735713,46021054566242,18,413543701,17,422839180,11
1431367736144,46021487458088,19,433654785,18,424191131,11
1431367736600,46021940901403,17,413635254,18,422871646,11
1431367736995,46022334456090,18,413648393,18,421718740,11
1431367737386,46022728376989,18,413604737,18,420704489,11
1431367737842,46023181715612,19,432891845,18,422227909,11
1431367738261,46023595320348,18,433319092,18,423614306,11
1431367738706,46024047926549,18,433654785,18,424869366,11
1431367739114,46024441847448,18,413604737,18,423461287,11
1431367739945,46025288771276,18,413635254,18,422233033,11
1431367740402,46025741804723,17,433288574,18,423614976,11
1431367740851,46026175123815,18,433746338,18,424881396,11
1431367741245,46026588698034,17,432952881,18,425890332,11
1431367741678,46027022413854,17,413574218,18,424350817,11
1431367742087,46027415968542,17,433319092,17,425471852,11
1431367742485,46027829603796,17,393920899,17,421527982,11
1431367743333,46028677076940,18,413726807,17,420552835,11
1431367743747,46029090773229,17,433776855,17,422205838,11
1431367744161,46029504469518,17,393615723,17,418632073,11
1431367744665,46029977278356,17,433837890,17,420532800,11
1431367745009,46030351240758,17,433013917,17,422092940,11
1431367745441,46030784620885,17,433380126,17,423503838,11
1431367745874,46031218428258,18,413726807,17,422281709,11
1431367746308,46031651442174,18,433807373,17,423722417,11
1431367746721,46032065146458,17,413665772,17,422465336,11
1431367747156,46032498526585,17,413704284,17,421370205,11
1431367747589,46032932333958,16,433044433,17,422829483,11
1431367748002,46033346060765,16,433380127,17,424148314,11
1431367749560,46034212454808,17,453094483,17,427766585,11
1431367749568,46034606497777,17,413726806,17,426011612,11
1431367752392,46035098990453,18,413726807,17,424476012,11
1431367752427,46035453604710,17,453491211,17,428102911,11
1431367752440,46035926383031,19,413696289,17,426302084,11
1431367752446,46036340079320,17,433013916,17,427141063,11
1431367752451,46036773856175,17,433380127,17,427920946,11
1431367752457,46037187552464,17,393981934,17,423678569,11
1431367752462,46037601279271,17,453613281,17,427420408,11
1431367752671,46038015036595,17,413635254,17,425697264,11
1431367753124,46038467764867,18,433044433,17,426615660,11
1431367753538,46038881461156,18,413696289,17,425000738,11
1431367753972,46039315207494,18,433410645,18,426051977,11
1431367754385,46039728964818,18,413696289,18,424507516,11
1431367754818,46040161948216,19,433776855,18,425666183,11
1431367755253,46040595297826,18,413696290,18,424169946,11
1431367755685,46041029074681,18,452636718,18,427728293,11
1431367756098,46041442709935,19,433746338,18,428480548,11
1431367756553,46041895407689,18,413696289,18,426632516,11
1431367756965,46042309071689,19,433012145,18,427429969,11
1431367757379,46042722737461,18,413665772,18,425709445,11
1431367757812,46043156422764,20,433288574,18,426656836,11
1431367758226,46043570027500,18,433715820,18,427539209,11
1431367758679,46044022664219,18,432922364,18,428212103,11
1431367759092,46044436299473,18,433349609,18,428854291,11
1431367759506,46044849965244,18,413635254,18,426951912,11
1431367760333,46045677144199,18,393890381,18,422819220,11
1431367760747,46046090718418,18,433288574,18,424127889,11
1431367761180,46046524373203,19,413574219,18,422808680,11
1431367761594,46046937977939,19,413574219,18,421654373,11
1431367762421,46047765065342,18,452972413,18,425569128,11
1431367762854,46048198018223,18,394226074,18,421651246,11
1431367763307,46048651265293,18,432891845,18,423056321,11
1431367763701,46049044758945,19,433227540,18,424327723,11
1431367764154,46049497700840,19,413543701,18,422979720,11
1431367764549,46049891957432,20,413574218,18,421804032,11
1431367764981,46050324818760,18,433624268,18,423281562,11
1431367765394,46050738362461,19,413574219,18,422068144,11
1431367765898,46051151875645,18,413482666,18,420994959,11
1431367766241,46051585103184,18,413574219,18,420067367,11
1431367767069,46052412196967,18,413519564,18,419248891,11
1431367767502,46052845912787,17,433319092,18,421007666,11
1431367767931,46053259487006,18,413604736,18,420082300,11
1431367768310,46053653041693,18,413635254,18,419276419,11
1431367768764,46054106014105,19,433624268,18,421069900,11
1431367769608,46054952846381,17,413513183,18,420125310,11
1431367770456,46055800014349,18,413574218,18,419306424,11
1431367770884,46056213619086,18,433258057,18,421050378,11
1431367771343,46056686305853,17,433746338,18,422637373,11
1431367771716,46057060085150,17,413543701,17,421500664,11
1431367772130,46057473659369,19,432861328,18,422920747,11
1431367772602,46057946254584,18,433227539,18,424209096,11
1431367773020,46058359828802,16,433654785,18,425389807,11
1431367773430,46058773311468,16,393432618,17,421395158,11
1431367773844,46059186824652,17,433563232,17,422916167,11
1431367774237,46059580989691,16,393402100,17,419226909,11
1431367774633,46059974452826,17,413543701,17,418516508,11
1431367775104,46060447048041,17,433593750,17,420401163,11
1431367775520,46060860530707,17,413513183,17,419540165,11
1431367775915,46061254329535,19,413452149,17,418779163,11
1431367776334,46061667873236,18,413513183,18,418120916,11
1431367776780,46062121118699,19,452545166,18,422423947,11
1431367777191,46062534662401,19,413481059,18,421306086,11
1431367777628,46062967493211,17,433624268,18,422845859,11
1431367778057,46063400690233,17,413482666,18,421675459,11
1431367778483,46063814233934,18,432861328,18,423073693,11
1431367778905,46064247888719,18,413574219,18,421886259,11
1431367779327,46064661432420,17,413513183,18,420839624,11
1431367779725,46065054956590,18,413604737,18,419935263,11
1431367780174,46065507898485,17,433227539,18,421596798,11
1431367780559,46065902155076,17,393890381,18,418133495,11
1431367780993,46066335077440,16,433288574,17,420027880,11
1431367781378,46066709314500,17,413635254,17,419228802,11
1431367781843,46067182001268,18,452972412,17,423446753,11
1431367782266,46067595667039,18,413665771,18,422224130,11
1431367782699,46068029321824,17,433319092,18,423611000,11
1431367783103,46068442987596,17,393951416,17,419903552,11
1431367783926,46069270227586,16,413665771,17,419123830,11
1431367784359,46069703180467,17,413604737,17,418433943,12
1431367784773,46070116846238,16,413635254,17,417834107,12
1431367785206,46070550195848,16,432983398,17,419727768,12
1431367785601,46070944208299,16,413726807,17,418977648,12
1431367785996,46071338556443,19,394317627,17,415895145,12
1431367786419,46071752283250,18,393646240,17,413114032,12
1431367786842,46072185263542,17,413696289,17,413186814,12
1431367787255,46072598959831,18,413662664,17,413246295,12
1431367787692,46073032309440,16,433746338,17,415808801,12
1431367788103,46073446036247,17,393615723,17,413034666,12
1431367788511,46073840048698,17,433776855,17,415627439,11
1431367788892,46074234427360,16,413726807,17,415389860,11
1431367789377,46074707266715,17,413757324,17,415185793,11
1431367790628,46075967825797,16,433410644,16,417463899,11
1431367791018,46076362234977,16,433898926,16,419518278,11
1431367791491,46076835104850,17,413757324,16,418798158,11
1431367791885,46077228720573,16,433044434,16,420578943,11
1431367792309,46077603476432,18,394409180,16,417307722,11
1431367792719,46078056265739,16,433105468,16,419282441,11
1431367793093,46078431021598,16,413818360,16,418599430,11
1431367793584,46078923239616,16,433410644,16,420450832,11
1431367793993,46079336966422,16,433837891,16,422124214,11
1431367794804,46080145224479,15,413818359,16,421085982,11
1431367795217,46080559073356,15,433898926,16,422687600,12
1431367795638,46080972983268,17,393768311,16,419072689,12
1431367796062,46081406119254,16,433929443,16,420929783,12
1431367796459,46081800650504,17,393798828,16,417538414,11
1431367796892,46082233940431,16,433961313,16,419591276,11
1431367797284,46082628563234,17,414001465,16,418892550,11
1431367797742,46083081627199,17,433288574,16,420692053,11
1431367798114,46083456474611,18,394622803,16,417433396,11
1431367798569,46083909355470,16,433197022,16,419403850,11
1431367798959,46084303520509,16,394561767,16,416298589,11
1431367799402,46084737114259,17,452880860,16,420871373,12
1431367799808,46085151024171,17,413909912,16,420001190,12
1431367800262,46085604332277,17,433959961,16,421746037,12
1431367800733,46086077446290,16,413970947,16,420774150,12
1431367801128,46086472069093,17,433319092,16,422342268,12
1431367801549,46086865989992,17,433715820,17,423763962,12
1431367801976,46087319359132,18,434020996,17,425046091,12
1431367802372,46087714042970,17,414001465,17,423665513,12
1431367802845,46088187095949,18,433319092,17,424872210,12
1431367803248,46088581016847,17,413909912,17,423501923,12
1431367803690,46089034263917,17,453735351,17,427281101,12
1431367804086,46089428917238,18,413909913,17,425609703,12
1431367804539,46089881950685,19,433349609,17,426577191,12
1431367804952,46090296043703,17,414001465,17,425005225,12
1431367805427,46090769188234,19,453857422,17,428611750,12
1431367805812,46091144249269,17,414093017,17,426796908,11
1431367806283,46091617454835,18,433380127,17,427619810,12
1431367806669,46092011395224,17,414062500,17,425925146,12
1431367807121,46092464886435,18,433765829,17,426905232,12
1431367807477,46092819805869,17,414062500,17,425299890,12
1431367807949,46093292950400,17,434112548,17,426401472,12
1431367808813,46094140759238,16,434173584,17,427372986,12
1431367809183,46094515820273,17,393920899,17,423191475,12
1431367809625,46094968853721,18,453491211,17,426978942,12
1431367810019,46095363201865,17,394653320,17,422938239,12
1431367810473,46095817028769,16,453094483,17,426707770,12
1431367810868,46096210949668,16,414031982,17,425123296,12
1431367811336,46096645062217,17,414001465,17,423733067,12
1431367811726,46097059063681,16,434143066,17,425034317,12
1431367812191,46097532208213,18,433288574,17,426066099,12
1431367812586,46097926159629,17,414062500,17,424565649,12
1431367813036,46098379620322,16,453857422,17,428227121,12
1431367813883,46099227490195,17,433410645,17,428875061,12
1431367814287,46099621899375,17,394744873,17,424608788,12
1431367814706,46100035961875,16,433441162,17,425712834,12
1431367815134,46100469738730,16,394744873,17,421841839,12
1431367815566,46100903881797,18,433349609,17,423280310,12
1431367815974,46101317944297,16,414062500,17,422128084,12
1431367816430,46101771099814,17,453887940,17,426098066,12
1431367816832,46102165462915,19,414123535,17,424601249,11
1431367817270,46102599270288,19,433395084,17,425700479,12
1431367817702,46103033474390,19,433837890,17,426717655,12
1431367818134,46103466915552,18,434173584,17,427649646,12
1431367818518,46103861690943,17,414123535,17,425958882,12
1431367818972,46104314876978,16,414093018,17,424475649,12
1431367819365,46104709286158,16,414184570,17,423189264,12
1431367819822,46105163174097,16,414093018,17,422052233,12
1431367820251,46105577267115,17,433410644,17,423472035,12
1431367820630,46105971218531,17,394744873,17,419881139,12
1431367821005,46106346310083,17,414093018,17,419157624,12
1431367821444,46106779781763,17,433502197,17,420950696,12
1431367822296,46107627865259,18,414184570,17,420104930,11
1431367822689,46108022335474,17,414215088,17,419368700,11
1431367823113,46108456203882,16,433502197,17,421135387,11
1431367823552,46108890530054,17,414215088,17,420270349,11
1431367823921,46109264950220,18,394866944,17,417094924,11
1431367824358,46109698879663,17,433563232,17,419153462,11
1431367824819,46110152492945,17,414184570,17,418532350,11
1431367825204,46110547298853,17,414154053,17,417985063,11
1431367825646,46110980740015,17,433868408,17,419970481,11
1431367826033,46111375515406,18,414062500,17,419231984,11
1431367826426,46111769527857,17,434234619,17,421107313,11
1431367826842,46112183664417,17,394012452,17,417720455,11
1431367828122,46113465677356,16,434295654,17,419792355,12
1431367828541,46113879922962,17,414184571,17,419091382,12
1431367828975,46114313730335,17,433502197,17,420892734,12
1431367829379,46114708170032,18,414154053,17,420050399,12
1431367829800,46115142007923,16,414123535,17,419309541,12
1431367830177,46115517129993,19,414184570,17,418668919,12
1431367830657,46115990366077,16,433837891,17,420565041,12
1431367831063,46116404489612,17,414093017,17,419756038,12
1431367831498,46116837991810,15,434204102,17,421562046,12
1431367831908,46117252115345,17,414154053,17,420636046,12
1431367832343,46117686014270,17,453247070,17,424712424,12
1431367832737,46118080453968,16,394439697,17,420928333,12
1431367833218,46118553751087,17,453948975,17,425055914,12
1431367833608,46118948556995,17,414154053,17,423693181,12
1431367834138,46119481058216,17,433471679,17,424915493,12
1431367834434,46119776926136,18,414184571,17,423574128,12
1431367834907,46120250314808,17,433959961,17,424872357,12
1431367835272,46120605386829,18,394500732,17,421075904,12
1431367835748,46121078775501,17,433959961,17,422686411,12
1431367836129,46121472910022,16,434295654,17,424137566,12
1431367836586,46121926492786,17,433563233,17,425315774,12
1431367836978,46122321309728,16,414165086,17,423921938,12
1431367837475,46122814046545,17,454010010,17,427682947,12
1431367837846,46123188771886,17,414184571,17,425995650,12
1431367838307,46123642415685,17,414215087,17,424523080,12
1431367838726,46124056600256,16,433532715,17,425649284,12
1431367839167,46124510549230,19,414123535,17,424208565,13
1431367839562,46124904622717,19,433898926,17,425419860,13
1431367840015,46125358235998,18,434265137,17,426525520,13
1431367840413,46125753163976,17,414215088,17,424986716,13
1431367840883,46126226522131,17,433563232,17,426058780,13
1431367843764,46129106191320,15,394897461,15,422163615,12
1431367844220,46129559896154,13,433624268,15,423596197,12
1431367844572,46129914937658,12,414215087,14,422423558,12
1431367845101,46130408101720,12,433959961,14,423865608,12
1431367845482,46130802602453,15,394561768,14,420202628,12
1431367845899,46131236623449,13,414245605,14,419458000,11
1431367846262,46131572011633,13,414276123,14,418810266,11
1431367846687,46132006002111,12,414306641,14,418247312,11
1431367847084,46132400576745,16,414258472,14,417748707,11
1431367847511,46132854678308,12,414306641,14,417318449,11
1431367847865,46133209811364,11,414276123,13,416938158,11
1431367848325,46133663119470,14,433990478,14,419069698,11
1431367848754,46134097476159,16,414276123,14,418470501,11
1431367849170,46134511813318,15,414276123,14,417946204,11
1431367849543,46134886202966,16,414245606,14,417483629,11
1431367849981,46135320254480,13,414337158,14,417090320,11
1431367850814,46136148959314,15,433715820,14,414591582,11
1431367851201,46136543460046,16,414276123,15,414552149,11
1431367851666,46136997622644,17,433990479,15,416981940,11
1431367852034,46137372042810,17,414306640,15,416647528,11
1431367852464,46137806063806,14,434387207,15,418864988,11
1431367852865,46138200595056,16,394165039,15,415777494,11
1431367853312,46138654727136,14,434387207,15,418103708,11
1431367853751,46139029116784,15,394134522,15,415107560,11
1431367854162,46139502627526,16,434356689,15,417513701,11
1431367854563,46139897494470,16,414306641,15,417112818,11
1431367854988,46140331088220,13,433563232,15,419169120,11
1431367855427,46140765078698,16,414306641,15,418561310,11
1431367855860,46141199404870,15,454071045,15,423000027,11
1431367856263,46141593508874,17,394104004,15,419388024,11
1431367856655,46141988040124,13,434295654,15,421251478,11
1431367857099,46142442048940,15,433562038,15,422790298,11
1431367857532,46142875642690,17,414215088,15,421718396,11
1431367857987,46143329744252,15,414276123,15,420788112,11
1431367858390,46143724000844,15,414337159,15,419981743,11
1431367858771,46144099153432,17,414306640,15,419272355,11
1431367859634,46144966859731,16,414276123,15,418647826,12
1431367860079,46145420595082,16,434417725,15,420619063,11
1431367860492,46145834840688,16,433624267,15,422244714,12
1431367860947,46146288911733,15,433959961,15,423709120,11
1431367861355,46146683137807,16,434417725,15,425047695,12
1431367861774,46147117616567,14,414367676,15,423712693,11
1431367862209,46147551362905,15,433746338,15,424966898,12
1431367862634,46147965761098,15,414398193,15,423645810,12
1431367862999,46148340608510,16,394958496,15,420059896,12
1431367863454,46148794465932,14,453460693,15,424234995,12
1431367863867,46149208833608,15,394622803,15,420533471,12
1431367864325,46149663087758,16,434112549,15,422230856,12
1431367864686,46150018251332,17,414398193,16,421251773,12
1431367865148,46150491884145,16,434539795,16,422912776,12
1431367865525,46150866426381,18,414428711,16,421852268,12
1431367866367,46151675935659,14,395050049,15,418501990,12
1431367866806,46152149593864,13,433807373,15,420415163,12
1431367868109,46153452053581,13,414398194,14,412535602,12
1431367868508,46153846432243,13,394348144,14,410262170,12
1431367868858,46154201626335,15,414428711,14,410782987,12
1431367869323,46154655605827,11,453979492,14,416182550,12
1431367869754,46155089718376,15,434143067,14,418427615,12
1431367870160,46155504177604,14,434539795,14,420441637,11
1431367870576,46155918636833,15,374633789,14,414715656,12
1431367870990,46156333096061,15,414428711,14,414679788,12
1431367871473,46156806698356,15,414428711,14,414648403,12
1431367871865,46157182034050,13,434143066,14,417085236,12
1431367872215,46157556576286,14,434509277,14,419263241,12
1431367872658,46157990719352,13,433776856,14,421077443,12
1431367873042,46158385403190,16,374908447,14,415306318,12
1431367873476,46158819576774,14,434600830,14,417718132,12
1431367873880,46159214230095,15,394256592,14,414785440,12
1431367874327,46159648434196,13,434600830,14,417262363,12
1431367874778,46160122036491,13,414367676,14,416900527,11
1431367875531,46160871944938,12,395050049,13,414169218,12
1431367876041,46161385464225,12,414459228,13,414205469,12
1431367876365,46161700893913,13,394317627,13,411719489,12
1431367876812,46162155153100,11,414428711,13,412058141,12
1431367877197,46162529695337,13,394688875,13,409886983,12
1431367878015,46163358491723,15,394653321,13,407982775,12
1431367878429,46163773011987,11,414489746,13,408796146,12
1431367878784,46164128267114,16,395111084,13,407085514,12
1431367879283,46164621705835,13,453613281,13,412901484,12
1431367879633,46164976960962,17,375366211,13,408209575,12
1431367880088,46165430940454,14,453552246,14,413877409,12
1431367880426,46165766786401,15,375366211,14,409063509,12
1431367881002,46166338807886,15,433807373,14,412156492,12
1431367881331,46166674348657,16,414520264,14,412451964,12
1431367881748,46167088868921,14,414520263,14,412710501,12
1431367882243,46167582368677,14,434234620,14,415401016,12
1431367882673,46168017030542,13,434692382,14,417812436,12
1431367883097,46168411378686,16,394378662,14,414883215,12
1431367883507,46168846010034,14,414489747,14,414834031,12
1431367883940,46169240388696,16,414489746,14,414790995,12
1431367884335,46169675020044,14,434631347,14,417271039,12
1431367884856,46170089479272,14,394348145,14,414405677,12
1431367885101,46170444825952,15,434661865,14,416937701,12
1431367885477,46170819520776,15,414550781,15,416639336,11
1431367885913,46171253755395,13,414520264,14,416374452,11
1431367886385,46171727479761,13,394378662,14,413624978,11
1431367886741,46172082735823,14,434661865,14,416254589,12
1431367887114,46172458132552,15,394318563,14,413512585,12
1431367887570,46172911715315,14,434600830,14,416148616,12
1431367887963,46173306368636,16,374633789,14,410959263,12
1431367888422,46173760775374,14,473632813,14,418793456,11
1431367888822,46174155123518,15,395141601,14,415836974,12
1431367889259,46174589815901,14,414550781,14,415676200,12
1431367889672,46175004275130,16,374633789,15,410545899,12
1431367890077,46175418734358,14,434173584,14,413499359,11
1431367890450,46175793276595,16,414428711,15,413615528,12
1431367890903,46176247591780,13,453979493,14,418661024,12
1431367891262,46176602877425,18,355224609,15,410731472,12
1431367891742,46177076601790,14,454376221,15,416187065,12
1431367892072,46177411715315,15,374572754,15,410985276,12
1431367892565,46177905550764,13,473754882,15,418831477,12
1431367892936,46178280154036,15,374969483,15,413348728,12
1431367893373,46178714327620,17,434600830,15,416005240,12
1431367893726,46179069552229,18,355194092,15,408403847,12
1431367894221,46179563357161,16,433898925,15,411590732,12
1431367894542,46179878756331,18,374908448,16,407005446,12
1431367894949,46180293246077,17,414459228,16,407937169,12
1431367895266,46180609011458,17,335571289,16,398891434,12
1431367895712,46181023501204,16,395141602,16,398422705,12
1431367896041,46181378756331,17,374542236,16,395437646,12
1431367897194,46182523950014,14,394400225,15,395307968,13
1431367897582,46182918267641,17,394744873,15,395237581,13
1431367897992,46183332787904,14,414489746,15,397644102,13
1431367898385,46183727532777,15,375030518,15,394817404,13
1431367899153,46184497247133,15,355194092,15,389864490,13
1431367899609,46184951623353,14,453979492,14,397878865,13
1431367899964,46185306908998,14,375030517,14,395022821,13
1431367900408,46185740777406,13,434631348,14,399973887,12
1431367900775,46186115685853,17,374542236,14,396794931,12
1431367901237,46186569726381,12,414489746,14,399006783,12
1431367901572,46186905511293,16,355255127,14,393537826,12
1431367901996,46187339379701,12,454284668,14,401131181,12
1431367902373,46187714410219,16,355316162,14,395404303,12
1431367902809,46188149072084,16,433929444,15,400219946,12
1431367903163,46188504327211,17,355224609,15,394595529,12
1431367903615,46188958032045,15,434295654,15,399558044,12
1431367903970,46189313317689,19,375488282,15,396549324,12
1431367904452,46189787103090,16,433868408,15,401214209,12
1431367904766,46190103356752,17,375122070,16,397952692,12
1431367905590,46190932397279,15,395202637,15,397608935,12
1431367906009,46191346978578,14,414520263,15,399722851,12
1431367906438,46191780938539,15,414581299,15,401580157,12
1431367906839,46192176138024,12,394439697,15,400687599,11
1431367907269,46192590780358,15,394863792,15,399959623,11
1431367907712,46193044424157,12,434326172,14,404255442,11
1431367908107,46193439260582,15,394836425,14,403078065,11
1431367908485,46193814352135,12,414581299,14,404515969,11
1431367908906,46194249075035,14,395233154,14,403355617,11
1431367909747,46195058065514,15,414550782,14,404755013,11
1431367910131,46195472585778,13,414550781,14,405979484,11
1431367910522,46195827901940,15,374664306,14,402065086,11
1431367910992,46196301656823,12,434265137,14,406090093,11
1431367911360,46196677053551,12,394775391,13,404675755,11
1431367911749,46197091634850,11,395202636,13,403491615,11
1431367912113,46197426839928,13,414520264,13,404870196,11
1431367912537,46197880910973,14,414581299,13,406084084,11
1431367913004,46198315176110,11,394439697,13,404628535,11
1431367913345,46198670522789,12,394836426,13,403404522,11
1431367913738,46199045980553,16,395172119,13,402375471,11
1431367914156,46199499654869,13,433929444,13,406319718,11
1431367914478,46199815939049,12,355346679,13,399948088,11
1431367915041,46200348836998,13,473724365,13,409170122,11
1431367915413,46200743215660,17,414550782,14,409842705,11
1431367915775,46201118673424,15,414520263,14,410427400,11
1431367916318,46201611837487,14,414550782,14,410942822,11
1431367917078,46202421554567,15,395166300,14,408970757,11
1431367917492,46202836105349,12,433929443,13,412090593,11
1431367917927,46203269973757,13,395172120,13,409975783,11
1431367918283,46203625289919,12,433837890,13,412958547,11
1431367918718,46204059524538,16,414520264,13,413153761,11
1431367919110,46204454299929,15,434265137,14,415792683,11
1431367919486,46204829299929,18,375396728,14,410743189,11
1431367919939,46205283340456,15,453613281,14,416101950,12
1431367920355,46205697799685,15,394744873,14,413432316,12
1431367920791,46206131973269,14,434173584,14,416024974,12
1431367921185,46206526657106,17,394744873,15,413364961,12
1431367921623,46206960922243,14,414459229,15,413501745,11
1431367922031,46207375350954,15,414489746,15,413625245,12
1431367922467,46207809982302,13,434204102,14,416197602,12
1431367922847,46208184524538,14,414428710,14,415976490,12
1431367923278,46208618728640,13,414428711,14,415783018,12
1431367923670,46209013473513,16,375396729,14,410734732,12
1431367924108,46209447769167,13,453582764,14,416090736,12
1431367924561,46209901565554,14,414428711,14,415882983,12
1431367924938,46210276535036,13,394683837,14,413233089,12
1431367925292,46210631851198,16,414489747,14,413390171,12
1431367925782,46211125656130,14,454345703,14,418509613,12
1431367926117,46211460769655,17,355224609,15,410598987,12
1431367926947,46212289709577,14,375387675,14,406197573,12
1431367927409,46212743658552,13,414459229,14,407230280,12
1431367927756,46213098944196,15,374633789,14,403155719,12
1431367928272,46213612432966,14,473663330,14,411969170,12
1431367928617,46213947546491,16,414459228,14,412280427,12
1431367929098,46214441351423,13,434143067,14,415013257,12
1431367929474,46214815954694,16,434600830,14,417461704,12
1431367930309,46215644934186,14,394378662,14,414576323,12
1431367930758,46216099279889,12,434600830,14,417079387,12
1431367931211,46216552862653,12,414459229,14,416751867,12
1431367931547,46216888403425,12,394409179,13,413959031,11
1431367931920,46217263403425,19,375427246,14,409142558,11
1431367932415,46217757269391,14,414459229,14,409807142,11
1431367932792,46218131872663,15,414489746,14,410392467,11
1431367933746,46219020117292,12,335174561,14,400990229,11
1431367933993,46219335943708,12,493865966,13,412599696,11
1431367934409,46219750433454,14,394378663,13,410322067,11
1431367934861,46220204443464,12,434631347,13,413360727,11
1431367935185,46220520239362,15,374664307,13,408523674,11
1431367935659,46220993963727,13,454345703,13,414251428,12
1431367936047,46221388739118,15,374633789,13,409299223,12
1431367936480,46221822973737,12,434265137,13,412419962,12
1431367936894,46222237520868,14,414520263,13,412682500,12
1431367937351,46222691683465,11,473812268,13,420323721,12
1431367937723,46223066683465,14,375488281,13,414719291,12
1431367938199,46223540438348,14,433929443,13,417120560,12
1431367938556,46223895815545,16,395141602,14,414373190,12
1431367939026,46224369478876,15,473754883,14,421795901,12
1431367939441,46224783999139,15,394348144,14,418364932,12
1431367939878,46225218630487,13,434692383,14,420405863,12
1431367940253,46225593294794,15,394348145,14,417148648,12
1431367940716,46226047671014,14,434661865,14,419337800,11
1431367941158,46226501314813,12,374664307,14,413753614,11
1431367941557,46226896151239,12,434326171,14,416325183,11
1431367941969,46227310671503,15,414520264,14,416099568,11
1431367942351,46227685763055,13,434692383,14,418423670,11
1431367943211,46228554232294,14,414489747,13,417931930,11
1431367943625,46228968783075,14,414550781,13,417509286,11
1431367944435,46229758455926,15,414611816,13,417147102,11
1431367944885,46230212557489,13,394470215,13,414312491,11
1431367945350,46230667055780,11,434722900,13,416863792,11
