1431367418329,45702626295646,746.0
1431367418329,45703230543693,747.0
1431367419315,45703734083732,748.0
1431367419315,45704287977775,749.0
1431367420336,45704791517814,750.0
1431367420336,45705345411857,751.0
1431367421347,45705848951896,752.0
1431367421347,45706352491935,753.0
1431367422332,45706654615959,754.0
1431367422332,45707057447990,755.0
1431367422332,45707460280021,756.0
1431367423311,45707863112052,757.0
1431367423311,45708265944084,758.0
1431367424352,45708719130119,759.0
1431367424352,45709071608146,760.0
1431367424352,45709524794181,761.0
1431367425319,45709927626212,762.0
1431367425320,45710380812248,763.0
1431367426334,45710783644279,764.0
1431367426334,45711186476310,765.0
1431367427302,45711589297444,766.0
1431367427302,45711992129476,767.0
1431367427312,45712445315511,768.0
1431367428321,45712848147542,769.0
1431367428321,45713250979573,770.0
1431367429331,45713653811605,771.0
1431367429331,45714056643636,772.0
1431367429331,45714459475667,773.0
1431367430344,45714862307698,774.0
1431367430344,45715214785726,775.0
1431367431316,45715667971761,776.0
1431367431346,45716020449788,777.0
1431367431346,45716473635823,778.0
1431367432309,45716826113851,779.0
1431367432309,45717228945882,780.0
1431367433305,45717631777913,781.0
1431367433308,45718034609944,782.0
1431367433352,45718437441976,783.0
1431367434308,45718840274007,784.0
1431367434310,45719192752034,785.0
1431367435322,45719595584065,786.0
1431367435322,45719998416097,787.0
1431367435322,45720401248128,788.0
1431367436346,45720753726155,789.0
1431367436346,45721156558187,790.0
1431367437322,45721509030740,791.0
1431367437322,45721911862771,792.0
1431367437322,45722314694802,793.0
1431367438326,45722717526834,794.0
1431367438326,45723120358865,795.0
1431367439311,45723523190896,796.0
1431367439311,45723926022927,797.0
1431367439311,45724328854959,798.0
1431367440349,45724731686990,799.0
1431367440349,45725134519021,800.0
1431367440349,45725486997048,801.0
1431367441319,45725889829080,802.0
1431367441319,45726292661111,803.0
1431367442328,45726745847146,804.0
1431367442328,45727098325173,805.0
1431367443305,45727501157205,806.0
1431367443305,45727903989236,807.0
1431367443311,45728306821267,808.0
1431367444347,45728709653298,809.0
1431367444347,45729062131326,810.0
1431367444347,45729464963357,811.0
1431367445308,45729867795388,812.0
1431367445315,45730270627420,813.0
1431367446314,45730723813455,814.0
1431367446317,45731076291482,815.0
1431367446319,45731479123513,816.0
1431367447299,45731831596903,817.0
1431367447301,45732184074930,818.0
1431367448307,45732637260965,819.0
1431367448308,45733040092996,820.0
1431367448308,45733392571024,821.0
1431367449308,45733795403055,822.0
1431367449309,45734147881082,823.0
1431367450310,45734601067118,824.0
1431367450312,45734953545145,825.0
1431367450314,45735306023172,826.0
1431367451314,45735708855203,827.0
1431367451317,45736162041239,828.0
1431367452299,45736514519266,829.0
1431367452300,45736967705301,830.0
1431367452302,45737320183328,831.0
1431367453303,45737773369364,832.0
1431367453305,45738125847391,833.0
1431367454306,45738579033426,834.0
1431367454308,45738981865457,835.0
1431367454310,45739384697489,836.0
1431367455313,45739737175516,837.0
1431367455325,45740190361551,838.0
1431367456315,45740542839578,839.0
1431367456317,45740996025614,840.0
1431367456321,45741348503641,841.0
1431367457299,45741801715602,842.0
1431367457301,45742154193629,843.0
1431367458303,45742607379665,844.0
1431367458305,45743010211696,845.0
1431367458307,45743413043727,846.0
1431367459309,45743765521754,847.0
1431367459320,45744269061794,848.0
1431367460311,45744621539821,849.0
1431367460314,45745074725856,850.0
1431367460315,45745427203883,851.0
1431367461326,45745880389919,852.0
1431367461327,45746232867946,853.0
1431367462299,45746686053981,854.0
1431367462301,45747038532008,855.0
1431367462303,45747441364040,856.0
1431367463304,45747793842067,857.0
1431367463307,45748196674098,858.0
1431367464314,45748649860133,859.0
1431367464314,45748951984157,860.0
1431367464315,45749405170192,861.0
1431367465313,45749757648219,862.0
1431367465316,45750261188258,863.0
1431367466295,45750563312282,864.0
1431367466295,45751016498317,865.0
1431367466296,45751419330348,866.0
1431367467302,45751771806992,867.0
1431367467304,45752124285019,868.0
1431367468308,45752577471054,869.0
1431367468312,45752980303085,870.0
1431367468312,45753332781113,871.0
1431367469353,45753785967148,872.0
1431367469353,45754138445175,873.0
1431367470315,45754541277206,874.0
1431367470317,45754944109238,875.0
1431367470320,45755346941269,876.0
1431367471301,45755749773300,877.0
1431367471303,45756102251327,878.0
1431367471305,45756505083359,879.0
1431367472306,45756907915390,880.0
1431367472308,45757310747421,881.0
1431367473311,45757713579452,882.0
1431367473314,45758066057480,883.0
1431367473315,45758468889511,884.0
1431367474327,45758871721542,885.0
1431367474327,45759274553574,886.0
1431367475299,45759677385605,887.0
1431367475301,45760080217636,888.0
1431367475303,45760483049667,889.0
1431367476305,45760885881699,890.0
1431367476308,45761288713730,891.0
1431367477318,45761691544840,892.0
1431367477318,45762094376871,893.0
1431367477318,45762497208903,894.0
1431367478326,45762849686930,895.0
1431367478326,45763252518961,896.0
1431367479330,45763655350992,897.0
1431367479330,45764007829020,898.0
1431367479330,45764410661051,899.0
1431367480304,45764813493082,900.0
1431367480340,45765216325114,901.0
1431367481315,45765619157145,902.0
1431367481315,45766021989176,903.0
1431367481315,45766374467203,904.0
1431367482341,45766777299235,905.0
1431367482341,45767230485270,906.0
1431367483308,45767633317301,907.0
1431367483308,45768036149332,908.0
1431367483308,45768388627360,909.0
1431367484319,45768791459391,910.0
1431367484319,45769143937418,911.0
1431367485316,45769546769449,912.0
1431367485317,45769899247477,913.0
1431367485317,45770352433512,914.0
1431367486337,45770704911539,915.0
1431367486337,45771158097574,916.0
1431367487331,45771560908537,917.0
1431367487331,45771913386564,918.0
1431367487331,45772316218595,919.0
1431367488323,45772719050627,920.0
1431367488323,45773071528654,921.0
1431367488323,45773474360685,922.0
1431367489320,45773877192716,923.0
1431367489321,45774280024748,924.0
1431367490313,45774682856779,925.0
1431367490313,45775085688810,926.0
1431367490332,45775488520841,927.0
1431367491335,45775891352873,928.0
1431367491335,45776243830900,929.0
1431367492305,45776697016935,930.0
1431367492305,45777049494962,931.0
1431367492344,45777452326994,932.0
1431367493306,45777855159025,933.0
1431367493343,45778257991056,934.0
1431367494311,45778610469084,935.0
1431367494313,45779013301115,936.0
1431367494315,45779416133146,937.0
1431367495319,45779818965177,938.0
1431367495320,45780171443205,939.0
1431367496313,45780624629240,940.0
1431367496313,45781027461271,941.0
1431367496313,45781379939298,942.0
1431367497306,45781732453641,943.0
1431367497308,45782185639676,944.0
1431367498310,45782538117703,945.0
1431367498312,45782940949735,946.0
1431367498314,45783394135770,947.0
1431367499316,45783796967801,948.0
1431367499318,45784199799832,949.0
1431367500299,45784602631863,950.0
1431367500302,45785005463895,951.0
1431367500304,45785408295926,952.0
1431367501307,45785760773953,953.0
1431367501308,45786213959988,954.0
1431367502311,45786566438016,955.0
1431367502313,45786969270047,956.0
1431367502315,45787372102078,957.0
1431367503316,45787774934110,958.0
1431367503318,45788228120145,959.0
1431367504303,45788630952176,960.0
1431367504312,45788983430203,961.0
1431367504312,45789486970242,962.0
1431367505338,45789839448270,963.0
1431367505338,45790292634305,964.0
1431367506356,45790645112332,965.0
1431367506356,45791098298367,966.0
1431367506356,45791450776395,967.0
1431367507322,45791853591424,968.0
1431367507322,45792256423455,969.0
1431367508313,45792659255486,970.0
1431367508313,45793062087518,971.0
1431367508313,45793515273553,972.0
1431367509358,45793918105584,973.0
1431367509358,45794270583611,974.0
1431367510321,45794723769647,975.0
1431367510321,45795126601678,976.0
1431367510321,45795529433709,977.0
1431367511346,45795932265740,978.0
1431367511346,45796335097772,979.0
1431367512334,45796737929803,980.0
1431367512334,45797140761834,981.0
1431367513333,45797543593865,982.0
1431367513333,45797946425897,983.0
1431367513333,45798349257928,984.0
1431367514347,45798752089959,985.0
1431367514347,45799154921990,986.0
1431367515301,45799557754022,987.0
1431367515301,45800010940057,988.0
1431367515314,45800413772088,989.0
1431367516333,45800766250115,990.0
1431367516333,45801219436150,991.0
1431367517344,45801622253197,992.0
1431367517344,45802025085228,993.0
1431367517344,45802427917259,994.0
1431367518334,45802780395287,995.0
1431367518335,45803233581322,996.0
1431367519342,45803586059349,997.0
1431367519342,45803988891380,998.0
1431367519342,45804341369408,999.0
1431367520353,45804744201439,1000.0
1431367520353,45805147033470,1001.0
1431367521310,45805549865501,1002.0
1431367521312,45805902343529,1003.0
1431367521314,45806355529564,1004.0
1431367522316,45806708007591,1005.0
1431367522319,45807110839623,1006.0
1431367522320,45807513671654,1007.0
1431367523303,45807916503685,1008.0
1431367523306,45808319335716,1009.0
1431367524305,45808722167748,1010.0
1431367524309,45809124999779,1011.0
1431367524310,45809527831810,1012.0
1431367525348,45809930663841,1013.0
1431367525348,45810283141869,1014.0
1431367526322,45810685973900,1015.0
1431367526322,45811088805931,1016.0
1431367526322,45811491637962,1017.0
1431367527306,45811844128613,1018.0
1431367527306,45812297314648,1019.0
1431367528307,45812649792675,1020.0
1431367528309,45813052624706,1021.0
1431367528311,45813455456738,1022.0
1431367529313,45813858288769,1023.0
1431367529315,45814261120800,1024.0
1431367530298,45814663952831,1025.0
1431367530303,45815066784863,1026.0
1431367530303,45815419262890,1027.0
1431367531303,45815872448925,1028.0
1431367531305,45816224926953,1029.0
1431367532307,45816627758984,1030.0
1431367532309,45817030591015,1031.0
1431367532311,45817433423046,1032.0
1431367533313,45817836255078,1033.0
1431367533315,45818239087109,1034.0
1431367534298,45818591565136,1035.0
1431367534299,45818994397167,1036.0
1431367534302,45819447583203,1037.0
1431367535303,45819800061230,1038.0
1431367535306,45820202893261,1039.0
1431367536308,45820605725292,1040.0
1431367536310,45820958203320,1041.0
1431367536314,45821411389355,1042.0
1431367537313,45821763848130,1043.0
1431367537316,45822166680161,1044.0
1431367538298,45822569512193,1045.0
1431367538300,45822972344224,1046.0
1431367538302,45823375176255,1047.0
1431367539303,45823778008286,1048.0
1431367539306,45824180840318,1049.0
1431367540308,45824583672349,1050.0
1431367540310,45824986504380,1051.0
1431367540319,45825439690415,1052.0
1431367545334,45825792168443,1053.0
1431367545334,45826245354478,1054.0
1431367545411,45826648186509,1055.0
1431367545411,45827051018540,1056.0
1431367545411,45827453850572,1057.0
1431367545504,45827856682603,1058.0
1431367545504,45828259514634,1059.0
1431367545690,45828662346665,1060.0
1431367545690,45829065178697,1061.0
1431367545690,45829468010728,1062.0
1431367546501,45829870842759,1063.0
1431367546501,45830223320786,1064.0
1431367546517,45830676506822,1065.0
1431367546517,45831079338853,1066.0
1431367546517,45831482170884,1067.0
1431367548316,45831885026604,1068.0
1431367548316,45832287858636,1069.0
1431367548328,45832690690667,1070.0
1431367548329,45833093522698,1071.0
1431367548329,45833496354729,1072.0
1431367549314,45833899186761,1073.0
1431367549317,45834302018792,1074.0
1431367550299,45834755204827,1075.0
1431367550301,45835158036858,1076.0
1431367551429,45835510514886,1077.0
1431367551429,45835963700921,1078.0
1431367551429,45836316178948,1079.0
1431367552941,45836769364983,1080.0
1431367552941,45837172197015,1081.0
1431367553313,45837575029046,1082.0
1431367553314,45837977861077,1083.0
1431367553317,45838380693108,1084.0
1431367554298,45838783525140,1085.0
1431367554300,45839186357171,1086.0
1431367555302,45839589189202,1087.0
1431367555304,45840042375237,1088.0
1431367555307,45840394853265,1089.0
1431367556307,45840747331292,1090.0
1431367556310,45841200517327,1091.0
1431367557336,45841603359942,1092.0
1431367557336,45842006191974,1093.0
1431367557336,45842409024005,1094.0
1431367558298,45842811856036,1095.0
1431367558299,45843265042071,1096.0
1431367559315,45843617520099,1097.0
1431367559315,45844020352130,1098.0
1431367559316,45844423184161,1099.0
1431367560322,45844876370196,1100.0
1431367560322,45845279202227,1101.0
1431367561312,45845682034259,1102.0
1431367561318,45846084866290,1103.0
1431367561318,45846437344317,1104.0
1431367562348,45846840176349,1105.0
1431367562348,45847293362384,1106.0
1431367563339,45847645840411,1107.0
1431367563339,45848048672442,1108.0
1431367563339,45848451504474,1109.0
1431367564336,45848904690509,1110.0
1431367564336,45849307522540,1111.0
1431367565313,45849710354571,1112.0
1431367565318,45850113186602,1113.0
1431367566359,45850516018634,1114.0
1431367566359,45850918850665,1115.0
1431367566359,45851372036700,1116.0
1431367567305,45851774838962,1117.0
1431367567305,45852177670994,1118.0
1431367568318,45852530149021,1119.0
1431367568318,45852983335056,1120.0
1431367568318,45853386167087,1121.0
1431367569320,45853788999119,1122.0
1431367569320,45854191831150,1123.0
1431367570312,45854594663181,1124.0
1431367570321,45854997495212,1125.0
1431367570321,45855400327244,1126.0
1431367571316,45855752805271,1127.0
1431367571318,45856155637302,1128.0
1431367572299,45856508115330,1129.0
1431367572301,45856910947361,1130.0
1431367572303,45857313779392,1131.0
1431367573303,45857716611423,1132.0
1431367573305,45858069089451,1133.0
1431367573307,45858522275486,1134.0
1431367574307,45858874753513,1135.0
1431367574310,45859277585544,1136.0
1431367575311,45859630063572,1137.0
1431367575313,45860032895603,1138.0
1431367575315,45860435727634,1139.0
1431367576315,45860788205662,1140.0
1431367576317,45861191037693,1141.0
1431367577299,45861593859797,1142.0
1431367577301,45861996691828,1143.0
1431367577303,45862399523860,1144.0
1431367578304,45862752001887,1145.0
1431367578306,45863205187922,1146.0
1431367579308,45863557665949,1147.0
1431367579312,45863960497981,1148.0
1431367579312,45864363330012,1149.0
1431367580312,45864766162043,1150.0
1431367580314,45865118640071,1151.0
1431367580316,45865521472102,1152.0
1431367581352,45865873950129,1153.0
1431367581352,45866276782160,1154.0
1431367582303,45866629260188,1155.0
1431367582303,45867082446223,1156.0
1431367582309,45867434924250,1157.0
1431367583334,45867787402278,1158.0
1431367583334,45868190234309,1159.0
1431367584316,45868593066340,1160.0
1431367584316,45868995898371,1161.0
1431367584316,45869348376399,1162.0
1431367585318,45869751208430,1163.0
1431367585318,45870103686457,1164.0
1431367586297,45870506518488,1165.0
1431367586338,45870909350520,1166.0
1431367586338,45871312182551,1167.0
1431367587318,45871715021809,1168.0
1431367587319,45872117853840,1169.0
1431367587319,45872520685872,1170.0
1431367588323,45872923517903,1171.0
1431367588323,45873275995930,1172.0
1431367589351,45873678827962,1173.0
1431367589351,45874081659993,1174.0
1431367589351,45874434138020,1175.0
1431367590348,45874887324055,1176.0
1431367590348,45875290156087,1177.0
1431367591305,45875692988118,1178.0
1431367591305,45876095820149,1179.0
1431367591305,45876448298176,1180.0
1431367592319,45876901484212,1181.0
1431367592319,45877253962239,1182.0
1431367593326,45877606440266,1183.0
1431367593326,45878059626301,1184.0
1431367593326,45878412104329,1185.0
1431367594331,45878814936360,1186.0
1431367594331,45879268122395,1187.0
1431367595355,45879670954426,1188.0
1431367595356,45880023432454,1189.0
1431367595356,45880476618489,1190.0
1431367596306,45880829096516,1191.0
1431367596306,45881231928548,1192.0
1431367597307,45881584417171,1193.0
1431367597307,45881987249202,1194.0
1431367597308,45882339727229,1195.0
1431367598309,45882742559261,1196.0
1431367598312,45883145391292,1197.0
1431367599313,45883548223323,1198.0
1431367599315,45883951055354,1199.0
1431367599317,45884303533382,1200.0
1431367601354,45884706365413,1201.0
1431367601354,45885159551448,1202.0
1431367601368,45885562383479,1203.0
1431367601369,45885914861507,1204.0
1431367601369,45886267339534,1205.0
1431367602352,45886670171565,1206.0
1431367602352,45887073003597,1207.0
1431367602352,45887475835628,1208.0
1431367603343,45887929021663,1209.0
1431367603343,45888281499690,1210.0
1431367604338,45888684331722,1211.0
1431367604339,45889087163753,1212.0
1431367604339,45889540349788,1213.0
1431367605308,45889892827815,1214.0
1431367605308,45890295659847,1215.0
1431367606310,45890648137874,1216.0
1431367606310,45891050969905,1217.0
1431367606310,45891504155940,1218.0
1431367607309,45891907008863,1219.0
1431367607316,45892259486890,1220.0
1431367608368,45892712672925,1221.0
1431367608368,45893115504956,1222.0
1431367608368,45893467982984,1223.0
1431367609302,45893921169019,1224.0
1431367609302,45894324001050,1225.0
1431367610321,45894726833081,1226.0
1431367610321,45895129665113,1227.0
1431367611314,45895532497144,1228.0
1431367611314,45895935329175,1229.0
1431367611315,45896338161206,1230.0
1431367612330,45896740993238,1231.0
1431367612330,45897194179273,1232.0
1431367613316,45897546657300,1233.0
1431367613317,45897999843335,1234.0
1431367613362,45898402675367,1235.0
1431367614329,45898805507398,1236.0
1431367614329,45899208339429,1237.0
1431367615305,45899661525464,1238.0
1431367615306,45900064357495,1239.0
1431367615321,45900517543531,1240.0
1431367616335,45900870021558,1241.0
1431367616336,45901272853589,1242.0
1431367617328,45901675672088,1243.0
1431367617328,45902128858124,1244.0
1431367617328,45902481336151,1245.0
1431367618342,45902934522186,1246.0
1431367618342,45903287000213,1247.0
1431367619302,45903740186249,1248.0
1431367619304,45904143018280,1249.0
1431367620307,45904545850311,1250.0
1431367620307,45904948682342,1251.0
1431367620310,45905351514374,1252.0
1431367621311,45905754346405,1253.0
1431367621313,45906157178436,1254.0
1431367622314,45906560010467,1255.0
1431367622316,45907013196503,1256.0
1431367622318,45907416028534,1257.0
1431367623299,45907818860565,1258.0
1431367623301,45908221692596,1259.0
1431367624303,45908624524628,1260.0
1431367624305,45909027356659,1261.0
1431367624307,45909430188690,1262.0
1431367625308,45909833020721,1263.0
1431367625311,45910235852753,1264.0
1431367626316,45910638684784,1265.0
1431367626316,45911041516815,1266.0
1431367626317,45911444348846,1267.0
1431367627303,45911897530651,1268.0
1431367627303,45912300362683,1269.0
1431367628327,45912652840710,1270.0
1431367628327,45913055672741,1271.0
1431367628327,45913458504773,1272.0
1431367629327,45913861336804,1273.0
1431367629327,45914314522839,1274.0
1431367630326,45914667000866,1275.0
1431367630326,45915069832898,1276.0
1431367630326,45915472664929,1277.0
1431367631315,45915875496960,1278.0
1431367631318,45916278328991,1279.0
1431367632299,45916681161023,1280.0
1431367632308,45917083993054,1281.0
1431367633309,45917486825085,1282.0
1431367633309,45917889657116,1283.0
1431367633309,45918292489148,1284.0
1431367634308,45918695321179,1285.0
1431367634310,45919098153210,1286.0
1431367635316,45919551339245,1287.0
1431367635316,45919903817273,1288.0
1431367635319,45920357003308,1289.0
1431367636298,45920759835339,1290.0
1431367636300,45921162667370,1291.0
1431367637301,45921615866937,1292.0
1431367637303,45921968344965,1293.0
1431367637306,45922371176996,1294.0
1431367638308,45922774009027,1295.0
1431367638310,45923176841058,1296.0
1431367639311,45923579673090,1297.0
1431367639313,45923982505121,1298.0
1431367639316,45924385337152,1299.0
1431367640296,45924788169183,1300.0
1431367640299,45925191001215,1301.0
1431367641302,45925593833246,1302.0
1431367641303,45926047019281,1303.0
1431367641306,45926449851312,1304.0
1431367642307,45926852683344,1305.0
1431367642309,45927255515375,1306.0
1431367643331,45927708701410,1307.0
1431367643331,45928111533441,1308.0
1431367643331,45928514365472,1309.0
1431367644297,45928866843500,1310.0
1431367644300,45929320029535,1311.0
1431367645301,45929722861566,1312.0
1431367645303,45930125693597,1313.0
1431367646305,45930528525629,1314.0
1431367646307,45930931357660,1315.0
1431367646310,45931334189691,1316.0
1431367647311,45931736989846,1317.0
1431367647313,45932139821878,1318.0
1431367648315,45932542653909,1319.0
1431367648318,45932945485940,1320.0
1431367648320,45933398671975,1321.0
1431367649301,45933801504007,1322.0
1431367649303,45934204336038,1323.0
1431367650316,45934607168069,1324.0
1431367650317,45935060354104,1325.0
1431367650317,45935412832132,1326.0
1431367651312,45935866018167,1327.0
1431367651314,45936268850198,1328.0
1431367652317,45936671682229,1329.0
1431367652318,45937124868264,1330.0
1431367653300,45937578054300,1331.0
1431367653303,45937930532327,1332.0
1431367653304,45938383718362,1333.0
1431367654306,45938736196389,1334.0
1431367654308,45939189382425,1335.0
1431367657398,45939592214456,1336.0
1431367657398,45939995046487,1337.0
1431367657398,45940397878518,1338.0
1431367657597,45940800710550,1339.0
1431367657597,45941203542581,1340.0
1431367657760,45941656742434,1341.0
1431367657760,45942009220461,1342.0
1431367657760,45942412052493,1343.0
1431367659964,45942865238528,1344.0
1431367659964,45943268070559,1345.0
1431367659982,45943670902590,1346.0
1431367659982,45944073734622,1347.0
1431367659982,45944526920657,1348.0
1431367660307,45944879398684,1349.0
1431367660307,45945332584719,1350.0
1431367661341,45945735416750,1351.0
1431367661341,45946138248782,1352.0
1431367662328,45946541080813,1353.0
1431367662328,45946994266848,1354.0
1431367662328,45947397098879,1355.0
1431367663312,45947799930911,1356.0
1431367663318,45948253116946,1357.0
1431367664325,45948655948977,1358.0
1431367664325,45949109135012,1359.0
1431367664325,45949511967043,1360.0
1431367665323,45949914799075,1361.0
1431367665323,45950267277102,1362.0
1431367666306,45950670109133,1363.0
1431367666308,45951072941164,1364.0
1431367666346,45951475773196,1365.0
1431367667318,45951928967560,1366.0
1431367667318,45952331799591,1367.0
1431367668356,45952734631622,1368.0
1431367668356,45953137463654,1369.0
1431367669300,45953540295685,1370.0
1431367669306,45953993481720,1371.0
1431367669306,45954345959747,1372.0
1431367670342,45954799145783,1373.0
1431367670342,45955201977814,1374.0
1431367671338,45955554455841,1375.0
1431367671338,45955957287872,1376.0
1431367671338,45956360119904,1377.0
1431367672345,45956762951935,1378.0
1431367672345,45957216137970,1379.0
1431367673310,45957568615997,1380.0
1431367673310,45957971448029,1381.0
1431367673310,45958323926056,1382.0
1431367674312,45958777112091,1383.0
1431367674312,45959179944122,1384.0
1431367675310,45959582776154,1385.0
1431367675318,45959985608185,1386.0
1431367675318,45960388440216,1387.0
1431367676324,45960791272247,1388.0
1431367676324,45961194104279,1389.0
1431367677298,45961647271166,1390.0
1431367677342,45962050103197,1391.0
1431367677342,45962452935228,1392.0
1431367678326,45962805413256,1393.0
1431367678326,45963208245287,1394.0
1431367679309,45963661431322,1395.0
1431367679309,45964013909349,1396.0
1431367679311,45964416741381,1397.0
1431367680344,45964869927416,1398.0
1431367680344,45965222405443,1399.0
1431367681298,45965625237474,1400.0
1431367681300,45966028069506,1401.0
1431367681301,45966380547533,1402.0
1431367682314,45966783379564,1403.0
1431367682314,45967186211595,1404.0
1431367683314,45967639397631,1405.0
1431367683314,45967991875658,1406.0
1431367683314,45968445061693,1407.0
1431367684319,45968847893724,1408.0
1431367684319,45969250725756,1409.0
1431367685344,45969653557787,1410.0
1431367685344,45970056389818,1411.0
1431367685344,45970459221849,1412.0
1431367686300,45970862053881,1413.0
1431367686303,45971264885912,1414.0
1431367687304,45971667715668,1415.0
1431367687306,45972070547699,1416.0
1431367687308,45972423025727,1417.0
1431367688309,45972876211762,1418.0
1431367688312,45973279043793,1419.0
1431367689314,45973681875824,1420.0
1431367689315,45974084707856,1421.0
1431367689318,45974537893891,1422.0
1431367690333,45974940725922,1423.0
1431367690333,45975343557953,1424.0
1431367691332,45975746389985,1425.0
1431367691332,45976149222016,1426.0
1431367692306,45976552054047,1427.0
1431367692308,45977005240082,1428.0
1431367692310,45977408072113,1429.0
1431367693312,45977810904145,1430.0
1431367693314,45978163382172,1431.0
1431367694578,45978616568207,1432.0
1431367694578,45978969046235,1433.0
1431367694578,45979422232270,1434.0
1431367695301,45979825064301,1435.0
1431367695304,45980227896332,1436.0
1431367696306,45980630728363,1437.0
1431367696308,45981033560395,1438.0
1431367696311,45981436392426,1439.0
1431367697311,45981889588355,1440.0
1431367697314,45982292420386,1441.0
1431367698315,45982695252418,1442.0
1431367698318,45983098084449,1443.0
1431367699300,45983551270484,1444.0
1431367699301,45983954102515,1445.0
1431367699304,45984356934547,1446.0
1431367700317,45984759766578,1447.0
1431367700317,45985162598609,1448.0
1431367702505,45985615784644,1449.0
1431367702505,45986018616675,1450.0
1431367702505,45986421448707,1451.0
1431367702761,45986824280738,1452.0
1431367702761,45987227112769,1453.0
1431367703303,45987629944800,1454.0
1431367703303,45988032776832,1455.0
1431367703303,45988435608863,1456.0
1431367704305,45988838440894,1457.0
1431367704306,45989291626929,1458.0
1431367705311,45989694458961,1459.0
1431367705311,45990097290992,1460.0
1431367706959,45990550477027,1461.0
1431367706959,45990953309058,1462.0
1431367706959,45991406495093,1463.0
1431367707498,45991809342015,1464.0
1431367707498,45992262528050,1465.0
1431367708302,45992665360081,1466.0
1431367708304,45993068192112,1467.0
1431367708307,45993471024144,1468.0
1431367709307,45993873856175,1469.0
1431367709310,45994327042210,1470.0
1431367710311,45994729874241,1471.0
1431367710313,45995132706272,1472.0
1431367710316,45995535538304,1473.0
1431367711317,45995938370335,1474.0
1431367711320,45996341202366,1475.0
1431367712302,45996744034397,1476.0
1431367712304,45997146866429,1477.0
1431367713304,45997549698460,1478.0
1431367713306,45997952530491,1479.0
1431367713308,45998405716526,1480.0
1431367714310,45998808548558,1481.0
1431367714312,45999211380589,1482.0
1431367715313,45999664566624,1483.0
1431367715315,46000067398655,1484.0
1431367715318,46000470230687,1485.0
1431367716298,46000873062718,1486.0
1431367716301,46001275894749,1487.0
1431367717302,46001678724647,1488.0
1431367717304,46002081556679,1489.0
1431367717307,46002534742714,1490.0
1431367718308,46002937574745,1491.0
1431367718310,46003340406776,1492.0
1431367719313,46003743238807,1493.0
1431367719315,46004196424843,1494.0
1431367720315,46004548902870,1495.0
1431367720317,46005002088905,1496.0
1431367720320,46005404920936,1497.0
1431367721301,46005858106971,1498.0
1431367721303,46006311293007,1499.0
1431367722304,46006714125038,1500.0
1431367722306,46007116957069,1501.0
1431367723309,46007570143104,1502.0
1431367723311,46007972975136,1503.0
1431367723313,46008375807167,1504.0
1431367724314,46008828993202,1505.0
1431367724316,46009231825233,1506.0
1431367725297,46009685011268,1507.0
1431367725299,46010138197304,1508.0
1431367726301,46010490675331,1509.0
1431367726303,46010943861366,1510.0
1431367726306,46011346693397,1511.0
1431367727306,46011799866535,1512.0
1431367727308,46012202698567,1513.0
1431367728310,46012605530598,1514.0
1431367728312,46013058716633,1515.0
1431367728315,46013461548664,1516.0
1431367729316,46013914734699,1517.0
1431367729321,46014317566731,1518.0
1431367730299,46014770752766,1519.0
1431367730301,46015173584797,1520.0
1431367731304,46015626770832,1521.0
1431367731305,46016029602864,1522.0
1431367731308,46016482788899,1523.0
1431367732308,46016885620930,1524.0
1431367732310,46017288452961,1525.0
1431367733314,46017741638996,1526.0
1431367733327,46018144471028,1527.0
1431367734296,46018597657063,1528.0
1431367734299,46018950135090,1529.0
1431367734301,46019403321125,1530.0
1431367735301,46019856507160,1531.0
1431367735304,46020259339192,1532.0
1431367736305,46020662171223,1533.0
1431367736307,46021115357258,1534.0
1431367736310,46021518189289,1535.0
1431367737320,46021921034460,1536.0
1431367737321,46022374220495,1537.0
1431367738317,46022777052526,1538.0
1431367738322,46023230238561,1539.0
1431367739298,46023633070592,1540.0
1431367739300,46024086256628,1541.0
1431367739303,46024489088659,1542.0
1431367740305,46024891920690,1543.0
1431367740307,46025345106725,1544.0
1431367741308,46025747938756,1545.0
1431367741311,46026201124792,1546.0
1431367742313,46026603956823,1547.0
1431367742314,46027057142858,1548.0
1431367742317,46027459974889,1549.0
1431367743298,46027862806921,1550.0
1431367743300,46028315992956,1551.0
1431367744638,46028718824987,1552.0
1431367744638,46029121657018,1553.0
1431367745306,46029574843053,1554.0
1431367745309,46029977675085,1555.0
1431367745310,46030380507116,1556.0
1431367746312,46030833693151,1557.0
1431367746314,46031286879186,1558.0
1431367747296,46031689719212,1559.0
1431367747299,46032092551244,1560.0
1431367748302,46032545737279,1561.0
1431367748303,46032948569310,1562.0
1431367748305,46033351401341,1563.0
1431367751793,46033804587376,1564.0
1431367751793,46034257773412,1565.0
1431367751833,46034660605443,1566.0
1431367751833,46035113791478,1567.0
1431367751834,46035516623509,1568.0
1431367751847,46035969809544,1569.0
1431367751847,46036372641576,1570.0
1431367752385,46036775473607,1571.0
1431367752385,46037228659642,1572.0
1431367753306,46037631491673,1573.0
1431367753307,46038084677708,1574.0
1431367753312,46038487509740,1575.0
1431367754310,46038940695775,1576.0
1431367754313,46039343527806,1577.0
1431367755315,46039796713841,1578.0
1431367755318,46040199545873,1579.0
1431367756300,46040652731908,1580.0
1431367756301,46041055563939,1581.0
1431367756303,46041508749974,1582.0
1431367757305,46041911580234,1583.0
1431367757308,46042364766270,1584.0
1431367758309,46042767598301,1585.0
1431367758311,46043220784336,1586.0
1431367759315,46043623616367,1587.0
1431367759318,46044076802402,1588.0
1431367759325,46044479634434,1589.0
1431367760300,46044882466465,1590.0
1431367760302,46045285298496,1591.0
1431367761303,46045738484531,1592.0
1431367761307,46046141316562,1593.0
1431367762306,46046544148594,1594.0
1431367762308,46046946980625,1595.0
1431367762311,46047400166660,1596.0
1431367763312,46047802998691,1597.0
1431367763315,46048256184727,1598.0
1431367764316,46048659016758,1599.0
1431367764318,46049112202793,1600.0
1431367764320,46049515034824,1601.0
1431367765301,46049917866855,1602.0
1431367765303,46050371052891,1603.0
1431367766305,46050773884922,1604.0
1431367766307,46051176716953,1605.0
1431367767308,46051629878851,1606.0
1431367767310,46052032710883,1607.0
1431367767313,46052435542914,1608.0
1431367768314,46052888728949,1609.0
1431367768317,46053291560980,1610.0
1431367769298,46053694393011,1611.0
1431367769300,46054147579047,1612.0
1431367770335,46054550411078,1613.0
1431367770335,46054953243109,1614.0
1431367770335,46055406429144,1615.0
1431367771307,46055859615179,1616.0
1431367771309,46056262447211,1617.0
1431367772311,46056715633246,1618.0
1431367772313,46057118465277,1619.0
1431367773314,46057521297308,1620.0
1431367773317,46057974483343,1621.0
1431367773319,46058377315375,1622.0
1431367774300,46058830501410,1623.0
1431367774303,46059233333441,1624.0
1431367775305,46059636165472,1625.0
1431367775306,46060038997504,1626.0
1431367775309,46060492183539,1627.0
1431367776320,46060895015570,1628.0
1431367776320,46061297847601,1629.0
1431367777317,46061700678026,1630.0
1431367777317,46062153864061,1631.0
1431367778296,46062556696092,1632.0
1431367778298,46063009882127,1633.0
1431367778301,46063412714158,1634.0
1431367779306,46063865900193,1635.0
1431367779306,46064268732225,1636.0
1431367780323,46064671564256,1637.0
1431367780327,46065124750291,1638.0
1431367780327,46065527582322,1639.0
1431367781315,46065930414354,1640.0
1431367781315,46066333246385,1641.0
1431367782319,46066786432420,1642.0
1431367782319,46067239618455,1643.0
1431367783302,46067642450486,1644.0
1431367783330,46068045282518,1645.0
1431367783331,46068498468553,1646.0
1431367784305,46068901300584,1647.0
1431367784307,46069304132615,1648.0
1431367785309,46069757318651,1649.0
1431367785312,46070160150682,1650.0
1431367786314,46070562982713,1651.0
1431367786319,46070965814744,1652.0
1431367786319,46071368646776,1653.0
1431367787299,46071771475700,1654.0
1431367787301,46072224661735,1655.0
1431367788303,46072627493766,1656.0
1431367788305,46073030325797,1657.0
1431367788308,46073483511833,1658.0
1431367789310,46073886343864,1659.0
1431367789312,46074289175895,1660.0
1431367790313,46074742361930,1661.0
1431367790315,46075145193961,1662.0
1431367791298,46075548025993,1663.0
1431367791300,46076001212028,1664.0
1431367791303,46076404044059,1665.0
1431367792311,46076857230094,1666.0
1431367792311,46077260062126,1667.0
1431367793309,46077662894157,1668.0
1431367793318,46078065726188,1669.0
1431367793318,46078518912223,1670.0
1431367794326,46078972098258,1671.0
1431367794326,46079374930290,1672.0
1431367795304,46079777762321,1673.0
1431367795304,46080180594352,1674.0
1431367796306,46080583426383,1675.0
1431367796306,46080986258415,1676.0
1431367796308,46081439444450,1677.0
1431367797309,46081842308351,1678.0
1431367797311,46082245140382,1679.0
1431367798313,46082698326417,1680.0
1431367798316,46083101158449,1681.0
1431367799298,46083503990480,1682.0
1431367799301,46083957176515,1683.0
1431367799303,46084360008546,1684.0
1431367800304,46084762840578,1685.0
1431367800306,46085216026613,1686.0
1431367801309,46085618858644,1687.0
1431367801312,46086072044679,1688.0
1431367801314,46086474876710,1689.0
1431367802323,46086928062746,1690.0
1431367802323,46087330894777,1691.0
1431367803303,46087784080812,1692.0
1431367803304,46088186912843,1693.0
1431367804311,46088640098878,1694.0
1431367804311,46089042930910,1695.0
1431367804312,46089496116945,1696.0
1431367805312,46089898948976,1697.0
1431367805314,46090352135011,1698.0
1431367806302,46090805321046,1699.0
1431367806302,46091208153078,1700.0
1431367807306,46091610974082,1701.0
1431367807306,46092064160117,1702.0
1431367807329,46092517346152,1703.0
1431367808313,46092920178183,1704.0
1431367808313,46093323010215,1705.0
1431367809314,46093725842246,1706.0
1431367809316,46094128674277,1707.0
1431367810299,46094581860312,1708.0
1431367810301,46094984692344,1709.0
1431367810304,46095437878379,1710.0
1431367811316,46095840710410,1711.0
1431367811316,46096243542441,1712.0
1431367812312,46096696728476,1713.0
1431367812314,46097099560508,1714.0
1431367813317,46097552746543,1715.0
1431367813318,46097955578574,1716.0
1431367813320,46098408764609,1717.0
1431367814302,46098861950644,1718.0
1431367814304,46099264782676,1719.0
1431367815331,46099667614707,1720.0
1431367815331,46100070446738,1721.0
1431367815331,46100523632773,1722.0
1431367816319,46100926464804,1723.0
1431367816319,46101379650840,1724.0
1431367817305,46101782467310,1725.0
1431367817305,46102185299341,1726.0
1431367818305,46102638485376,1727.0
1431367818308,46103091671411,1728.0
1431367818309,46103494503443,1729.0
1431367819311,46103897335474,1730.0
1431367819313,46104350521509,1731.0
1431367820303,46104753353540,1732.0
1431367820303,46105206539576,1733.0
1431367821304,46105609371607,1734.0
1431367821304,46106012203638,1735.0
1431367821308,46106415035669,1736.0
1431367822314,46106817867701,1737.0
1431367822314,46107220699732,1738.0
1431367823314,46107673885767,1739.0
1431367823316,46108076717798,1740.0
1431367823321,46108479549829,1741.0
1431367824305,46108932735865,1742.0
1431367824305,46109285213892,1743.0
1431367825306,46109738399927,1744.0
1431367825308,46110141231958,1745.0
1431367826335,46110594417993,1746.0
1431367826335,46110997250025,1747.0
1431367826336,46111400082056,1748.0
1431367827298,46111802927112,1749.0
1431367827300,46112256113147,1750.0
1431367828305,46112658945179,1751.0
1431367828308,46113061777210,1752.0
1431367828308,46113514963245,1753.0
1431367829336,46113917795276,1754.0
1431367829337,46114320627308,1755.0
1431367830317,46114773813343,1756.0
1431367830325,46115176645374,1757.0
1431367831308,46115579477405,1758.0
1431367831308,46116032663440,1759.0
1431367831308,46116435495472,1760.0
1431367832310,46116838327503,1761.0
1431367832311,46117291513538,1762.0
1431367833314,46117744699573,1763.0
1431367833316,46118147531604,1764.0
1431367834309,46118600717640,1765.0
1431367834310,46119003549671,1766.0
1431367834310,46119456735706,1767.0
1431367835309,46119859567737,1768.0
1431367835309,46120262399768,1769.0
1431367836325,46120665231800,1770.0
1431367836326,46121118417835,1771.0
1431367837303,46121571614904,1772.0
1431367837304,46121974446935,1773.0
1431367837304,46122377278967,1774.0
1431367838304,46122830465002,1775.0
1431367838307,46123283651037,1776.0
1431367839320,46123686483068,1777.0
1431367839320,46124139669103,1778.0
1431367840314,46124542501135,1779.0
1431367840316,46124945333166,1780.0
1431367840318,46125398519201,1781.0
1431367841303,46125801351232,1782.0
1431367841319,46126254537267,1783.0
1431367842307,46126707723302,1784.0
1431367842309,46127110555334,1785.0
1431367843314,46127513387365,1786.0
1431367843320,46127966573400,1787.0
1431367843326,46128319051427,1788.0
1431367844300,46128721883459,1789.0
1431367844302,46129124715490,1790.0
1431367845308,46129527547521,1791.0
1431367845308,46129980733556,1792.0
1431367845316,46130383565588,1793.0
1431367846312,46130836751623,1794.0
1431367846314,46131239583654,1795.0
1431367847329,46131592044030,1796.0
1431367847329,46132045230066,1797.0
1431367847329,46132448062097,1798.0
1431367848318,46132850894128,1799.0
1431367848318,46133253726159,1800.0
1431367849310,46133706912194,1801.0
1431367849312,46134109744226,1802.0
1431367850296,46134512576257,1803.0
1431367850298,46134965762292,1804.0
1431367850300,46135368594323,1805.0
1431367851303,46135771426355,1806.0
1431367851306,46136174258386,1807.0
1431367852313,46136577090417,1808.0
1431367852316,46137030276452,1809.0
1431367852317,46137433108484,1810.0
1431367853316,46137835940515,1811.0
1431367853319,46138238772546,1812.0
1431367854303,46138691958581,1813.0
1431367854303,46139094790612,1814.0
1431367855320,46139497622644,1815.0
1431367855320,46139950808679,1816.0
1431367855321,46140353640710,1817.0
1431367856319,46140806826745,1818.0
1431367856319,46141260012780,1819.0
1431367857346,46141662843618,1820.0
1431367857346,46142065675649,1821.0
1431367857346,46142518861684,1822.0
1431367858311,46142921693715,1823.0
1431367858311,46143324525747,1824.0
1431367859313,46143777711782,1825.0
1431367859314,46144180543813,1826.0
1431367860311,46144583375844,1827.0
1431367860311,46145036561879,1828.0
1431367860311,46145439393911,1829.0
1431367861312,46145892579946,1830.0
1431367861312,46146295411977,1831.0
1431367862311,46146748598012,1832.0
1431367862313,46147151430043,1833.0
1431367863302,46147604616079,1834.0
1431367863302,46148007448110,1835.0
1431367863302,46148410280141,1836.0
1431367864309,46148813112172,1837.0
1431367864309,46149266298207,1838.0
1431367865309,46149719484243,1839.0
1431367865312,46150071962270,1840.0
1431367866357,46150525148305,1841.0
1431367866357,46150927980336,1842.0
1431367866357,46151381166372,1843.0
1431367867308,46151733669792,1844.0
1431367867308,46152136501823,1845.0
1431367868310,46152589687858,1846.0
1431367868312,46152992519890,1847.0
1431367868314,46153445705925,1848.0
1431367869308,46153848537956,1849.0
1431367869308,46154251369987,1850.0
1431367870304,46154704556022,1851.0
1431367870305,46155157742058,1852.0
1431367871318,46155560574089,1853.0
1431367871318,46155963406120,1854.0
1431367871318,46156366238151,1855.0
1431367872322,46156819424186,1856.0
1431367872322,46157222256218,1857.0
1431367873305,46157625088249,1858.0
1431367873305,46158027920280,1859.0
1431367873324,46158430752311,1860.0
1431367874331,46158833584343,1861.0
1431367874332,46159236416374,1862.0
1431367875321,46159689602409,1863.0
1431367875321,46160142788444,1864.0
1431367876304,46160545620475,1865.0
1431367876305,46160948452507,1866.0
1431367876315,46161401638542,1867.0
1431367877314,46161754121606,1868.0
1431367877315,46162207307641,1869.0
1431367878316,46162559785669,1870.0
1431367878316,46163012971704,1871.0
1431367878319,46163415803735,1872.0
1431367879308,46163818635766,1873.0
1431367879308,46164171113794,1874.0
1431367880309,46164624299829,1875.0
1431367880312,46165027131860,1876.0
1431367880314,46165480317895,1877.0
1431367881315,46165832795923,1878.0
1431367881318,46166336335962,1879.0
1431367882301,46166688813989,1880.0
1431367882304,46167142000024,1881.0
1431367883340,46167595186059,1882.0
1431367883340,46167998018091,1883.0
1431367883340,46168400850122,1884.0
1431367884328,46168803682153,1885.0
1431367884328,46169256868188,1886.0
1431367885313,46169659700220,1887.0
1431367885313,46170112886255,1888.0
1431367885314,46170465364282,1889.0
1431367886309,46170868196313,1890.0
1431367886312,46171321382348,1891.0
1431367887316,46171724184798,1892.0
1431367887318,46172127016829,1893.0
1431367888304,46172529848860,1894.0
1431367888305,46172932680891,1895.0
1431367888323,46173385866927,1896.0
1431367889311,46173839052962,1897.0
1431367889316,46174191530989,1898.0
1431367890315,46174594363020,1899.0
1431367890318,46174997195052,1900.0
1431367890320,46175450381087,1901.0
1431367891304,46175853213118,1902.0
1431367891307,46176306399153,1903.0
1431367892309,46176658877180,1904.0
1431367892311,46177112063216,1905.0
1431367892314,46177464541243,1906.0
1431367893335,46177968081282,1907.0
1431367893336,46178320559309,1908.0
1431367894306,46178773745345,1909.0
1431367894306,46179126223372,1910.0
1431367895312,46179529055403,1911.0
1431367895312,46179931887434,1912.0
1431367895315,46180284365462,1913.0
1431367896315,46180687197493,1914.0
1431367896317,46181090029524,1915.0
1431367896319,46181442507552,1916.0
1431367897314,46181794976625,1917.0
1431367897314,46182197808656,1918.0
1431367898354,46182550286684,1919.0
1431367898354,46182953118715,1920.0
1431367898354,46183355950746,1921.0
1431367899316,46183758782777,1922.0
1431367899319,46184161614809,1923.0
1431367900304,46184564446840,1924.0
1431367900305,46184967278871,1925.0
1431367900308,46185370110902,1926.0
1431367901311,46185772942934,1927.0
1431367901332,46186175774965,1928.0
1431367902316,46186578606996,1929.0
1431367902317,46186981439027,1930.0
1431367902320,46187384271059,1931.0
1431367903306,46187787103090,1932.0
1431367903306,46188189935121,1933.0
1431367904309,46188542413148,1934.0
1431367904311,46188995599184,1935.0
1431367904313,46189348077211,1936.0
1431367905301,46189801263246,1937.0
1431367905301,46190153741273,1938.0
1431367906304,46190606927309,1939.0
1431367906308,46190959405336,1940.0
1431367906308,46191362237367,1941.0
1431367907312,46191765066246,1942.0
1431367907313,46192218252282,1943.0
1431367908297,46192621084313,1944.0
1431367908299,46193023916344,1945.0
1431367908301,46193477102379,1946.0
1431367909331,46193829580407,1947.0
1431367909331,46194232412438,1948.0
1431367910338,46194635244469,1949.0
1431367910338,46195088430504,1950.0
1431367910339,46195440908532,1951.0
1431367911320,46195894094567,1952.0
1431367911320,46196246572594,1953.0
1431367912321,46196649404625,1954.0
1431367912321,46197102590660,1955.0
1431367912321,46197505422692,1956.0
1431367913340,46197908254723,1957.0
1431367913340,46198311086754,1958.0
1431367914307,46198663564782,1959.0
1431367914307,46199116750817,1960.0
1431367915337,46199519582848,1961.0
1431367915337,46199872060875,1962.0
1431367915337,46200375600914,1963.0
1431367916319,46200778432946,1964.0
1431367916319,46201181264977,1965.0
1431367917302,46201584121706,1966.0
1431367917302,46201986953737,1967.0
1431367917303,46202440139772,1968.0
1431367918307,46202842971804,1969.0
1431367918308,46203245803835,1970.0
1431367919313,46203648635866,1971.0
1431367919315,46204152175905,1972.0
1431367919317,46204504653933,1973.0
1431367920300,46204907485964,1974.0
1431367920302,46205310317995,1975.0
1431367921395,46205763504030,1976.0
1431367921395,46206166336062,1977.0
1431367922343,46206569168093,1978.0
1431367922343,46206972000124,1979.0
1431367922343,46207425186159,1980.0
1431367923300,46207828018190,1981.0
1431367923302,46208230850222,1982.0
1431367924358,46208633682253,1983.0
1431367924358,46209036514284,1984.0
1431367925312,46209489700319,1985.0
1431367925314,46209892532351,1986.0
1431367925316,46210295364382,1987.0
1431367926303,46210698196413,1988.0
1431367926303,46211151382448,1989.0
1431367927305,46211503851423,1990.0
1431367927321,46211957037458,1991.0
1431367927322,46212359869489,1992.0
1431367928318,46212762701520,1993.0
1431367928318,46213165533552,1994.0
1431367929312,46213618719587,1995.0
1431367929312,46214021551618,1996.0
1431367929312,46214474737653,1997.0
1431367930311,46214877569684,1998.0
1431367930311,46215280401716,1999.0
1431367931313,46215733587751,2000.0
1431367931316,46216136419782,2001.0
1431367932298,46216539251813,2002.0
1431367932300,46216942083844,2003.0
1431367932303,46217344915876,2004.0
1431367933314,46217747747907,2005.0
1431367933314,46218150579938,2006.0
1431367934312,46218553411969,2007.0
1431367934314,46219006598005,2008.0
1431367934317,46219409430036,2009.0
1431367935305,46219812262067,2010.0
1431367935305,46220215094098,2011.0
1431367936311,46220617926130,2012.0
1431367936311,46221020758161,2013.0
1431367936311,46221423590192,2014.0
1431367937315,46221876803094,2015.0
1431367937320,46222279635126,2016.0
1431367938312,46222732821161,2017.0
1431367938313,46223135653192,2018.0
1431367939306,46223588839227,2019.0
1431367939308,46223991671258,2020.0
1431367939311,46224444857294,2021.0
1431367940345,46224847689325,2022.0
1431367940345,46225250521356,2023.0
1431367941301,46225653353387,2024.0
1431367941323,46226056185419,2025.0
1431367941323,46226459017450,2026.0
1431367942309,46226912203485,2027.0
1431367942318,46227315035516,2028.0
1431367943314,46227717867547,2029.0
1431367943316,46228221407586,2030.0
1431367944327,46228573885614,2031.0
1431367944327,46228976717645,2032.0
1431367944327,46229429903680,2033.0
1431367945342,46229832735711,2034.0
1431367945342,46230235567743,2035.0
1431367946318,46230638399774,2036.0
1431367946319,46231091585809,2037.0
1431367947339,46231695823016,2038.0
1431367947339,46232451133075,2039.0
1431367948320,46232803611102,2040.0
1431367948320,46233307151141,2041.0
1431367949349,46233861045184,2042.0
1431367949349,46234364585223,2043.0
1431367950310,46234918479266,2044.0
1431367950310,46235472373309,2045.0
1431367951320,46236076621356,2046.0
1431367952316,46236580161395,2047.0
1431367952354,46237234763446,2048.0
1431367953314,46237788657489,2049.0
1431367953314,46238392905536,2050.0
1431367954311,46238896445575,2051.0
1431367955296,46239551047625,2052.0
1431367955298,46240054587664,2053.0
1431367956303,46240709189715,2054.0
1431367956306,46241212729754,2055.0
1431367957310,46241867316128,2056.0
1431367957314,46242471564175,2057.0
1431367958426,46243025458218,2058.0
1431367958426,46243579352261,2059.0
1431367959722,46244133246304,2060.0
1431367960310,46244687140347,2061.0
1431367960313,46245392096402,2062.0
1431367961319,46245945990444,2063.0
1431367962302,46246550238491,2064.0
1431367962305,46247204840542,2065.0
1431367963309,46247557318569,2066.0
1431367963311,46247859442593,2067.0
1431367963312,46248211920620,2068.0
1431367964316,46248816168667,2069.0
1431367964320,46249420416714,2070.0
1431367965309,46250175726773,2071.0
1431367966313,46250679266812,2072.0
1431367966313,46251384222866,2073.0
1431367967352,46251887758790,2074.0
1431367968307,46252542360841,2075.0
1431367968307,46252995546876,2076.0
1431367969350,46253499086915,2077.0
1431367969350,46254052980958,2078.0
1431367970320,46254657229005,2079.0
1431367970325,46255261477052,2080.0
1431367971302,46255815371095,2081.0
1431367971339,46256369265138,2082.0
1431367972339,46256973513185,2083.0
1431367972339,46257477053224,2084.0
1431367973329,46258030947267,2085.0
1431367974300,46258584841310,2086.0
1431367974335,46259189089357,2087.0
1431367975331,46259692629396,2088.0
1431367975331,46260296877443,2089.0
1431367976363,46260800417482,2090.0
1431367976363,46261354311525,2091.0
1431367977304,46261908198006,2092.0
1431367977311,46262512446053,2093.0
1431367978344,46263015986092,2094.0
1431367979328,46263569880135,2095.0
1431367979328,46264174128182,2096.0
1431367980301,46264728022225,2097.0
1431367980305,46265231562264,2098.0
1431367981325,46265835810310,2099.0
1431367981325,46266389704353,2100.0
1431367982413,46266993952400,2101.0
1431367983310,46267497492439,2102.0
1431367983310,46268051386482,2103.0
1431367984303,46268605280525,2104.0
1431367984307,46269259882576,2105.0
1431367985310,46269713068611,2106.0
1431367985314,46270367670662,2107.0
1431367986317,46270871210701,2108.0
1431367986320,46271475458748,2109.0
1431367987303,46271979007425,2110.0
1431367988309,46272583255472,2111.0
1431367988311,46273086795511,2112.0
1431367989314,46273691043558,2113.0
1431367989318,46274244937601,2114.0
1431367990300,46274849185648,2115.0
1431367990304,46275352725687,2116.0
1431367991306,46275906619730,2117.0
1431367992311,46276460513773,2118.0
1431367992314,46277014407816,2119.0
1431367993298,46277618655863,2120.0
1431367993301,46278222903909,2121.0
1431367994320,46278726443948,2122.0
1431367994322,46279330691995,2123.0
1431367995342,46279884586038,2124.0
1431367995342,46280438480081,2125.0
1431367996338,46280992374124,2126.0
1431367997303,46281596643033,2127.0
1431367997305,46282100183072,2128.0
1431367998310,46282654077115,2129.0
1431367998313,46283308679166,2130.0
1431367999317,46283862573209,2131.0
1431367999321,46284416467252,2132.0
1431368000321,46285020715299,2133.0
1431368001325,46285524255338,2134.0
1431368001325,46286178857389,2135.0
1431368002328,46286682397428,2136.0
1431368002328,46287336999478,2137.0
1431368003343,46287840539517,2138.0
1431368003343,46288444787564,2139.0
1431368004335,46288998681607,2140.0
1431368005332,46289552575650,2141.0
1431368005332,46290106469693,2142.0
1431368006304,46290710717740,2143.0
1431368006304,46291214257779,2144.0
1431368007330,46291868852831,2145.0
1431368007330,46292372392870,2146.0
1431368008314,46292976640917,2147.0
1431368009386,46293530534960,2148.0
1431368009386,46294134783007,2149.0
1431368010313,46294688677050,2150.0
1431368010313,46295292925097,2151.0
1431368011315,46295796465136,2152.0
1431368011315,46296400713183,2153.0
1431368012337,46296954607226,2154.0
1431368012337,46297508501268,2155.0
1431368013346,46298062395311,2156.0
1431368014332,46298616289354,2157.0
1431368014332,46299170183397,2158.0
1431368015319,46299774431444,2159.0
1431368015319,46300277971483,2160.0
1431368016299,46300831865526,2161.0
1431368016303,46301335405565,2162.0
1431368017314,46301939657521,2163.0
1431368017314,46302443197560,2164.0
1431368018314,46303047445607,2165.0
1431368019316,46303601339650,2166.0
1431368019319,46304155233693,2167.0
1431368020301,46304658773732,2168.0
1431368020304,46305313375783,2169.0
1431368021307,46305766561818,2170.0
1431368021311,46306320455861,2171.0
1431368022313,46306823995900,2172.0
1431368022317,46307377889943,2173.0
1431368023303,46307982137990,2174.0
1431368024305,46308536032033,2175.0
1431368024312,46309039572072,2176.0
1431368025313,46309593466115,2177.0
1431368025319,46310097006154,2178.0
1431368026306,46310650900197,2179.0
1431368026306,46311204794240,2180.0
1431368027302,46311758659261,2181.0
1431368027305,46312262199300,2182.0
1431368028309,46312866447347,2183.0
1431368028312,46313369987386,2184.0
1431368029315,46313873527425,2185.0
1431368030302,46314528129476,2186.0
1431368030302,46315132377523,2187.0
1431368031309,46315585563558,2188.0
1431368031309,46316089103597,2189.0
1431368032325,46316693351644,2190.0
1431368032325,46317196891683,2191.0
1431368033347,46317750785726,2192.0
1431368033347,46318355033773,2193.0
1431368034346,46318908927816,2194.0
1431368034346,46319412467855,2195.0
1431368035340,46320067069905,2196.0
1431368036314,46320620963948,2197.0
1431368036317,46321225211995,2198.0
1431368037300,46321779128774,2199.0
1431368037303,46322282668813,2200.0
1431368038307,46322886916860,2201.0
1431368038310,46323390456899,2202.0
1431368039313,46323944350942,2203.0
1431368042454,46324498244985,2204.0
1431368042454,46325102493032,2205.0
1431368042482,46325606033071,2206.0
1431368042482,46326210281118,2207.0
1431368042493,46326764175161,2208.0
1431368042493,46327318069204,2209.0
1431368043315,46327821609243,2210.0
1431368043318,46328476211294,2211.0
1431368044300,46328979751333,2212.0
1431368045304,46329583999380,2213.0
1431368045308,46330137893423,2214.0
1431368046310,46330691787466,2215.0
1431368046314,46331245681509,2216.0
1431368047316,46331900279628,2217.0
1431368047319,46332403819668,2218.0
1431368048302,46332957713710,2219.0
1431368048305,46333461253750,2220.0
1431368049307,46334065501796,2221.0
1431368050311,46334669749843,2222.0
1431368050314,46335223643886,2223.0
1431368051316,46335777537929,2224.0
1431368051319,46336281077968,2225.0
1431368052301,46336784618007,2226.0
1431368052304,46337288158046,2227.0
1431368053305,46337690990078,2228.0
1431368053309,46338244884121,2229.0
1431368054311,46338798778164,2230.0
1431368054315,46339352672207,2231.0
1431368055317,46339906566250,2232.0
1431368056299,46340510814296,2233.0
1431368056302,46341014354335,2234.0
1431368057305,46341568247398,2235.0
1431368057307,46342071787438,2236.0
1431368058308,46342575327477,2237.0
1431368058312,46343078867516,2238.0
1431368059315,46343632761559,2239.0
1431368059317,46344237009605,2240.0
1431368060300,46344790903648,2241.0
1431368060304,46345344797691,2242.0
1431368061306,46345949045738,2243.0
1431368062407,46346502939781,2244.0
1431368062407,46347056833824,2245.0
1431368063313,46347610727867,2246.0
1431368063316,46348164621910,2247.0
1431368064299,46348718515953,2248.0
1431368064302,46349322764000,2249.0
1431368065303,46349826304039,2250.0
1431368065308,46350380198082,2251.0
1431368066308,46350934092125,2252.0
1431368066311,46351538340172,2253.0
1431368067345,46352092228660,2254.0
1431368068303,46352646122703,2255.0
1431368068303,46353200016746,2256.0
1431368069302,46353804264793,2257.0
1431368069305,46354358158836,2258.0
1431368070306,46354962406883,2259.0
1431368070309,46355516300925,2260.0
1431368071314,46356070194968,2261.0
1431368072314,46356624089011,2262.0
1431368072317,46357228337058,2263.0
1431368073301,46357731877097,2264.0
1431368073303,46358336125144,2265.0
1431368074305,46358890019187,2266.0
1431368074309,46359494267234,2267.0
1431368075311,46359997807273,2268.0
1431368076312,46360602055320,2269.0
1431368076316,46361155949363,2270.0
1431368077297,46361709842387,2271.0
1431368077300,46362314090434,2272.0
1431368078303,46362867984477,2273.0
1431368078306,46363421878520,2274.0
1431368079308,46364026126567,2275.0
1431368080311,46364529666606,2276.0
1431368080314,46365133914653,2277.0
1431368081296,46365738162699,2278.0
1431368081300,46366292056742,2279.0
1431368082313,46366795596781,2280.0
1431368082313,46367399844828,2281.0
1431368083307,46367903384867,2282.0
1431368084310,46368507632914,2283.0
1431368084313,46369061526957,2284.0
1431368085297,46369615421000,2285.0
1431368085299,46370169315043,2286.0
1431368086301,46370723209086,2287.0
1431368086305,46371327457133,2288.0
1431368087307,46371780655333,2289.0
1431368087311,46372384903380,2290.0
1431368088313,46372888443419,2291.0
1431368088316,46373442337462,2292.0
1431368089298,46373996231505,2293.0
1431368089301,46374499771544,2294.0
1431368090303,46374902603575,2295.0
1431368090306,46375506851622,2296.0
1431368091321,46375909683654,2297.0
1431368091321,46376463577696,2298.0
1431368092314,46376916763732,2299.0
1431368092316,46377369949767,2300.0
1431368093299,46377873489806,2301.0
1431368093302,46378477737853,2302.0
1431368094309,46378981277892,2303.0
1431368095309,46379585525939,2304.0
1431368095312,46380089065978,2305.0
1431368096313,46380592606017,2306.0
1431368096315,46381096146056,2307.0
1431368097298,46381599676578,2308.0
1431368097301,46382203924625,2309.0
1431368098304,46382757818668,2310.0
1431368098308,46383261358707,2311.0
1431368099310,46383865606754,2312.0
1431368099313,46384369146793,2313.0
1431368100316,46384923040836,2314.0
1431368100319,46385426580875,2315.0
1431368101302,46385930120914,2316.0
1431368102305,46386534368961,2317.0
1431368102308,46387037909000,2318.0
1431368103319,46387642157047,2319.0
1431368103319,46388145697086,2320.0
1431368104299,46388699591129,2321.0
1431368104300,46389203131168,2322.0
1431368105303,46389807379215,2323.0
1431368105306,46390310919254,2324.0
1431368106366,46390864813297,2325.0
1431368106366,46391418707340,2326.0
1431368107316,46391972598275,2327.0
1431368107319,46392476138314,2328.0
1431368108326,46393080386361,2329.0
1431368109308,46393583926400,2330.0
1431368109309,46394137820443,2331.0
1431368110353,46394691714486,2332.0
1431368110353,46395245608529,2333.0
1431368111310,46395799502571,2334.0
1431368111310,46396403750618,2335.0
1431368112319,46396907290657,2336.0
1431368112319,46397461184700,2337.0
1431368113311,46397964724739,2338.0
1431368114322,46398518618782,2339.0
1431368114322,46399072512825,2340.0
1431368115319,46399676760872,2341.0
1431368115319,46400180300911,2342.0
1431368116308,46400734194954,2343.0
1431368116309,46401288088997,2344.0
1431368117329,46401842009865,2345.0
1431368117330,46402395903908,2346.0
1431368118342,46402899443947,2347.0
1431368119301,46403453337990,2348.0
1431368119304,46404007232033,2349.0
1431368120349,46404561126076,2350.0
1431368120349,46405165374123,2351.0
1431368121325,46405668914162,2352.0
1431368121325,46406273162209,2353.0
1431368122351,46406726348244,2354.0
1431368122351,46407280242287,2355.0
1431368123305,46407834136330,2356.0
1431368123308,46408337676369,2357.0
1431368124310,46408891570412,2358.0
1431368124314,46409495818459,2359.0
1431368125317,46409999358498,2360.0
1431368126301,46410603606545,2361.0
1431368126302,46411107146584,2362.0
1431368127305,46411661014385,2363.0
1431368127309,46412164554424,2364.0
1431368128311,46412768802471,2365.0
1431368128314,46413322696514,2366.0
1431368129297,46413876590557,2367.0
1431368129301,46414480838604,2368.0
1431368130303,46414984378643,2369.0
1431368131306,46415538272686,2370.0
1431368131309,46416142520733,2371.0
1431368132314,46416696414776,2372.0
1431368132317,46417300662822,2373.0
1431368133298,46417854556865,2374.0
1431368133301,46418408450908,2375.0
1431368134304,46418962344951,2376.0
1431368135307,46419566592998,2377.0
1431368135310,46420070133037,2378.0
1431368136313,46420624027080,2379.0
1431368136317,46421177921123,2380.0
1431368137350,46421681458896,2381.0
1431368137350,46422285706943,2382.0
1431368138305,46422889954990,2383.0
1431368138309,46423393495029,2384.0
1431368139313,46423997743076,2385.0
1431368139317,46424501283115,2386.0
1431368140298,46425155885166,2387.0
1431368141303,46425659425205,2388.0
1431368141307,46426263673252,2389.0
1431368142308,46426767213291,2390.0
1431368142311,46427270753330,2391.0
1431368143314,46427875001377,2392.0
1431368143317,46428479249424,2393.0
1431368144301,46428982789463,2394.0
1431368145303,46429536683506,2395.0
1431368145306,46430140931553,2396.0
1431368146319,46430644471592,2397.0
1431368146319,46431198365635,2398.0
1431368147316,46431802636799,2399.0
1431368147318,46432356530842,2400.0
1431368148301,46432910424885,2401.0
1431368148304,46433464318928,2402.0
1431368149308,46434068566975,2403.0
1431368150310,46434572107014,2404.0
1431368150314,46435176355061,2405.0
1431368151299,46435679895100,2406.0
1431368151303,46436334497151,2407.0
1431368152304,46436888391194,2408.0
1431368152307,46437442285237,2409.0
1431368153310,46437996179280,2410.0
1431368154313,46438600427327,2411.0
1431368154316,46439154321370,2412.0
1431368155300,46439657861409,2413.0
1431368155302,46440161401448,2414.0
1431368156304,46440765649495,2415.0
1431368156307,46441269189534,2416.0
1431368157311,46441873432780,2417.0
1431368157314,46442376972819,2418.0
1431368158317,46442930866862,2419.0
1431368158321,46443484760905,2420.0
1431368159304,46444139362955,2421.0
1431368160307,46444693256998,2422.0
1431368160310,46445196797038,2423.0
1431368161314,46445750691080,2424.0
1431368161317,46446304585123,2425.0
1431368162300,46446808125163,2426.0
1431368162306,46447362019205,2427.0
1431368163316,46447865559245,2428.0
1431368163316,46448419453288,2429.0
1431368164313,46448922993327,2430.0
1431368164316,46449527241373,2431.0
1431368165299,46449980427409,2432.0
1431368166302,46450483967448,2433.0
1431368166305,46451088215495,2434.0
1431368167310,46451591762742,2435.0
1431368167312,46452145656785,2436.0
1431368168314,46452699550828,2437.0
1431368168317,46453203090867,2438.0
1431368169304,46453807338913,2439.0
1431368169304,46454310878953,2440.0
1431368170306,46454864772996,2441.0
1431368170309,46455368313035,2442.0
1431368171315,46456022915085,2443.0
1431368172299,46456627163132,2444.0
1431368172302,46457231411179,2445.0
1431368173303,46457634243210,2446.0
1431368173307,46458188137253,2447.0
1431368174310,46458792385300,2448.0
1431368174313,46459295925339,2449.0
1431368175316,46459799465378,2450.0
1431368175319,46460353359421,2451.0
1431368176302,46460907253464,2452.0
1431368176304,46461410793503,2453.0
1431368177309,46461964669029,2454.0
1431368178312,46462568917076,2455.0
1431368178315,46463072457115,2456.0
1431368179323,46463626351158,2457.0
1431368179323,46464129891197,2458.0
1431368180305,46464683785240,2459.0
1431368180308,46465237679283,2460.0
1431368181311,46465791573326,2461.0
1431368181314,46466295113365,2462.0
1431368182304,46466849007408,2463.0
1431368182304,46467352547447,2464.0
1431368183304,46467956795494,2465.0
1431368183308,46468510689537,2466.0
1431368184312,46469064583580,2467.0
1431368185316,46469618477623,2468.0
1431368185319,46470122017662,2469.0
1431368186321,46470625557701,2470.0
1431368186321,46471229805748,2471.0
1431368187307,46471733359051,2472.0
1431368187311,46472236899090,2473.0
1431368188315,46472841147137,2474.0
1431368188317,46473445395184,2475.0
1431368189360,46473948935223,2476.0
1431368190305,46474553183270,2477.0
1431368190308,46475056723309,2478.0
1431368191312,46475610617352,2479.0
1431368191315,46476164511395,2480.0
1431368192299,46476768759442,2481.0
1431368192302,46477272299481,2482.0
1431368193305,46477876547528,2483.0
1431368193308,46478380087567,2484.0
1431368194312,46479034689618,2485.0
1431368195315,46479538229657,2486.0
1431368195319,46480192831707,2487.0
1431368196302,46480646017743,2488.0
1431368196305,46481250265789,2489.0
1431368197309,46481854517452,2490.0
1431368197313,46482358057491,2491.0
1431368198328,46482861597530,2492.0
1431368198328,46483465845577,2493.0
1431368199325,46483919031612,2494.0
1431368199325,46484472925655,2495.0
1431368200308,46484976465694,2496.0
1431368201318,46485631067745,2497.0
1431368201318,46486134607784,2498.0
1431368202299,46486638147823,2499.0
1431368202302,46487242395870,2500.0
1431368203306,46487796289913,2501.0
1431368203309,46488299829952,2502.0
1431368204332,46488853723995,2503.0
1431368204332,46489357264034,2504.0
1431368205299,46489961512081,2505.0
1431368205302,46490465052120,2506.0
1431368206306,46491018946163,2507.0
1431368207310,46491572828913,2508.0
1431368207313,46492126722956,2509.0
1431368208317,46492680616999,2510.0
1431368208317,46493234511042,2511.0
1431368209304,46493738051081,2512.0
1431368209307,46494342299128,2513.0
1431368210312,46494795485163,2514.0
1431368210314,46495399733210,2515.0
1431368211318,46495953627253,2516.0
1431368211322,46496507521296,2517.0
1431368212308,46497061415339,2518.0
1431368213315,46497564955378,2519.0
1431368213316,46498118849421,2520.0
1431368214315,46498672743464,2521.0
1431368214318,46499176283503,2522.0
1431368215346,46499780531550,2523.0
1431368215346,46500233717585,2524.0
1431368216352,46500837965632,2525.0
1431368216352,46501391859675,2526.0
1431368217316,46501945735345,2527.0
1431368217318,46502398921380,2528.0
1431368218305,46503053523431,2529.0
1431368219314,46503506709466,2530.0
1431368219348,46504110957513,2531.0
1431368220312,46504614497552,2532.0
1431368220316,46505218745599,2533.0
1431368221313,46505722285638,2534.0
1431368221313,46506276179681,2535.0
1431368222324,46506779719720,2536.0
1431368222325,46507383967767,2537.0
1431368223318,46507887507806,2538.0
1431368223318,46508491755853,2539.0
1431368224301,46509045649896,2540.0
1431368225362,46509599543939,2541.0
1431368225362,46510103083978,2542.0
1431368226320,46510707332025,2543.0
1431368226320,46511261226068,2544.0
1431368227305,46511815147342,2545.0
1431368227305,46512318687382,2546.0
1431368228305,46512922935428,2547.0
1431368228307,46513426475467,2548.0
1431368229311,46513980369510,2549.0
1431368229317,46514534263553,2550.0
1431368230310,46515088157596,2551.0
1431368231304,46515642051639,2552.0
1431368231310,46516145591678,2553.0
1431368232362,46516749839725,2554.0
1431368232362,46517354087772,2555.0
1431368233317,46517907981815,2556.0
1431368233320,46518361167850,2557.0
1431368234348,46518965415897,2558.0
1431368235341,46519620017948,2559.0
1431368235341,46520123557987,2560.0
1431368236352,46520677452030,2561.0
1431368236352,46521180992069,2562.0
1431368237318,46521835563420,2563.0
1431368237318,46522339103459,2564.0
1431368238352,46522943351506,2565.0
1431368238352,46523446891545,2566.0
1431368239325,46524000785588,2567.0
1431368240305,46524504325627,2568.0
1431368240305,46525058219670,2569.0
1431368241344,46525612113713,2570.0
1431368241344,46526166007756,2571.0
1431368242313,46526719901799,2572.0
1431368242347,46527273795842,2573.0
1431368243306,46527827689885,2574.0
1431368243306,46528280875920,2575.0
1431368244360,46528885123967,2576.0
1431368244360,46529489372014,2577.0
1431368245370,46529942558049,2578.0
1431368246298,46530496452092,2579.0
1431368246300,46531100700139,2580.0
1431368247309,46531654596904,2581.0
1431368247309,46532208490947,2582.0
1431368248312,46532762384989,2583.0
1431368248317,46533265925029,2584.0
1431368249322,46533819819072,2585.0
1431368249322,46534373713114,2586.0
1431368250303,46534877253154,2587.0
1431368250306,46535380793193,2588.0
1431368251308,46535884333232,2589.0
1431368251311,46536438227275,2590.0
1431368252315,46536992121318,2591.0
1431368252318,46537495661357,2592.0
1431368253301,46537999201396,2593.0
1431368254304,46538603449443,2594.0
1431368254307,46539106989482,2595.0
1431368255310,46539610529521,2596.0
1431368255314,46540164423564,2597.0
1431368256328,46540718317607,2598.0
1431368256328,46541221857646,2599.0
1431368257311,46541725412372,2600.0
1431368257311,46542279306415,2601.0
1431368258309,46542833200458,2602.0
1431368258311,46543387094501,2603.0
1431368259315,46543890634540,2604.0
1431368259317,46544444528583,2605.0
1431368260300,46544948068622,2606.0
1431368260303,46545501962665,2607.0
1431368261306,46545955148700,2608.0
1431368262310,46546509042743,2609.0
1431368262312,46547062936786,2610.0
1431368263410,46547616830829,2611.0
1431368263410,46548120370868,2612.0
1431368265380,46548674264911,2613.0
1431368265380,46549177804950,2614.0
1431368265779,46549782052997,2615.0
1431368265779,46550235239032,2616.0
1431368266641,46550789133075,2617.0
1431368266641,46551343027118,2618.0
1431368267298,46551846563003,2619.0
1431368267301,46552400457046,2620.0
1431368268304,46552954351089,2621.0
1431368268308,46553457891128,2622.0
1431368269310,46554011785171,2623.0
1431368270319,46554515325210,2624.0
1431368270319,46555069219253,2625.0
1431368271308,46555623113296,2626.0
1431368271308,46556126653335,2627.0
1431368272306,46556630193374,2628.0
1431368272309,46557234441421,2629.0
1431368273313,46557687627456,2630.0
1431368273332,46558241521499,2631.0
1431368274317,46558795415542,2632.0
1431368274320,46559349309585,2633.0
1431368275301,46559903203628,2634.0
1431368275304,46560406743667,2635.0
1431368276308,46560960637710,2636.0
1431368276310,46561464177749,2637.0
1431368277313,46562018077901,2638.0
1431368278319,46562622325948,2639.0
1431368278320,46563125865987,2640.0
1431368279300,46563629406026,2641.0
1431368279304,46564183300069,2642.0
1431368280307,46564686840108,2643.0
1431368280310,46565240734151,2644.0
1431368281313,46565844982198,2645.0
1431368281370,46566298168233,2646.0
1431368282300,46566852062276,2647.0
1431368282302,46567405956319,2648.0
1431368283309,46568010204366,2649.0
1431368283309,46568463390401,2650.0
1431368284327,46569067638448,2651.0
1431368285313,46569520824483,2652.0
1431368285317,46570074718526,2653.0
1431368286304,46570628612569,2654.0
1431368286304,46571232860616,2655.0
1431368287305,46571736397702,2656.0
1431368287307,46572239937741,2657.0
1431368288312,46572844185788,2658.0
1431368288336,46573347725827,2659.0
1431368289316,46573901619870,2660.0
1431368289319,46574455513913,2661.0
1431368290305,46575009407956,2662.0
1431368291307,46575512947995,2663.0
1431368291319,46576066842038,2664.0
1431368292310,46576671090085,2665.0
1431368292313,46577174630124,2666.0
1431368293298,46577778878171,2667.0
1431368293301,46578433480221,2668.0
1431368294304,46578836312253,2669.0
1431368294308,46579339852292,2670.0
1431368295309,46579893746335,2671.0
1431368295313,46580497994382,2672.0
1431368296315,46581001534421,2673.0
1431368297297,46581555440420,2674.0
1431368297300,46582109334463,2675.0
1431368298304,46582612874502,2676.0
1431368298306,46583116414541,2677.0
1431368299309,46583670308584,2678.0
1431368299348,46584224202627,2679.0
1431368300341,46584778096670,2680.0
1431368300341,46585331990713,2681.0
1431368301302,46585835530752,2682.0
1431368301343,46586439778799,2683.0
1431368302319,46586943318838,2684.0
1431368302319,46587497212881,2685.0
1431368303322,46588000752920,2686.0
1431368304323,46588554646963,2687.0
1431368304324,46589108541006,2688.0
1431368305339,46589662435049,2689.0
1431368305339,46590165975088,2690.0
1431368306309,46590719869131,2691.0
1431368306360,46591273763174,2692.0
1431368307341,46591827641541,2693.0
1431368307341,46592331181580,2694.0
1431368308315,46592885075623,2695.0
1431368308315,46593388615662,2696.0
1431368309319,46593942509705,2697.0
1431368310311,46594496403748,2698.0
1431368310316,46595050297791,2699.0
1431368311334,46595604191833,2700.0
1431368311334,46596208439880,2701.0
1431368312310,46596711979919,2702.0
1431368312310,46597265873962,2703.0
1431368313315,46597769414001,2704.0
1431368313315,46598373662048,2705.0
1431368314313,46598826848083,2706.0
1431368314321,46599431096130,2707.0
1431368315315,46599984990173,2708.0
1431368315318,46600488530212,2709.0
1431368316300,46601092778259,2710.0
1431368317303,46601596315721,2711.0
1431368317306,46602150209764,2712.0
1431368318309,46602704103807,2713.0
1431368318316,46603257997850,2714.0
1431368319313,46603811891893,2715.0
1431368319316,46604315431932,2716.0
1431368320298,46604869325975,2717.0
1431368320301,46605372866014,2718.0
1431368321303,46605977114061,2719.0
1431368321307,46606480654100,2720.0
1431368322313,46607084902147,2721.0
1431368323321,46607588442186,2722.0
1431368323322,46608091982225,2723.0
1431368324304,46608645876268,2724.0
1431368324304,46609250124315,2725.0
1431368325307,46609753664354,2726.0
1431368325307,46610357912401,2727.0
1431368326307,46610861452440,2728.0
1431368326310,46611364992479,2729.0
1431368327315,46611969265597,2730.0
1431368328315,46612523159640,2731.0
1431368328318,46613026699679,2732.0
1431368329302,46613580593722,2733.0
1431368329304,46614134487765,2734.0
1431368330306,46614738735812,2735.0
1431368330309,46615292629855,2736.0
1431368331314,46615846523898,2737.0
1431368331316,46616400417941,2738.0
1431368332318,46616903957980,2739.0
1431368332321,46617407498019,2740.0
1431368333302,46618011746066,2741.0
1431368334312,46618515286105,2742.0
1431368334312,46619069180148,2743.0
1431368335318,46619572720187,2744.0
1431368335319,46620126614230,2745.0
1431368336321,46620630154269,2746.0
1431368336322,46621184048312,2747.0
1431368337308,46621737914899,2748.0
1431368337308,46622291808942,2749.0
1431368338348,46622795348981,2750.0
1431368338348,46623399597028,2751.0
1431368339312,46623903137067,2752.0
1431368340318,46624457031110,2753.0
1431368340321,46625010925153,2754.0
1431368341300,46625514465192,2755.0
1431368341303,46626068359235,2756.0
1431368342309,46626622253278,2757.0
1431368342309,46627125793317,2758.0
1431368343314,46627730041364,2759.0
1431368343316,46628233581403,2760.0
1431368344317,46628787475446,2761.0
1431368344320,46629291015485,2762.0
1431368345304,46629895263532,2763.0
1431368345313,46630398803571,2764.0
1431368346307,46631003051618,2765.0
1431368347311,46631506605149,2766.0
1431368347314,46632110853196,2767.0
1431368348312,46632614393235,2768.0
1431368348312,46633168287278,2769.0
1431368349303,46633722181321,2770.0
1431368349305,46634326429367,2771.0
1431368350307,46634829969406,2772.0
1431368350312,46635383863449,2773.0
1431368351313,46635887403488,2774.0
1431368351317,46636542005539,2775.0
1431368352323,46637045545578,2776.0
1431368353333,46637599439621,2777.0
1431368353333,46638153333664,2778.0
1431368354315,46638707227707,2779.0
1431368354316,46639311475754,2780.0
1431368355338,46639865369797,2781.0
1431368355338,46640419263840,2782.0
1431368356345,46640973157883,2783.0
1431368356345,46641527051926,2784.0
1431368357317,46642080938261,2785.0
1431368358322,46642634832304,2786.0
1431368358322,46643138372343,2787.0
1431368359339,46643742620390,2788.0
1431368359339,46644296514433,2789.0
1431368360316,46644800054472,2790.0
1431368360316,46645303594511,2791.0
1431368361324,46645807134550,2792.0
1431368361324,46646361028593,2793.0
1431368362326,46646965276640,2794.0
1431368362326,46647519170683,2795.0
1431368363347,46648022710722,2796.0
1431368364323,46648576604765,2797.0
1431368364323,46649130498808,2798.0
1431368365343,46649734746855,2799.0
1431368365343,46650238286894,2800.0
1431368366339,46650842534941,2801.0
1431368366340,46651396428984,2802.0
1431368367320,46651950325900,2803.0
1431368367327,46652504219943,2804.0
1431368368304,46653058113986,2805.0
1431368369309,46653561654025,2806.0
1431368369309,46654165902071,2807.0
1431368370309,46654669442111,2808.0
1431368370312,46655223336153,2809.0
1431368371320,46655726876193,2810.0
1431368371320,46656280770236,2811.0
1431368372300,46656784310275,2812.0
1431368372303,46657388558321,2813.0
1431368373305,46657892098361,2814.0
1431368373308,46658496346407,2815.0
1431368374311,46658999886446,2816.0
1431368375315,46659553780489,2817.0
1431368375318,46660107674532,2818.0
1431368376300,46660611214571,2819.0
1431368376305,46661165108614,2820.0
1431368377304,46661769361312,2821.0
1431368377311,46662272901351,2822.0
1431368378309,46662877149398,2823.0
1431368378314,46663380689437,2824.0
1431368379315,46663934583480,2825.0
1431368379318,46664488477523,2826.0
1431368380306,46664992017562,2827.0
1431368381308,46665545911605,2828.0
1431368381309,46666150159652,2829.0
1431368382313,46666653699691,2830.0
1431368382313,46667157239730,2831.0
1431368383319,46667711133773,2832.0
1431368383319,46668265027816,2833.0
1431368384305,46668718213851,2834.0
1431368384305,46669372815902,2835.0
1431368385307,46669876355941,2836.0
1431368385307,46670379895980,2837.0
1431368386336,46670933790023,2838.0
1431368386336,46671487684066,2839.0
1431368387314,46672041567604,2840.0
1431368388298,46672595461647,2841.0
1431368388300,46673099001686,2842.0
1431368389309,46673703249733,2843.0
1431368389309,46674206789772,2844.0
1431368390308,46674760683815,2845.0
1431368390311,46675264223854,2846.0
1431368391322,46675818117897,2847.0
1431368391323,46676372011940,2848.0
1431368392306,46676976259987,2849.0
1431368392306,46677479800026,2850.0
1431368393304,46678033694069,2851.0
1431368394311,46678537234108,2852.0
1431368394311,46679141482155,2853.0
1431368395313,46679645022194,2854.0
1431368395316,46680198916237,2855.0
1431368396303,46680752810280,2856.0
1431368396303,46681357058327,2857.0
1431368397304,46681910973765,2858.0
1431368397307,46682464867808,2859.0
1431368398309,46683018761851,2860.0
1431368399312,46683572655894,2861.0
1431368399316,46684076195933,2862.0
1431368400298,46684680443980,2863.0
1431368400301,46685183984019,2864.0
1431368401304,46685788232066,2865.0
1431368401307,46686291772105,2866.0
1431368402319,46686896020152,2867.0
1431368402319,46687399560191,2868.0
1431368403316,46688003808237,2869.0
1431368404300,46688507348277,2870.0
1431368404316,46689111596323,2871.0
1431368405303,46689615136362,2872.0
1431368405306,46690169030405,2873.0
1431368406312,46690722924448,2874.0
1431368406314,46691327172495,2875.0
1431368407319,46691830678772,2876.0
1431368407319,46692434926819,2877.0
1431368408300,46692988820862,2878.0
1431368409306,46693542714905,2879.0
1431368409308,46694046254944,2880.0
1431368410309,46694650502991,2881.0
1431368410345,46695204397034,2882.0
1431368411317,46695808645081,2883.0
1431368411321,46696312185120,2884.0
1431368412328,46696916433167,2885.0
1431368412328,46697419973206,2886.0
1431368413324,46697973867249,2887.0
1431368414326,46698527761292,2888.0
1431368414326,46699132009339,2889.0
1431368415342,46699685903382,2890.0
1431368415342,46700239797425,2891.0
1431368416390,46700793691468,2892.0
1431368416390,46701297231507,2893.0
1431368417317,46701851138394,2894.0
1431368417317,46702455386441,2895.0
1431368418372,46702958926480,2896.0
1431368419326,46703563174526,2897.0
1431368419326,46704066714566,2898.0
1431368420304,46704620608609,2899.0
1431368420311,46705174502651,2900.0
1431368421343,46705728396694,2901.0
1431368421343,46706282290737,2902.0
1431368422313,46706836184780,2903.0
1431368422356,46707390078823,2904.0
1431368423381,46707943972866,2905.0
1431368423381,46708447512905,2906.0
1431368424836,46709001406948,2907.0
1431368426161,46709605654995,2908.0
1431368426161,46710109195034,2909.0
1431368426432,46710763797085,2910.0
1431368426432,46711267337124,2911.0
1431368427299,46711821231557,2912.0
1431368427300,46712425479604,2913.0
1431368428304,46712979373647,2914.0
1431368428307,46713533267690,2915.0
1431368429308,46714087161733,2916.0
1431368430310,46714641055776,2917.0
1431368430313,46715194949819,2918.0
1431368431316,46715748843862,2919.0
1431368431319,46716302737905,2920.0
1431368432300,46716856631948,2921.0
1431368432304,46717460879995,2922.0
1431368433306,46717964420034,2923.0
1431368434317,46718568668081,2924.0
1431368434317,46719122562124,2925.0
1431368435363,46719676456166,2926.0
1431368435363,46720230350209,2927.0
1431368436298,46720784244252,2928.0
1431368436303,46721338138295,2929.0
1431368437305,46721892050261,2930.0
1431368437308,46722496298308,2931.0
1431368438335,46723050192351,2932.0
1431368439309,46723604086394,2933.0
1431368439312,46724107626433,2934.0
1431368440314,46724711874480,2935.0
1431368440317,46725265768523,2936.0
1431368441298,46725819662566,2937.0
1431368441301,46726423910613,2938.0
1431368442311,46726977804656,2939.0
1431368442311,46727531698699,2940.0
1431368443307,46728085592742,2941.0
1431368444311,46728639486785,2942.0
1431368444316,46729143026824,2943.0
1431368445314,46729696920867,2944.0
1431368445317,46730250814910,2945.0
1431368446297,46730804708953,2946.0
1431368446301,46731358602996,2947.0
1431368447302,46731962825941,2948.0
1431368447305,46732516719984,2949.0
1431368448309,46733020260023,2950.0
1431368449321,46733624508070,2951.0
1431368449322,46734178402112,2952.0
1431368450315,46734782650159,2953.0
1431368450318,46735286190198,2954.0
1431368451297,46735789730237,2955.0
1431368451302,46736444332288,2956.0
1431368452309,46736947872327,2957.0
1431368453350,46737602474378,2958.0
1431368453350,46738106014417,2959.0
1431368454316,46738710262464,2960.0
1431368454316,46739213802503,2961.0
1431368455317,46739666988538,2962.0
1431368455319,46740220882581,2963.0
1431368456305,46740724422620,2964.0
1431368456306,46741328670667,2965.0
1431368457302,46741832213329,2966.0
1431368457305,46742386107372,2967.0
1431368458312,46742889647411,2968.0
1431368458312,46743393187450,2969.0
1431368459313,46743947081493,2970.0
1431368459317,46744450621532,2971.0
1431368460342,46745054869579,2972.0
1431368461334,46745558409618,2973.0
1431368461335,46745860533642,2974.0
1431368489306,46773857346320,2975.0
1431368489308,46774159470343,2976.0
1431368489314,46774511948370,2977.0
1431368490314,46774814072394,2978.0
1431368490314,46775216904425,2979.0
1431368490319,46775519028449,2980.0
1431368491354,46775871506476,2981.0
1431368491354,46776173630499,2982.0
1431368492323,46776576462531,2983.0
1431368492323,46776878586554,2984.0
1431368492323,46777281418585,2985.0
1431368493309,46777583542609,2986.0
1431368493309,46778036728644,2987.0
1431368493309,46778338852667,2988.0
1431368494310,46778691330695,2989.0
1431368494310,46779043808722,2990.0
1431368494310,46779446640753,2991.0
1431368495314,46779748764777,2992.0
1431368495314,46780151596808,2993.0
1431368495314,46780453720831,2994.0
1431368496311,46780856552863,2995.0
1431368496318,46781309738898,2996.0
1431368497305,46781561511749,2997.0
1431368497305,46781964343781,2998.0
1431368497305,46782316821808,2999.0
1431368498323,46782669299835,3000.0
1431368498323,46783122485870,3001.0
1431368498323,46783424609894,3002.0
1431368499332,46783877795929,3003.0
1431368499332,46784179919952,3004.0
1431368500341,46784532397980,3005.0
1431368500341,46784935230011,3006.0
1431368500341,46785338062042,3007.0
1431368501348,46785640186066,3008.0
1431368501348,46785992664093,3009.0
1431368501349,46786345142120,3010.0
1431368502301,46786697620148,3011.0
1431368502311,46787100452179,3012.0
1431368502311,46787452930206,3013.0
1431368503316,46787755054230,3014.0
1431368503316,46788157886261,3015.0
1431368503316,46788460010284,3016.0
1431368504348,46788862842316,3017.0
1431368504348,46789215320343,3018.0
1431368505321,46789567798370,3019.0
1431368505321,46789869922394,3020.0
1431368505321,46790272754425,3021.0
1431368506300,46790625232452,3022.0
1431368506300,46790977710480,3023.0
1431368506306,46791330188507,3024.0
1431368507308,46791682693802,3025.0
1431368507308,46792035171830,3026.0
1431368507308,46792387649857,3027.0
1431368508308,46792740127884,3028.0
1431368508311,46793142959916,3029.0
1431368509345,46793545791947,3030.0
1431368509345,46793948623978,3031.0
1431368509345,46794301102006,3032.0
1431368510334,46794653580033,3033.0
1431368510334,46795056412064,3034.0
1431368510334,46795408890091,3035.0
1431368511302,46795711014115,3036.0
1431368511303,46796113846146,3037.0
1431368511307,46796466324174,3038.0
1431368512341,46796869156205,3039.0
1431368512341,46797171280228,3040.0
1431368513306,46797574112259,3041.0
1431368513351,46797976944291,3042.0
1431368513351,46798329422318,3043.0
1431368514311,46798681900345,3044.0
1431368514318,46799034378373,3045.0
1431368514318,46799437210404,3046.0
1431368515314,46799789688431,3047.0
1431368515317,46800192520463,3048.0
1431368515320,46800544998490,3049.0
1431368516304,46800947830521,3050.0
1431368516304,46801350662552,3051.0
1431368517302,46801703128503,3052.0
1431368517305,46802105960534,3053.0
1431368517307,46802408084557,3054.0
1431368518306,46802810916589,3055.0
1431368518309,46803113040612,3056.0
1431368518312,46803465518639,3057.0
1431368519312,46803817996667,3058.0
1431368519314,46804220828698,3059.0
1431368520315,46804573306725,3060.0
1431368520317,46804976138757,3061.0
1431368520319,46805328616784,3062.0
1431368521310,46805731448815,3063.0
1431368521311,46806134280847,3064.0
1431368522303,46806537112878,3065.0
1431368522305,46806839236901,3066.0
1431368522308,46807242068932,3067.0
1431368523311,46807594546960,3068.0
1431368523317,46807947024987,3069.0
1431368523317,46808349857018,3070.0
1431368524313,46808752689050,3071.0
1431368524316,46809105167077,3072.0
1431368524320,46809457645104,3073.0
1431368525298,46809810123132,3074.0
1431368525300,46810162601159,3075.0
1431368526302,46810565433190,3076.0
1431368526314,46810968265222,3077.0
1431368526314,46811320743249,3078.0
1431368527305,46811723565940,3079.0
1431368527308,46812076043967,3080.0
1431368527311,46812478875999,3081.0
1431368528311,46812881708030,3082.0
1431368528313,46813284540061,3083.0
1431368529314,46813637018089,3084.0
1431368529316,46813989496116,3085.0
1431368529318,46814442682151,3086.0
1431368530305,46814795160178,3087.0
1431368530305,46815197992210,3088.0
1431368531305,46815550470237,3089.0
1431368531323,46816003656272,3090.0
1431368531324,46816406488303,3091.0
1431368532317,46816758966331,3092.0
1431368532317,46817111444358,3093.0
1431368532318,46817463922385,3094.0
1431368533313,46817866754417,3095.0
1431368533316,46818319940452,3096.0
1431368534296,46818672418479,3097.0
1431368534299,46819075250510,3098.0
1431368534301,46819427728538,3099.0
1431368535304,46819880914573,3100.0
1431368535305,46820233392600,3101.0
1431368536314,46820636224632,3102.0
1431368536314,46820988702659,3103.0
1431368536315,46821391534690,3104.0
1431368537314,46821744013825,3105.0
1431368537324,46822146845857,3106.0
1431368538319,46822549677888,3107.0
1431368538321,46822902155915,3108.0
1431368538323,46823304987947,3109.0
1431368539320,46823758173982,3110.0
1431368539320,46824110652009,3111.0
1431368540305,46824513484040,3112.0
1431368540307,46824916316072,3113.0
1431368540310,46825268794099,3114.0
1431368541310,46825671626130,3115.0
1431368541313,46826074458161,3116.0
1431368541315,46826426936189,3117.0
1431368542322,46826829768220,3118.0
1431368542322,46827232600251,3119.0
1431368543301,46827635432282,3120.0
1431368543303,46828038264314,3121.0
1431368543305,46828441096345,3122.0
1431368544309,46828793574372,3123.0
1431368544310,46829196406404,3124.0
1431368545322,46829599238435,3125.0
1431368545322,46830002070466,3126.0
1431368545322,46830354548493,3127.0
1431368546316,46830757380525,3128.0
1431368546322,46831160212556,3129.0
1431368547300,46831563071351,3130.0
1431368547307,46831915549379,3131.0
1431368547307,46832318381410,3132.0
1431368548330,46832721213441,3133.0
1431368548330,46833073691468,3134.0
1431368548331,46833476523500,3135.0
1431368549311,46833929709535,3136.0
1431368549314,46834231833558,3137.0
1431368550315,46834634665589,3138.0
1431368550317,46834987143617,3139.0
1431368550320,46835389975648,3140.0
1431368551303,46835792807679,3141.0
1431368551307,46836195639711,3142.0
1431368552307,46836598471742,3143.0
1431368552307,46836950949769,3144.0
1431368552311,46837353781800,3145.0
1431368553323,46837756613832,3146.0
1431368553324,46838159445863,3147.0
1431368554315,46838511923890,3148.0
1431368554317,46838914755921,3149.0
1431368554319,46839317587953,3150.0
1431368555304,46839670065980,3151.0
1431368555304,46840072898011,3152.0
1431368555334,46840475730043,3153.0
1431368556307,46840878562074,3154.0
1431368556322,46841281394105,3155.0
1431368557312,46841684189459,3156.0
1431368557314,46842087021491,3157.0
1431368557316,46842489853522,3158.0
1431368558318,46842842331549,3159.0
1431368558342,46843245163580,3160.0
1431368559308,46843647995612,3161.0
1431368559308,46844050827643,3162.0
1431368559309,46844403305670,3163.0
1431368560307,46844806137702,3164.0
1431368560310,46845208969733,3165.0
1431368561310,46845611801764,3166.0
1431368561312,46845964279791,3167.0
1431368561315,46846367111823,3168.0
1431368562319,46846719589850,3169.0
1431368562319,46847122421881,3170.0
1431368562342,46847474899909,3171.0
1431368563308,46847928085944,3172.0
1431368563308,46848230209967,3173.0
1431368564313,46848633041998,3174.0
1431368564313,46849035874030,3175.0
1431368564313,46849388352057,3176.0
1431368565312,46849740830084,3177.0
1431368565314,46850143662116,3178.0
1431368566319,46850496140143,3179.0
1431368566319,46850848618170,3180.0
1431368566326,46851251450202,3181.0
1431368567305,46851553598093,3182.0
1431368567305,46851956430124,3183.0
1431368567325,46852308908152,3184.0
1431368568316,46852762094187,3185.0
1431368568316,46853114572214,3186.0
1431368568316,46853467050241,3187.0
1431368569313,46853869882273,3188.0
1431368569315,46854222360300,3189.0
1431368570349,46854574838327,3190.0
1431368570349,46854977670359,3191.0
1431368570349,46855330148386,3192.0
1431368571304,46855682626413,3193.0
1431368571306,46856135812448,3194.0
1431368572313,46856538644480,3195.0
1431368572313,46856840768503,3196.0
1431368572319,46857243600534,3197.0
1431368573313,46857596078562,3198.0
1431368573316,46857998910593,3199.0
1431368573319,46858452096628,3200.0
1431368574302,46858754220652,3201.0
1431368574302,46859157052683,3202.0
1431368575317,46859509530710,3203.0
1431368575317,46859962716745,3204.0
1431368575318,46860315194773,3205.0
1431368576312,46860718026804,3206.0
1431368576330,46861070504831,3207.0
1431368576330,46861473336862,3208.0
1431368577324,46861876158264,3209.0
1431368577324,46862278990295,3210.0
1431368578313,46862631468322,3211.0
1431368578313,46863034300354,3212.0
1431368578313,46863437132385,3213.0
1431368579307,46863839964416,3214.0
1431368579309,46864192442443,3215.0
1431368580312,46864595274475,3216.0
1431368580314,46864947752502,3217.0
1431368580317,46865350584533,3218.0
1431368581305,46865753416565,3219.0
1431368581305,46866105894592,3220.0
1431368582311,46866508726623,3221.0
1431368582311,46866861204650,3222.0
1431368582311,46867264036682,3223.0
1431368583316,46867616514709,3224.0
1431368583316,46868019346740,3225.0
1431368583317,46868422178772,3226.0
1431368584322,46868774656799,3227.0
1431368584322,46869227842834,3228.0
1431368585314,46869580320861,3229.0
1431368585314,46869983152893,3230.0
1431368585314,46870385984924,3231.0
1431368586314,46870738462951,3232.0
1431368586314,46871242002990,3233.0
1431368587319,46871544133726,3234.0
1431368587320,46871946965757,3235.0
1431368587320,46872349797788,3236.0
1431368588301,46872752629819,3237.0
1431368588305,46873155461851,3238.0
1431368589303,46873608647886,3239.0
1431368589311,46873910771909,3240.0
1431368589311,46874313603941,3241.0
1431368590314,46874716435972,3242.0
1431368590314,46875068913999,3243.0
1431368590316,46875522100034,3244.0
1431368591317,46875874578062,3245.0
1431368591319,46876227056089,3246.0
1431368592301,46876629888120,3247.0
1431368592304,46877032720152,3248.0
1431368592307,46877435552183,3249.0
1431368593309,46877788030210,3250.0
1431368593312,46878190862241,3251.0
1431368594314,46878593694273,3252.0
1431368594333,46878946172300,3253.0
1431368594334,46879349004331,3254.0
1431368595301,46879701482359,3255.0
1431368595305,46880104314390,3256.0
1431368596305,46880507146421,3257.0
1431368596308,46880960332456,3258.0
1431368596310,46881312810484,3259.0
1431368597311,46881665285140,3260.0
1431368597314,46882068117171,3261.0
1431368597317,46882470949202,3262.0
1431368598298,46882823427230,3263.0
1431368598301,46883276613265,3264.0
1431368599303,46883629091292,3265.0
1431368599305,46884031923323,3266.0
1431368599308,46884434755355,3267.0
1431368600310,46884787233382,3268.0
1431368600312,46885139711409,3269.0
1431368601314,46885592897445,3270.0
1431368601317,46885945375472,3271.0
1431368601319,46886297853499,3272.0
1431368602302,46886751039534,3273.0
1431368602304,46887103517562,3274.0
1431368602307,46887455995589,3275.0
1431368603309,46887909181624,3276.0
1431368603312,46888211305648,3277.0
1431368604313,46888614137679,3278.0
1431368604316,46888966615706,3279.0
1431368604318,46889369447738,3280.0
1431368605300,46889772279769,3281.0
1431368605302,46890175111800,3282.0
1431368606306,46890527589827,3283.0
1431368606306,46890930421859,3284.0
1431368606309,46891333253890,3285.0
1431368607311,46891685730870,3286.0
1431368607314,46892088562901,3287.0
1431368607317,46892541748937,3288.0
1431368608417,46892944580968,3289.0
1431368608417,46893297058995,3290.0
1431368609305,46893649537023,3291.0
1431368609305,46894052369054,3292.0
1431368609308,46894404847081,3293.0
1431368610338,46894858033116,3294.0
1431368610338,46895260865148,3295.0
1431368611316,46895613343175,3296.0
1431368611316,46896016175206,3297.0
1431368611331,46896368653234,3298.0
1431368612300,46896771485265,3299.0
1431368612302,46897123963292,3300.0
1431368612304,46897476441319,3301.0
1431368613307,46897879273351,3302.0
1431368613310,46898231751378,3303.0
1431368614322,46898634583409,3304.0
1431368614322,46899037415441,3305.0
1431368614322,46899389893468,3306.0
1431368615317,46899792725499,3307.0
1431368615320,46900195557530,3308.0
1431368615322,46900497681554,3309.0
1431368616310,46900900513585,3310.0
1431368616310,46901303345616,3311.0
1431368617342,46901706165040,3312.0
1431368617342,46902058643067,3313.0
1431368617342,46902461475098,3314.0
1431368618317,46902813953126,3315.0
1431368618318,46903166431153,3316.0
1431368619301,46903569263184,3317.0
1431368619301,46903921741211,3318.0
1431368619305,46904324573243,3319.0
1431368620304,46904677051270,3320.0
1431368620308,46905079883301,3321.0
1431368620335,46905432361329,3322.0
1431368621320,46905784839356,3323.0
1431368621320,46906238025391,3324.0
1431368622316,46906640857422,3325.0
1431368622316,46906993335450,3326.0
1431368622318,46907345813477,3327.0
1431368623300,46907748645508,3328.0
1431368623303,46908101123536,3329.0
1431368623306,46908503955567,3330.0
1431368624334,46908856433594,3331.0
1431368624335,46909259265626,3332.0
1431368625313,46909611743653,3333.0
1431368625314,46910014575684,3334.0
1431368625316,46910417407715,3335.0
1431368626324,46910820239747,3336.0
1431368626324,46911172717774,3337.0
1431368627300,46911575565286,3338.0
1431368627301,46911978397317,3339.0
1431368627303,46912330875345,3340.0
1431368628311,46912683353372,3341.0
1431368628311,46913035831399,3342.0
1431368628311,46913438663431,3343.0
1431368629312,46913791141458,3344.0
1431368629315,46914143619485,3345.0
1431368630323,46914546451517,3346.0
1431368630323,46914949283548,3347.0
1431368630323,46915352115579,3348.0
1431368631306,46915704593607,3349.0
1431368631307,46916157779642,3350.0
1431368631351,46916459903665,3351.0
1431368632307,46916913089700,3352.0
1431368632310,46917265567728,3353.0
1431368633313,46917668399759,3354.0
1431368633315,46918071231790,3355.0
1431368633318,46918474063821,3356.0
1431368634347,46918826541849,3357.0
1431368634347,46919229373880,3358.0
1431368635303,46919581851907,3359.0
1431368635306,46919984683939,3360.0
1431368635309,46920337161966,3361.0
1431368636315,46920739993997,3362.0
1431368636316,46921092472024,3363.0
1431368637316,46921545657695,3364.0
1431368637316,46921898135722,3365.0
1431368637319,46922300967753,3366.0
1431368638300,46922653445781,3367.0
1431368638303,46923056277812,3368.0
1431368638306,46923408755839,3369.0
1431368639307,46923861941874,3370.0
1431368639309,46924164065898,3371.0
1431368640335,46924617251933,3372.0
1431368640335,46924969729960,3373.0
1431368640335,46925372561992,3374.0
1431368641298,46925775394023,3375.0
1431368641300,46926178226054,3376.0
1431368642351,46926530704081,3377.0
1431368642351,46926933536113,3378.0
1431368642352,46927286014140,3379.0
1431368643309,46927739200175,3380.0
1431368643312,46928091678202,3381.0
1431368644317,46928494510234,3382.0
1431368644317,46928897342265,3383.0
1431368644322,46929300174296,3384.0
1431368645303,46929703006327,3385.0
1431368645329,46930105838359,3386.0
1431368645329,46930458316386,3387.0
1431368646308,46930911502421,3388.0
1431368646311,46931213626445,3389.0
1431368647323,46931616466032,3390.0
1431368647323,46932019298063,3391.0
1431368647323,46932422130094,3392.0
1431368648303,46932774608122,3393.0
1431368648303,46933227794157,3394.0
1431368649308,46933580272184,3395.0
1431368649308,46933983104215,3396.0
1431368649329,46934335582243,3397.0
1431368650311,46934738414274,3398.0
1431368650313,46935090892301,3399.0
1431368651317,46935544078337,3400.0
1431368651319,46935896556364,3401.0
1431368651321,46936400096403,3402.0
1431368652323,46936702220426,3403.0
1431368652323,46937155406462,3404.0
1431368653333,46937507884489,3405.0
1431368653333,46937910716520,3406.0
1431368653333,46938313548551,3407.0
1431368654329,46938666026579,3408.0
1431368654329,46939068858610,3409.0
1431368654329,46939471690641,3410.0
1431368655302,46939824168669,3411.0
1431368655345,46940227000700,3412.0
1431368656310,46940629832731,3413.0
1431368656310,46941032664762,3414.0
1431368656312,46941385142790,3415.0
1431368657313,46941737617543,3416.0
1431368657316,46942140449574,3417.0
1431368657318,46942492927602,3418.0
1431368658299,46942895759633,3419.0
1431368658301,46943348945668,3420.0
1431368659304,46943701423695,3421.0
1431368659306,46944104255727,3422.0
1431368659308,46944507087758,3423.0
1431368660332,46944859565785,3424.0
1431368660332,46945212043813,3425.0
1431368661304,46945614875844,3426.0
1431368661304,46946017707875,3427.0
1431368661304,46946370185902,3428.0
1431368662309,46946773017934,3429.0
1431368662309,46947226203969,3430.0
1431368663308,46947528327992,3431.0
1431368663311,46947981514027,3432.0
1431368663312,46948333992055,3433.0
1431368664315,46948837532094,3434.0
1431368664317,46949139656117,3435.0
1431368665300,46949542488149,3436.0
1431368665302,46949894966176,3437.0
1431368665304,46950348152211,3438.0
1431368666307,46950750984242,3439.0
1431368666309,46951103462270,3440.0
1431368667312,46951657365837,3441.0
1431368667315,46952060197868,3442.0
1431368667317,46952412675895,3443.0
1431368668298,46952765153923,3444.0
1431368668303,46953167985954,3445.0
1431368669304,46953570817985,3446.0
1431368669306,46953973650016,3447.0
1431368669308,46954326128044,3448.0
1431368670310,46954678606071,3449.0
1431368670313,46955031084098,3450.0
1431368670317,46955433916130,3451.0
1431368671319,46955887102165,3452.0
1431368672301,46956642412223,3453.0
1431368672303,46956994890251,3454.0
1431368672305,46957347368278,3455.0
1431368673309,46957750200309,3456.0
1431368673312,46958102678337,3457.0
1431368674313,46958505510368,3458.0
1431368674314,46958857988395,3459.0
1431368674318,46959210466423,3460.0
1431368675318,46959613298454,3461.0
1431368675318,46959965776481,3462.0
1431368675319,46960418962516,3463.0
1431368676307,46960771440544,3464.0
1431368676309,46961274980583,3465.0
1431368677313,46961577088229,3466.0
1431368677313,46961979920260,3467.0
1431368677317,46962332398288,3468.0
1431368678301,46962735230319,3469.0
1431368678301,46963138062350,3470.0
1431368679304,46963540894381,3471.0
1431368679306,46963943726413,3472.0
1431368679309,46964396912448,3473.0
1431368680322,46964699036471,3474.0
1431368680322,46965152222506,3475.0
1431368681304,46965504700534,3476.0
1431368681304,46965907532565,3477.0
1431368681304,46966260010592,3478.0
1431368682304,46966713196628,3479.0
1431368682306,46967065674655,3480.0
1431368683309,46967518860690,3481.0
1431368683310,46967921692721,3482.0
1431368683314,469683748787