72066226715087,-0.4058431386947632,1.0076000690460205,3.4219970703125
72066246490478,-0.6723069548606873,0.7676200866699219,0.6438217163085938
72066266265869,0.19182533025741577,0.9146407246589661,-2.4044485092163086
72066286071777,1.116790771484375,1.545964241027832,-3.668956756591797
72066305847167,3.072021245956421,1.637730360031128,0.6648740768432617
72066325592041,3.9804868698120117,1.1171625852584839,7.571537017822266
72066345367431,1.6973267793655396,-1.1953121423721313,10.192402839660645
72066365142822,-0.6386722326278687,-1.8452341556549072,3.79367733001709
72066384918212,0.2729767858982086,0.841375470161438,3.908513069152832
72066404693603,2.2477731704711914,1.4366075992584229,6.435914039611816
72066424468994,3.6637661457061768,0.3735682964324951,7.061098098754883
72066444274902,0.28857916593551636,-3.044973611831665,10.0380859375
72066464019775,-0.38402146100997925,0.9279012680053711,8.729500770568848
72066483795166,0.7254832983016968,1.77280592918396,4.415707588195801
72066503570556,1.0340392589569092,4.092825412750244,-0.29703617095947266
72066523345947,-0.4881620705127716,5.314274311065674,-5.478024482727051
72066543121337,-4.0731964111328125,2.6610145568847656,-4.075258255004883
72066562896728,-3.838311195373535,2.0080528259277344,-3.730945587158203
72066582672119,-0.16082355380058289,2.8016645908355713,-4.696260452270508
72066602447509,2.5621442794799805,4.472842216491699,-7.370126724243164
72066622222900,2.9578890800476074,4.416131496429443,-11.828627586364746
72066641967773,1.7312157154083252,3.4956345558166504,-12.233943939208984
72066661743164,-4.355961799621582,0.2097788155078888,-3.9511356353759766
72066681518554,-6.77284574508667,-1.8505966663360596,1.7778549194335938
72066701293945,-4.439183712005615,-0.5421950221061707,-3.147144317626953
72066721099853,0.5051689743995667,3.5319814682006836,-8.359272003173828
72066740844726,1.3655250072479248,4.688858985900879,-6.052768707275391
72066760620117,-4.360346794128418,0.4498179256916046,6.22578239440918
72066780364990,-10.475790977478027,-3.2876129150390625,10.267294883728027
72066800140380,-2.9388718605041504,0.6247652173042297,4.812343597412109
72066819915771,3.413595199584961,5.352599143981934,8.864025115966797
72066839721679,-0.8277223110198975,2.9499173164367676,10.119811058044434
72066859436035,-4.627654075622559,-5.981926918029785,10.068903923034668
72066879241943,-4.4690775871276855,-3.3360726833343506,10.027628898620605
72066899017333,0.2651420831680298,0.4797677993774414,3.516887664794922
72066918792724,-0.26823174953460693,1.029670000076294,0.3148946762084961
72066938568115,0.6335996389389038,0.7341725826263428,-1.9916601181030273
72066958343505,0.5274786949157715,-0.841321587562561,-2.392399787902832
72066978088378,1.018704891204834,-1.0362682342529297,-2.4219655990600586
72066997863769,3.375863552093506,-0.14410054683685303,-7.176541328430176
72067017639160,3.191847324371338,-0.8622161149978638,-7.302730560302734
72067037414550,1.1428463459014893,-2.561115026473999,-4.8895263671875
72067057159423,-1.848053216934204,-2.989013671875,-8.559615135192871
72067076934814,3.26275372505188,-0.24659262597560883,-13.257759094238281
72067096740722,5.331482410430908,-0.7029415369033813,-11.887438774108887
72067116516113,0.6878809928894043,-4.195866107940674,-1.7721128463745117
72067136260986,0.014466345310211182,-5.464146137237549,-0.40795230865478516
72067156036376,3.28035306930542,-2.785309076309204,-5.347407341003418
72067175811767,5.021076679229736,0.13992488384246826,-7.045269966125488
72067195587158,1.9821727275848389,-0.9452044367790222,3.875120162963867
72067215362548,5.110346794128418,-0.6233343482017517,10.3162260055542
72067235137939,2.162309408187866,-2.4880247116088867,10.262606620788574
72067254913330,-2.6344637870788574,-6.704064846038818,10.220830917358398
72067274688720,-2.7775957584381104,-2.426520347595215,10.188767433166504
72067294464111,2.533592700958252,5.8382954597473145,7.064319610595703
72067314239501,4.376290798187256,8.548961639404297,3.1582279205322266
72067334014892,2.0918009281158447,6.622530460357666,0.5632038116455078
72067353790283,-2.725294351577759,3.7839267253875732,-0.1861572265625
72067373565673,-2.693049430847168,3.137578010559082,-5.24336051940918
72067393341064,-1.6083241701126099,2.7776193618774414,-7.22535514831543
72067413116455,-0.3489346504211426,2.341057062149048,-9.283151626586914
72067432861328,0.038445115089416504,1.6547565460205078,-7.902033805847168
72067452667236,-1.262471318244934,0.7230124473571777,-10.526671409606934
72067472412109,-2.0574135780334473,0.5683753490447998,-15.407634735107422
72067492187500,-0.9156732559204102,1.1809295415878296,-13.146167755126953
72067511993408,0.03946971893310547,1.7116130590438843,-7.827003479003906
72067531738281,-3.6076700687408447,0.336351603269577,-7.17739200592041
72067551513671,-4.138345241546631,0.5037047863006592,-9.36749267578125
72067571289062,-3.3229947090148926,2.0273196697235107,-8.179502487182617
72067591064453,-3.094620704650879,1.7884670495986938,4.099152565002441
72067610839843,-5.304025650024414,-1.3595168590545654,10.702444076538086
72067630615234,-7.026863098144531,0.24980783462524414,10.609208106994629
72067650421142,-6.139566898345947,-6.023767948150635,10.551177024841309
72067670135498,-7.799015522003174,-7.859041213989258,10.541226387023926
72067689910888,-1.7722482681274414,-3.530691385269165,7.378928184509277
72067709716796,2.786996841430664,0.9731084108352661,5.064645767211914
72067729461669,3.5874853134155273,1.084878921508789,2.4550952911376953
72067749237060,1.8871906995773315,0.0882188081741333,-0.5624914169311523
72067769012451,1.1713674068450928,-0.5264620780944824,-2.5663042068481445
72067788787841,0.6305298805236816,-1.7327569723129272,-3.3561019897460938
72067808563232,2.1620938777923584,-1.7816827297210693,-4.973685264587402
72067828338623,3.516998767852783,-0.6968957781791687,-9.169899940490723
72067848114013,5.6777472496032715,-0.16487756371498108,-11.060980796813965
72067867889404,4.528036594390869,-0.8283472061157227,-12.427714347839355
72067887664794,3.9976959228515625,-2.7637572288513184,-9.455804824829102
72067907440185,5.777641773223877,-2.8632454872131348,-9.560627937316895
72067927185058,5.992993354797363,-2.774110794067383,-8.979004859924316
72067946960449,4.102278709411621,-3.5785341262817383,-9.163586616516113
72067966735839,2.729914665222168,-3.4760632514953613,-11.54071044921875
72067986511230,2.740269184112549,-1.2881547212600708,-2.0765695571899414
72068006286621,9.949371337890625,3.0532290935516357,8.255342483520508
72068026062011,0.8918329477310181,-4.996732711791992,10.762614250183105
72068045837402,-10.570672988891602,-16.3966121673584,10.712668418884277
72068065612792,-13.505989074707031,-12.697368621826172,10.68653678894043
72068085388183,-0.9160716533660889,2.4512224197387695,10.476284980773926
72068105163574,5.419774055480957,9.410146713256836,3.7221412658691406
72068124938964,6.369625091552734,7.959540843963623,4.415074348449707
72068144714355,1.0272284746170044,4.806015491485596,1.612208366394043
72068164489746,-1.1969099044799805,2.146821975708008,-2.6548404693603516
72068184265136,0.5827280282974243,2.3751206398010254,-9.956069946289063
72068204040527,3.0788750648498535,1.804514765739441,-11.387643814086914
72068223815917,2.2090303897857666,0.5188524723052979,-10.65247631072998
72068243621826,1.369673490524292,0.7308435440063477,-12.463045120239258
72068263366699,0.6351461410522461,1.207820177078247,-17.146717071533203
72068283142089,-1.6095294952392578,1.306609034538269,-14.231887817382813
72068302917480,-3.8431124687194824,0.3578118681907654,-8.14572525024414
72068322692871,-5.86683464050293,-0.7971463203430176,-6.816129684448242
72068342468261,-3.5405452251434326,1.5038516521453857,-10.44481086730957
72068362243652,-3.3181328773498535,2.3277297019958496,-12.610857009887695
72068382019042,-6.458337783813477,1.139251947402954,-0.6919159889221191
72068401794433,-9.810861587524414,0.5089203119277954,11.199594497680664
72068421539306,-6.974514961242676,-8.5269775390625,11.05241584777832
72068441314697,-14.406425476074219,-12.642043113708496,10.954154014587402
72068461090087,-12.338345527648926,-11.122151374816895,10.91712474822998
72068480865478,-5.130067825317383,-4.280502796173096,10.913351058959961
72068500640869,-1.323869228363037,-2.4823849201202393,5.49609375
72068520416259,3.0799551010131836,-0.7534957528114319,2.6222410202026367
72068540191650,5.5325517654418945,-0.21271124482154846,-3.7180309295654297
72068559997558,7.230820655822754,-0.39397263526916504,-8.124089241027832
72068579772949,7.139153480529785,-1.1953470706939697,-13.910120964050293
72068599548339,7.13643217086792,-1.853344440460205,-14.520913124084473
72068619293212,6.334418296813965,-3.276324987411499,-12.845196723937988
72068639068603,7.016285419464111,-3.4787211418151855,-11.717808723449707
72068658843994,8.644221305847168,-3.0880837440490723,-11.521997451782227
72068678619384,5.854348182678223,-5.13653039932251,-11.164987564086914
72068698394775,3.531952142715454,-6.008943557739258,-10.5106840133667
72068718170166,5.571652412414551,-4.644894599914551,-10.787910461425781
72068737945556,7.720555782318115,-2.8238365650177,-11.658913612365723
72068757720947,5.882258415222168,-3.7487146854400635,-5.4189372062683105
72068777496337,0.5341463088989258,-1.8154906034469604,4.993824005126953
72068797271728,10.6898832321167,6.842136859893799,0.2854890823364258
72068817016601,0.7411937713623047,-11.634053230285645,11.381935119628906
72068836822509,-18.600589752197266,-18.94954490661621,11.329776763916016
72068856658935,-15.199321746826172,-9.757747650146484,11.300357818603516
72068876373291,1.914369821548462,7.217734336853027,11.231926918029785
72068896148681,5.069647789001465,11.071464538574219,9.014241218566895
72068915924072,0.36060595512390137,5.93308162689209,5.147946357727051
72068935699462,-2.6120870113372803,3.3220975399017334,-0.01972198486328125
72068955444335,1.6543201208114624,3.7814016342163086,-5.00135612487793
72068975219726,3.2707884311676025,3.212012529373169,-8.693199157714844
72068994995117,2.4874203205108643,0.9788772463798523,-12.49155044555664
72069014770507,1.8625094890594482,-0.47158533334732056,-9.743978500366211
72069034576416,1.8266339302062988,-0.195205420255661,-15.50097942352295
72069054321289,1.5417284965515137,0.34754836559295654,-15.734766006469727
72069074096679,-1.3401122093200684,-1.6465150117874146,-11.246637344360352
72069093872070,-3.499249219894409,-2.599135398864746,-9.000545501708984
72069113647460,-2.376359224319458,-1.666203260421753,-10.024456024169922
72069133422851,-2.6628425121307373,-0.9894617795944214,-8.628250122070313
72069153198242,-3.9762842655181885,-1.4623888731002808,-5.311662197113037
72069172973632,-4.120994567871094,0.19229012727737427,-0.41709184646606445
72069192749023,-2.8865180015563965,5.806572437286377,7.423071384429932
72069212493896,-3.8782458305358887,1.478293538093567,11.839670181274414
72069232269287,-9.556981086730957,-8.54726791381836,11.694112777709961
72069252044677,-16.798994064331055,-11.149787902832031,11.60361099243164
72069271820068,-10.867289543151855,-6.53850793838501,11.563716888427734
72069291564941,-4.150936126708984,-3.0392372608184814,10.993436813354492
72069311340332,0.871741533279419,-0.7822024822235107,4.251094818115234
72069331146240,4.9373369216918945,1.7421451807022095,0.6034698486328125
72069350921630,3.963285446166992,-0.6096585988998413,-3.9673547744750977
72069370666503,5.111807823181152,-2.417801856994629,-5.591976165771484
72069390441894,4.554925441741943,-2.732058048248291,-12.704584121704102
72069410217285,6.521025657653809,-2.3940460681915283,-13.911392211914063
72069430023193,7.398931980133057,-2.2500152587890625,-12.455947875976563
72069449768066,9.289151191711426,-1.9081687927246094,-13.201839447021484
72069469543457,9.311750411987305,-2.4357047080993652,-14.661609649658203
72069489318847,5.540456771850586,-6.633370399475098,-11.925774574279785
72069509094238,2.940487861633301,-9.388415336608887,-10.562828063964844
72069528869628,2.9726204872131348,-8.581902503967285,-10.044570922851563
72069548614501,8.412054061889648,-3.2461462020874023,-11.568755149841309
72069568420410,7.136744976043701,-0.5251860022544861,-3.257664203643799
72069588195800,10.127968788146973,2.9795660972595215,4.150153160095215
72069607940673,1.5671048164367676,-11.898502349853516,11.891080856323242
72069627716064,-14.45801830291748,-16.57206916809082,11.81421947479248
72069647491455,-13.713427543640137,-13.078125,11.77548599243164
72069667266845,1.6615943908691406,2.9129843711853027,11.73366928100586
72069687072753,11.428997039794922,12.068531036376953,10.363317489624023
72069706817626,4.162284851074219,8.382162094116211,2.0628371238708496
72069726623535,0.5772558450698853,5.324068069458008,-1.2046284675598145
72069746368408,-2.750924587249756,1.3582792282104492,-4.058430194854736
72069766143798,-3.358907699584961,0.03311792016029358,-5.866867542266846
72069785949707,-2.656985282897949,0.10324335098266602,-8.90106201171875
72069805725097,-2.3264284133911133,0.003501400351524353,-12.19391918182373
72069825469970,-0.7993979454040527,0.8580436706542969,-13.050536155700684
72069845245361,0.2451930046081543,1.9231715202331543,-14.125012397766113
72069865020751,-0.11667418479919434,2.615680694580078,-12.699487686157227
72069884796142,-0.2369692325592041,2.5725133419036865,-8.281991958618164
72069904571533,-2.128903388977051,1.802712321281433,-8.28744125366211
72069924346923,-2.9687790870666504,1.7720508575439453,-5.697584629058838
72069944122314,-4.657424449920654,1.0295650959014893,-3.552706718444824
72069963897705,-5.764828205108643,0.0422966331243515,2.873462677001953
72069983673095,-8.749345779418945,0.879997968673706,7.5196943283081055
72070003417968,-6.879280090332031,2.878939390182495,12.21894645690918
72070023193359,-5.442584991455078,-7.961362361907959,12.11109733581543
72070042968750,-11.0164794921875,-8.483620643615723,12.025477409362793
72070062805175,-4.592617511749268,-4.3240203857421875,11.989339828491211
72070082489013,-3.393770694732666,-2.8165011405944824,11.11827278137207
72070102264404,-0.9035301208496094,-2.2405457496643066,6.8581318855285645
72070122039794,2.7152090072631836,-0.5788283348083496,2.573251724243164
72070141815185,5.085016250610352,-0.07717770338058472,-1.1247854232788086
72070161590576,5.889748573303223,-1.4691576957702637,-2.41788387298584
72070181365966,6.360626220703125,-1.4252655506134033,-4.828379154205322
72070201141357,7.776402473449707,-0.26040101051330566,-9.886629104614258
72070220886230,7.934111595153809,0.5093458890914917,-14.411969184875488
72070240692138,6.680348873138428,-1.6263127326965332,-13.488615036010742
72070260437011,4.314747333526611,-4.202812671661377,-10.227352142333984
72070280212402,3.536815881729126,-5.422412395477295,-10.117694854736328
72070299957275,5.010230541229248,-4.552177906036377,-12.342100143432617
72070319732666,4.580865859985352,-4.537610054016113,-11.100232124328613
72070339538574,1.767783284187317,-7.156280040740967,-4.739113807678223
72070359283447,2.107680320739746,-6.413111686706543,-3.3237056732177734
72070379058837,3.3356494903564453,-0.517941951751709,5.866114139556885
72070398834228,9.945721626281738,5.2910284996032715,2.1107006072998047
72070418609619,-1.4189772605895996,-8.0245943069458,12.202656745910645
72070438354492,-11.322441101074219,-12.847256660461426,12.125415802001953
72070458129882,-9.036056518554688,-6.723038673400879,12.07056999206543
72070477935791,-2.6513564586639404,1.2101402282714844,12.016427993774414
72070497680664,2.627182722091675,6.275557518005371,11.952827453613281
72070517456054,4.1762800216674805,8.115352630615234,6.819089889526367
72070537231445,3.247746467590332,7.510634422302246,-0.21516084671020508
72070557006835,2.529440402984619,4.9370293617248535,-4.780611991882324
72070576782226,0.05471301078796387,1.685678482055664,-5.9554057121276855
72070596557617,-1.4441559314727783,-0.04689475893974304,-5.818771839141846
72070616333007,0.12437629699707031,0.20385649800300598,-9.453322410583496
72070636077880,-1.013008952140808,0.7975097298622131,-12.931002616882324
72070655853271,0.009812474250793457,3.4439730644226074,-15.223647117614746
72070675628662,-1.411137342453003,3.720162868499756,-10.817184448242188
72070695404052,-4.040255546569824,1.8428964614868164,-4.88087272644043
72070715179443,-4.951578140258789,1.4452146291732788,-2.6701278686523438
72070734954833,-5.795274257659912,1.1456705331802368,-0.8676257133483887
72070754730224,-6.840738296508789,-0.09094573557376862,3.163924217224121
72070774475097,-10.442403793334961,-0.9035720229148865,8.331232070922852
72070794250488,-9.04039478302002,0.9720364212989807,10.008846282958984
72070814025878,-7.3970046043396,-0.7589542865753174,12.314184188842773
72070833770751,-8.608833312988281,-8.672161102294922,12.21575927734375
72070853576660,-9.022218704223633,-7.988003730773926,12.149901390075684
72070873321533,-1.5662899017333984,-3.5265283584594727,12.112624168395996
72070893096923,3.004429340362549,-0.690776526927948,5.756285190582275
72070912872314,4.399592876434326,-0.4006287455558777,3.4487180709838867
72070932647705,4.593405723571777,-0.9887478351593018,0.9900679588317871
72070952423095,3.4150068759918213,-2.803056240081787,-1.520092487335205
72070972198486,2.802673578262329,-3.4236087799072266,-6.145572185516357
72070991973876,6.3691582679748535,-1.2606658935546875,-10.109352111816406
72071011718750,6.401068687438965,-1.3124443292617798,-12.317546844482422
72071031494140,5.8939714431762695,-1.6462358236312866,-12.984062194824219
72071051300048,5.600971221923828,-1.889088749885559,-9.399517059326172
72071071044921,6.278120040893555,-1.5956602096557617,-10.607376098632813
72071090820312,6.745366096496582,-2.0730020999908447,-9.999621391296387
72071110565185,4.38427734375,-4.511600494384766,-6.9004435539245605
72071130340576,0.9597901105880737,-7.381466388702393,-0.7221570014953613
72071150115966,0.7000788450241089,-5.684758186340332,0.08884954452514648
72071169891357,6.234292030334473,3.263152837753296,2.487946033477783
72071189666748,12.83469295501709,6.434653282165527,5.982887268066406
72071209411621,-4.231060981750488,-15.100259780883789,12.159568786621094
72071229187011,-16.690034866333008,-15.369317054748535,12.10264778137207
72071248962402,-9.93625259399414,-4.695259094238281,12.054656982421875
72071268798828,0.5070198774337769,5.858927249908447,11.990640640258789
72071288513183,5.636396884918213,10.394732475280762,7.665284156799316
72071308288574,4.177134037017822,8.215032577514648,2.7006592750549316
72071328063964,0.09447872638702393,4.715539932250977,-1.1436772346496582
72071347839355,-2.194725513458252,2.024411201477051,-5.027619361877441
72071367614746,-1.354719638824463,0.2533162832260132,-5.626482009887695
72071387390136,-2.149285316467285,-1.0196301937103271,-6.489613056182861
72071407135009,-1.2852576971054077,-1.0204801559448242,-9.910823822021484
72071426910400,-0.06589818000793457,-0.26231062412261963,-11.266707420349121
72071446655273,-0.8881633281707764,0.07054775953292847,-13.52623462677002
72071466430664,-1.3278942108154297,0.9110201001167297,-10.037590980529785
72071486206054,-0.9557125568389893,1.9429271221160889,-8.668572425842285
72071505981445,-0.8979206085205078,2.492480754852295,-8.012948036193848
72071525756835,-0.9200756549835205,3.275949478149414,-7.4571919441223145
72071545501708,-3.3160624504089355,1.042999267578125,-1.5895342826843262
72071565277099,-8.311063766479492,-1.4414277076721191,7.491135120391846
72071585052490,-6.113517761230469,1.7490500211715698,12.47999382019043
72071604827880,-6.467649936676025,1.445643663406372,12.387825012207031
72071624603271,-8.50419807434082,-6.032433032989502,12.307964324951172
72071644348144,-6.9228434562683105,-4.182989120483398,12.254183769226074
72071664123535,-2.735323190689087,-2.9291820526123047,12.210291862487793
72071683898925,-1.79496169090271,-2.179751396179199,7.644452095031738
72071703674316,3.287090539932251,0.16737937927246094,2.2305312156677246
72071723449707,5.5359601974487305,0.96181720495224,-0.5761032104492188
72071743225097,4.854816436767578,-0.2430710792541504,-1.9394207000732422
72071763000488,4.202788352966309,-1.4987237453460693,-4.225627422332764
72071782745361,3.3072597980499268,-2.358333110809326,-7.594648361206055
72071802520751,3.4250845909118652,-2.027560234069824,-11.694780349731445
72071822296142,5.673466205596924,-0.4137117266654968,-13.125280380249023
72071842071533,5.6837310791015625,-1.0926899909973145,-10.47716236114502
72071861816406,4.2858710289001465,-2.78645396232605,-9.090807914733887
72071881591796,2.57429838180542,-3.980513095855713,-7.727889060974121
72071901367187,2.824090003967285,-3.9568262100219727,-8.051244735717773
72071921142578,2.440119981765747,-4.428586006164551,-4.572328567504883
72071940917968,0.6837993860244751,-6.072901725769043,0.6942706108093262
72071960693359,-0.7855002880096436,-5.214322566986084,5.789711952209473
72071980468750,7.206717014312744,3.846189260482788,4.297562599182129
72072000213623,8.67353630065918,0.9403505325317383,12.179815292358398
72072019989013,-12.901233673095703,-17.485261917114258,12.131387710571289
72072039764404,-15.879663467407227,-12.813405990600586,12.101872444152832
72072059539794,-4.198028087615967,0.4982759356498718,12.05929183959961
72072079315185,0.059496164321899414,5.524658679962158,10.738370895385742
72072099090576,3.3486523628234863,6.06511926651001,9.812234878540039
72072118835449,2.9312312602996826,6.153093338012695,3.8935046195983887
72072138610839,3.092571258544922,5.39931583404541,-2.9060606956481934
72072158386230,3.5977654457092285,4.546119689941406,-7.963545322418213
72072178161621,1.2687323093414307,1.986412763595581,-9.466079711914063
72072197937011,-0.8436634540557861,0.2589449882507324,-6.02440881729126
72072217681884,-1.0891327857971191,0.028925567865371704,-9.168156623840332
72072237457275,0.27765464782714844,1.1801759004592896,-11.384452819824219
72072257232666,0.47022271156311035,2.1493887901306152,-10.065773010253906
72072277008056,-0.8756605386734009,1.9943541288375854,-6.406207084655762
72072296752929,-2.7453055381774902,0.8205244541168213,-5.108675479888916
72072316528320,-2.0098025798797607,1.8301018476486206,-5.659201145172119
72072336303710,-1.3052335977554321,2.803903102874756,-7.860562324523926
72072356079101,-0.8784434795379639,2.866051197052002,1.2024288177490234
72072375823974,-9.372038841247559,-0.6991568803787231,12.370553970336914
72072395599365,-12.56458854675293,-2.0814621448516846,12.291336059570313
72072415374755,-7.8769917488098145,-2.4188334941864014,12.220012664794922
72072435150146,-8.66753101348877,-4.008354187011719,12.162031173706055
72072454925537,-2.287508964538574,0.25648200511932373,12.135679244995117
72072474761962,0.9733089208602905,0.2799952030181885,10.863903045654297
72072494445800,0.4314466714859009,-0.706781268119812,5.682497501373291
72072514221191,0.971935510635376,-1.513348937034607,2.5811362266540527
72072533996582,2.278028964996338,-1.6686935424804688,-1.3489384651184082
72072553771972,3.9049506187438965,-0.5056397914886475,-6.705790042877197
72072573547363,3.018691062927246,-1.6261380910873413,-8.194229125976563
72072593292236,2.8918628692626953,-3.432558059692383,-6.212998390197754
72072613067626,3.372407913208008,-3.4949235916137695,-7.602799415588379
72072632843017,5.543163299560547,-2.0830979347229004,-10.008277893066406
72072652618408,7.123344421386719,-0.803971529006958,-11.10586166381836
72072672393798,5.52431058883667,-2.945690155029297,-7.634795188903809
72072692138671,2.8723177909851074,-5.738268852233887,-4.844295978546143
72072711944580,1.2266404628753662,-7.097733497619629,-5.576790809631348
72072731658935,2.363457441329956,-5.217778205871582,-6.655716419219971
72072751434326,2.1163578033447266,-4.26458215713501,-6.668569087982178
72072771209716,0.9931350946426392,-0.10142958164215088,-2.785391330718994
72072790985107,11.561205863952637,2.2555131912231445,5.535039901733398
72072810760498,-1.144535779953003,-8.457664489746094,12.259658813476563
72072830505371,-10.451671600341797,-12.390633583068848,12.187581062316895
72072850280761,-6.898695468902588,-3.5532069206237793,12.143728256225586
72072870056152,-1.482377290725708,4.966036796569824,12.094310760498047
72072889831542,3.9419631958007813,7.963195323944092,12.029706001281738
72072909606933,4.313797950744629,7.240464687347412,10.817488670349121
72072929382324,2.617279052734375,6.007730007171631,4.022914409637451
72072949157714,2.088860034942627,4.804749488830566,-5.0633344650268555
72072968933105,1.669669508934021,2.645416498184204,-8.434659957885742
72072988708496,-0.9337736368179321,-0.14823055267333984,-9.278377532958984
72073008483886,-1.637864589691162,-0.4106769561767578,-10.461404800415039
72073028259277,-0.5478987693786621,1.1632968187332153,-11.955286026000977
72073048034667,1.4964081048965454,3.0598738193511963,-13.463092803955078
72073067810058,1.8175702095031738,4.459130764007568,-12.350318908691406
72073087585449,-1.8155323266983032,1.7267277240753174,-9.796936988830566
72073107330322,-5.968631267547607,-0.8133697509765625,-3.9646501541137695
72073127105712,-6.5907087326049805,-1.1673583984375,-3.5411324501037598
72073146881103,-4.200268268585205,0.7481201887130737,-0.993537425994873
72073166656494,-5.35471773147583,2.2006311416625977,10.30778694152832
72073186401367,-9.616321563720703,0.6689855456352234,12.36390495300293
72073206176757,-9.495865821838379,-2.380096435546875,12.290160179138184
72073225952148,-5.21832275390625,-4.446152687072754,12.22905158996582
72073245727539,-6.600345134735107,-3.509428024291992,12.198905944824219
72073265502929,-1.6766388416290283,-2.034207344055176,12.18307876586914
72073285247802,0.5646661520004272,-2.102325916290283,6.689598083496094
72073305023193,2.276920795440674,-1.5023460388183594,3.6039657592773438
72073324798583,3.583588123321533,-1.7764860391616821,0.13960647583007813
72073344573974,4.657776355743408,-2.2604169845581055,-1.891139030456543
72073364318847,4.4930100440979,-2.49997615814209,-4.587579727172852
72073384094238,3.414423942565918,-3.132660388946533,-8.211458206176758
72073403869628,4.366786003112793,-1.974768877029419,-10.918004989624023
72073423645019,6.742014408111572,-0.8340065479278564,-11.65723991394043
72073443420410,5.926502704620361,-1.9667482376098633,-10.025226593017578
72073463165283,4.377598285675049,-4.060502052307129,-5.100715637207031
72073482940673,3.7077178955078125,-4.931589603424072,-3.9701223373413086
72073502716064,5.175083637237549,-3.8157262802124023,-6.779815196990967
72073522460937,4.596368312835693,-3.7427408695220947,-5.71481466293335
72073542266845,0.5881918668746948,-6.448696613311768,1.996884822845459
72073562011718,-1.2320996522903442,-2.640742301940918,4.4170918464660645
72073581787109,11.521760940551758,7.682732105255127,0.48080968856811523
72073601593017,6.011068820953369,-0.5213605165481567,12.253783226013184
72073621307373,-12.07606029510498,-11.89574909210205,12.184503555297852
72073641082763,-15.080924987792969,-9.0403470993042,12.136430740356445
72073660888671,-3.7972962856292725,1.52814781665802,12.084161758422852
72073680694580,5.485071659088135,9.413294792175293,7.864410400390625
72073700408935,5.954855918884277,8.443302154541016,5.469766139984131
72073720184326,2.968996524810791,5.4586920738220215,0.1277780532836914
72073739959716,1.620665431022644,4.021989822387695,-3.574598789215088
72073759735107,2.1838526725769043,2.703411102294922,-4.647752285003662
72073779479980,2.294861316680908,1.9090590476989746,-3.721498966217041
72073799255371,1.1401032209396362,1.7038551568984985,-6.322976112365723
72073819030761,0.02897179126739502,1.2842222452163696,-7.829616546630859
72073838806152,-2.0995757579803467,1.202071189880371,-8.97469425201416
72073858581542,-2.6055569648742676,1.988836646080017,-8.639127731323242
72073878356933,-2.482609987258911,1.9290701150894165,-8.9015474319458
72073898132324,-3.325035572052002,1.71920645236969,-9.983049392700195
72073917877197,-3.78672194480896,1.396438717842102,-6.157341957092285
72073937652587,-7.657450199127197,-1.0969511270523071,0.7823305130004883
72073957427978,-9.864239692687988,-0.7900180220603943,8.527610778808594
72073977172851,-3.919269561767578,1.9996148347854614,12.315969467163086
72073996978759,-6.3084869384765625,-1.6536846160888672,12.243228912353516
72074016723632,-10.730064392089844,-8.9939546585083,12.18980598449707
72074036468505,-4.848443508148193,-5.0821027755737305,12.15037727355957
72074056243896,-1.4759833812713623,-2.092745542526245,12.111444473266602
72074076019287,-0.624230146408081,-0.6854641437530518,5.394200325012207
72074095794677,2.4769082069396973,0.7711501121520996,1.127756118774414
72074115570068,3.4795374870300293,1.4125319719314575,-2.5656180381774902
72074135314941,2.764719009399414,0.5420935153961182,-3.7426085472106934
72074155090332,2.4346609115600586,-1.4783740043640137,-3.390681743621826
72074174865722,1.6437467336654663,-3.176482677459717,-4.766002655029297
72074194641113,2.175060749053955,-3.5565905570983887,-7.370891571044922
72074214385986,3.2453455924987793,-3.48740816116333,-10.847616195678711
72074234161376,5.235419750213623,-2.1751883029937744,-13.315389633178711
72074253936767,8.378628730773926,-0.8279979228973389,-12.577991485595703
72074273712158,7.996267795562744,-2.5683414936065674,-10.470298767089844
72074293457031,4.961447715759277,-5.761173725128174,-7.3479719161987305
72074313232421,2.168257713317871,-8.468366622924805,-4.733577251434326
72074333007812,1.8396466970443726,-7.667174816131592,-0.020705699920654297
72074352752685,4.226881504058838,-3.5075435638427734,7.690936088562012
72074372558593,9.788129806518555,2.1281168460845947,11.238746643066406
72074392303466,1.3166571855545044,-7.193747043609619,12.184794425964355
72074412078857,-10.325874328613281,-9.880973815917969,12.134312629699707
72074431854248,-4.189525127410889,-2.963956356048584,12.087778091430664
72074451629638,3.317699432373047,6.088982582092285,12.022255897521973
72074471405029,5.846655368804932,7.920245170593262,11.950874328613281
72074491180419,4.17608118057251,7.3314056396484375,5.668971538543701
72074510955810,2.606423854827881,6.608500003814697,-3.4881887435913086
72074530731201,0.9607635140419006,5.334750652313232,-8.27718734741211
72074550476074,-1.3370057344436646,2.912405014038086,-9.466150283813477
72074570251464,-4.004403591156006,0.08772912621498108,-5.295708179473877
72074590026855,-6.735852241516113,-1.2212705612182617,-4.899728775024414
72074609802246,-5.393247127532959,0.03229248523712158,-5.906898498535156
72074629577636,-2.468364953994751,3.617229700088501,-7.813640594482422
72074649322509,-2.2265915870666504,5.032566547393799,-6.694694995880127
72074669128417,-5.336864471435547,2.5946204662323,-1.8638916015625
72074688873291,-7.645411491394043,0.40059128403663635,2.6511359214782715
72074708618164,-6.150887489318848,1.1293084621429443,2.492227554321289
72074728393554,-4.4769792556762695,2.5044689178466797,4.072791576385498
72074748168945,-7.012515544891357,1.592970371246338,9.278430938720703
72074767944335,-8.387914657592773,-0.7433216571807861,12.166881561279297
72074787719726,-5.208907604217529,-1.109768033027649,12.132308959960938
72074807464599,-2.4188477993011475,-4.291586399078369,12.093107223510742
72074827239990,-2.382267951965332,-6.682091236114502,12.06680679321289
72074847015380,0.06553542613983154,-6.647915363311768,11.793932914733887
72074866760253,1.4127476215362549,-4.577769756317139,3.788602352142334
72074886596679,3.6669647693634033,-2.513378620147705,-1.4404120445251465
72074906311035,4.879251003265381,-1.876111626625061,-1.5510997772216797
72074926086425,5.489706039428711,-2.555972099304199,-0.11528539657592773
72074945831298,5.50712776184082,-2.3356289863586426,-3.6389336585998535
72074965637207,5.679315567016602,-1.5255756378173828,-8.506414413452148
72074985382080,4.889749526977539,-1.404085397720337,-10.826583862304688
72075005157470,4.6823344230651855,-2.6361639499664307,-9.037530899047852
72075024902343,4.936852931976318,-3.114246129989624,-8.858172416687012
72075044677734,6.22385311126709,-2.733976364135742,-9.801109313964844
72075064453125,7.570802688598633,-2.0286595821380615,-10.416072845458984
72075084228515,5.897741794586182,-3.484438419342041,-7.278043746948242
72075104003906,0.8885453939437866,-6.914179801940918,-1.1835541725158691
72075123779296,-0.45544373989105225,-7.576563835144043,4.5008745193481445
72075143524169,1.5868217945098877,-3.149653673171997,11.494695663452148
72075163299560,7.510585784912109,4.599695205688477,9.498289108276367
72075183074951,0.873652458190918,-2.056364059448242,12.076333999633789
72075202819824,-15.833019256591797,-10.098923683166504,12.005565643310547
72075222595214,-9.966592788696289,-5.2713422775268555,11.943466186523438
72075242370605,-3.579174757003784,2.4345974922180176,11.87940502166748
72075262145996,-0.020562052726745605,5.61356258392334,10.01177978515625
72075281921386,3.643929958343506,7.063060283660889,4.242615222930908
72075301666259,5.23611307144165,7.643763065338135,-0.41077423095703125
72075321441650,3.9800496101379395,6.771515369415283,-7.5709662437438965
72075341217041,5.484899997711182,5.993638038635254,-8.65788459777832
72075360992431,0.5032449960708618,1.6241812705993652,-5.815496921539307
72075380737304,-2.3556861877441406,-1.513336181640625,-3.198169231414795
72075400512695,-2.071687698364258,-1.185178279876709,-6.357163906097412
72075420288085,-1.7986890077590942,0.011903941631317139,-10.091097831726074
72075440032958,0.3340611457824707,2.7311160564422607,-10.238615036010742
72075459808349,-2.696809768676758,1.6853971481323242,-6.8527140617370605
72075479583740,-5.437384605407715,-0.6784716844558716,-2.6643362045288086
72075499328613,-4.779797554016113,0.239343523979187,-2.4531359672546387
72075519104003,-3.1422252655029297,2.7230944633483887,-2.8119630813598633
72075538879394,-6.282160758972168,1.3806483745574951,7.678897857666016
72075558654785,-13.80746078491211,-1.065304160118103,12.185575485229492
72075578430175,-5.586688041687012,0.6360375881195068,12.142755508422852
72075598175048,-1.6939841508865356,-0.336881160736084,12.108308792114258
72075617980957,-5.146053314208984,-1.0755581855773926,12.08378791809082
72075637725830,2.1512036323547363,0.573265552520752,12.062799453735352
72075657470703,2.3413147926330566,-1.0313756465911865,9.791516304016113
72075677246093,2.639390707015991,-0.37345027923583984,4.344518184661865
72075696990966,2.57047963142395,-0.958613395690918,1.4171805381774902
72075716766357,1.3268824815750122,-2.783649444580078,-2.1050796508789063
72075736511230,3.2666308879852295,-3.4766862392425537,-4.111438751220703
72075756286621,2.9720208644866943,-4.059446811676025,-6.39101505279541
72075776062011,2.9068119525909424,-3.655372142791748,-6.336146354675293
72075795806884,3.460906744003296,-3.4742379188537598,-4.746445655822754
72075815582275,4.446138858795166,-2.9980757236480713,-5.98008918762207
72075835357666,5.9355058670043945,-2.2176408767700195,-8.372514724731445
72075855133056,6.954757213592529,-2.0576295852661133,-8.33329963684082
72075874908447,5.922131061553955,-3.2180120944976807,-9.643596649169922
72075894653320,3.1466598510742188,-4.859133720397949,-6.997175216674805
72075914428710,0.8951187133789063,-6.063974380493164,-5.249139785766602
72075934204101,0.6340320110321045,-5.473791122436523,-3.635408401489258
72075953979492,1.1987351179122925,1.0657199621200562,-0.07927989959716797
72075973724365,5.9564924240112305,8.229470252990723,2.5684380531311035
72075993499755,1.0417357683181763,-0.18528199195861816,12.148033142089844
72076013244628,-8.67263412475586,-9.512728691101074,12.026665687561035
72076033020019,-7.535007476806641,-6.723723411560059,11.940092086791992
72076052795410,-1.6535885334014893,1.1780279874801636,11.878854751586914
72076072570800,0.922024130821228,4.795010566711426,10.104475975036621
72076092407226,3.4901576042175293,7.118921279907227,2.4341888427734375
72076112091064,5.2890520095825195,7.042154312133789,-2.2061023712158203
72076131866455,3.332745313644409,4.752023220062256,-3.209050178527832
72076151611328,-0.06637978553771973,1.6310527324676514,-4.365774631500244
72076171386718,-2.2734930515289307,0.016696646809577942,-4.070538520812988
72076191162109,-3.5920846462249756,-0.39497941732406616,-6.090075969696045
72076210906982,-2.284003257751465,1.0186015367507935,-8.525936126708984
72076230682373,-0.7410948276519775,3.1501402854919434,-11.558728218078613
72076250457763,-2.8360989093780518,2.825575113296509,-10.017297744750977
72076270202636,-4.80401086807251,1.6231720447540283,-6.318171501159668
72076289978027,-5.306302547454834,0.965424656867981,-2.9134316444396973
72076309722900,-3.8377561569213867,2.422067642211914,-2.4929614067077637
72076329498291,-2.455758571624756,2.628066062927246,1.627072811126709
72076349273681,-5.8538818359375,1.9798377752304077,10.867154121398926
72076369018554,-5.018206596374512,-0.6905086040496826,11.997008323669434
72076388793945,-8.0423002243042,-3.887179374694824,11.92931079864502
72076408538818,-8.763575553894043,-6.309046745300293,11.879592895507813
72076428314208,-2.9417195320129395,-3.7595646381378174,11.859264373779297
72076448059082,2.934441328048706,-1.3173472881317139,10.772360801696777
72076467864990,2.113130569458008,-1.3692963123321533,6.752695083618164
72076487609863,3.1724750995635986,-0.49047040939331055,1.9290170669555664
72076507385253,3.6599862575531006,-0.14731478691101074,-2.80145263671875
72076527130126,4.554027557373047,-0.17250347137451172,-4.842648029327393
72076546905517,4.6984453201293945,-1.4335957765579224,-6.552801132202148
72076566650390,3.417543888092041,-2.3551995754241943,-6.922664165496826
72076586425781,2.0785040855407715,-2.317070960998535,-8.561939239501953
72076606201171,4.356164932250977,-1.0320124626159668,-10.806464195251465
72076625976562,7.091805934906006,0.5397577881813049,-13.071405410766602
72076645751953,8.544565200805664,0.798845112323761,-12.6280517578125
72076665527343,6.636716365814209,-2.758681297302246,-7.70339298248291
72076685272216,2.9963321685791016,-6.32521390914917,-2.345811367034912
72076705047607,0.8494201302528381,-7.501158714294434,0.17764759063720703
72076724792480,1.5405911207199097,-6.801202774047852,3.1794309616088867
72076744567871,0.1579795479774475,-4.639049053192139,7.109677314758301
72076764343261,6.015122413635254,0.6900588870048523,5.515607833862305
72076784118652,5.73163366317749,-1.9735230207443237,11.920514106750488
72076803863525,-0.5019161701202393,-7.489604949951172,11.867612838745117
72076823638916,-5.5762939453125,-6.982415199279785,11.823905944824219
72076843383789,-3.1963016986846924,-0.8792977333068848,11.7783203125
72076863159179,-1.7488572597503662,2.184499740600586,9.630743026733398
72076882934570,1.157497525215149,5.018596649169922,6.225781440734863
72076902709960,3.075821876525879,7.433019638061523,-0.07496356964111328
72076922485351,3.2533209323883057,7.557302474975586,-4.24585485458374
72076942230224,-0.3795948028564453,5.600172996520996,-9.60796070098877
72076962005615,-3.559979200363159,3.078505277633667,-6.360535144805908
72076981750488,-5.315818786621094,0.822988748550415,-3.0280046463012695
72077001525878,-5.217954158782959,1.2843599319458008,-5.4533281326293945
72077021331787,-4.417116165161133,3.030710458755493,-10.696470260620117
72077041076660,-3.680908203125,3.7872602939605713,-9.578826904296875
72077060852050,-5.023512363433838,1.9499125480651855,-2.2512030601501465
72077080627441,-6.785275936126709,-1.2779617309570313,5.080078125
72077100372314,-6.038748264312744,-1.3029192686080933,3.4307241439819336
72077120147705,-1.7132580280303955,1.0631169080734253,3.8024768829345703
72077139923095,-3.262190818786621,2.3800618648529053,6.2928314208984375
72077159698486,-5.864959716796875,1.0997297763824463,11.843619346618652
72077179443359,-6.847507476806641,-5.950780868530273,11.78291130065918
72077199218750,-7.087719917297363,-6.83412504196167,11.737112998962402
72077218994140,1.1705632209777832,-3.3016412258148193,11.726361274719238
72077238769531,4.144054889678955,-1.2403693199157715,7.975376129150391
72077258544921,3.5551228523254395,-1.1449806690216064,2.460867404937744
72077278289794,4.139206886291504,-0.7905286550521851,-0.9236063957214355
72077298126220,3.691290855407715,-1.3465887308120728,-2.8291845321655273
72077317840576,3.725344181060791,-1.5763676166534424,-4.250138282775879
72077337615966,3.63737154006958,-3.019789695739746,-4.50282096862793
72077357360839,3.3739633560180664,-3.374217987060547,-6.539613246917725
72077377136230,4.7356390953063965,-1.8577219247817993,-10.17341423034668
72077396911621,8.162445068359375,1.1822855472564697,-13.943296432495117
72077416687011,7.417656898498535,0.3366231918334961,-11.885334014892578
72077436431884,5.500809669494629,-1.8948081731796265,-6.356673240661621
72077456207275,4.411689758300781,-3.6904797554016113,-3.753052234649658
72077475952148,3.520406723022461,-4.094280242919922,-4.654102802276611
72077495758056,3.0187900066375732,-4.917079925537109,-3.06057071685791
72077515502929,0.9223544001579285,-8.051412582397461,0.24215459823608398
72077535278320,-0.6006403565406799,-6.312215328216553,7.000012397766113
72077555053710,7.973916530609131,4.100120544433594,2.857741355895996
72077574798583,12.902531623840332,0.21107536554336548,11.890165328979492
72077594604492,-4.2205939292907715,-10.463713645935059,11.816898345947266
72077614318847,-13.604726791381836,-11.316458702087402,11.782934188842773
72077634094238,-3.1501500606536865,-0.1735626459121704,11.758843421936035
72077653869628,4.6738080978393555,7.489418983459473,6.783962249755859
72077673645019,6.023256301879883,9.52991771697998,2.646876335144043
72077693420410,3.4355907440185547,7.870323657989502,-0.8934001922607422
72077713165283,0.0855911374092102,5.334875106811523,-1.0205588340759277
72077732940673,-2.731602907180786,2.4701390266418457,-3.892812728881836
72077752685546,-3.7187840938568115,1.9328135251998901,-7.3017754554748535
72077772460937,-3.2192773818969727,1.1227833032608032,-6.5509538650512695
72077792236328,-3.08889102935791,1.1153626441955566,-9.041255950927734
72077811981201,-1.751927137374878,2.1325008869171143,-8.137741088867188
72077831756591,-2.134626865386963,2.9080519676208496,-8.13054084777832
72077851501464,-1.944856882095337,3.1239728927612305,-7.677096366882324
72077871276855,-2.6935620307922363,1.9746794700622559,-6.123591899871826
72077891052246,-4.0438737869262695,0.9783851504325867,-2.918684959411621
72077910797119,-3.6359801292419434,0.1857070028781891,1.7238826751708984
72077930572509,-2.8288323879241943,-0.5415890216827393,9.814443588256836
72077950317382,-4.802820205688477,0.01813092827796936,11.780956268310547
72077970092773,-3.9816136360168457,-0.5996527075767517,11.894189834594727
72077989868164,-4.475008964538574,-8.027853012084961,11.841501235961914
72078009643554,-4.657685279846191,-7.301407814025879,11.792659759521484
72078029418945,3.438708782196045,-1.9005706310272217,11.757796287536621
72078049194335,5.557828903198242,0.8803542852401733,7.237164497375488
72078068939208,4.250511169433594,0.037983059883117676,3.375725746154785
72078088714599,3.87237548828125,-0.686161458492279,0.4670076370239258
72078108489990,3.1156740188598633,-1.44384765625,-1.5004453659057617
72078128234863,3.0205330848693848,-1.3274214267730713,-3.3082499504089355
72078148010253,3.4586801528930664,-1.1074223518371582,-5.7339701652526855
72078167785644,4.7089667320251465,-0.7429593801498413,-5.070888519287109
72078187530517,4.765221118927002,-0.9063374996185303,-5.785670757293701
72078207305908,4.714805603027344,-0.41249537467956543,-8.34813117980957
72078227081298,5.105539798736572,0.2813238501548767,-10.511646270751953
72078246826171,6.266207695007324,0.6075385212898254,-12.610883712768555
72078266601562,4.709399223327637,-1.5187933444976807,-9.54501724243164
72078286346435,2.096153736114502,-4.935520648956299,-4.4557318687438965
72078306121826,0.2995600700378418,-7.344640254974365,-2.3011655807495117
72078325866699,0.8734557628631592,-7.6391754150390625,1.7611894607543945
72078345642089,1.5761070251464844,-4.995750427246094,10.014425277709961
72078365417480,8.195752143859863,0.6394165754318237,5.809406280517578
72078385192871,6.30208683013916,-3.980252742767334,11.822087287902832
72078404937744,-3.9422683715820313,-9.52560043334961,11.764504432678223
72078424682617,-5.462878227233887,-6.317941665649414,11.729864120483398
72078444458007,0.5683560371398926,2.880476236343384,11.6964693069458
72078464233398,3.1902079582214355,6.56195068359375,7.938173770904541
72078484008789,6.036770343780518,7.953837871551514,5.768733024597168
72078503845214,4.627524375915527,7.853621482849121,0.20143413543701172
72078523529052,2.2917754650115967,6.635244846343994,-3.532562255859375
72078543304443,-0.39103448390960693,4.035015106201172,-8.26761245727539
72078563079833,-1.3048361539840698,2.606740951538086,-9.855592727661133
72078582824707,-0.1404963731765747,1.3309979438781738,-5.247973918914795
72078602600097,-1.4305434226989746,-0.1185973584651947,-6.359507083892822
72078622375488,-2.2351975440979004,0.15557432174682617,-8.885383605957031
72078642120361,-1.5504950284957886,2.138164520263672,-13.425326347351074
72078661895751,-0.5115628242492676,3.3028621673583984,-13.96131706237793
72078681640625,-2.5569369792938232,1.6403400897979736,-6.381431579589844
72078701416015,-6.095818996429443,-1.1475694179534912,1.151214599609375
72078721160888,-3.9845008850097656,0.9065291285514832,2.929840564727783
72078740936279,-0.11396682262420654,5.122603893280029,11.392744064331055
72078760711669,-4.813268661499023,0.9809480309486389,11.911567687988281
72078780456542,-10.642618179321289,-11.639812469482422,11.838350296020508
72078800201416,-8.310431480407715,-8.98434066772461,11.797614097595215
72078819976806,1.835401177406311,-1.8884062767028809,11.8280668258667
72078839752197,4.5614013671875,2.0489399433135986,1.1270203590393066
72078859527587,3.517514944076538,1.0729843378067017,-0.7944626808166504
72078879272460,5.48558235168457,1.3371243476867676,-2.1367502212524414
72078899047851,5.114397048950195,-0.0893087387084961,-3.069011688232422
72078918823242,3.6856091022491455,-1.2743247747421265,-4.611649036407471
72078938598632,4.975719451904297,-0.9152902364730835,-7.0849385261535645
72078958343505,4.3398637771606445,-1.771833896636963,-7.294134140014648
72078978088378,2.8993682861328125,-2.8729522228240967,-7.468222141265869
72078997863769,3.083872079849243,-2.890869617462158,-7.932592868804932
72079017639160,5.663825035095215,-0.5248502492904663,-10.817956924438477
72079037414550,7.574602127075195,-0.27622777223587036,-12.427013397216797
72079057159423,6.442070960998535,-2.077167272567749,-8.20889949798584
72079076904296,3.6341733932495117,-4.546411037445068,-2.5026655197143555
72079096710205,1.7766835689544678,-5.555427074432373,-2.4150443077087402
72079116455078,2.8281166553497314,-4.9010114669799805,-2.2755699157714844
72079136199951,1.7622196674346924,-4.362509250640869,5.469505310058594
72079155975341,2.627974510192871,0.10209114849567413,10.864551544189453
72079175750732,6.251720905303955,2.2683959007263184,11.96973705291748
72079195495605,-2.1466078758239746,-9.611907958984375,11.906805038452148
72079215240478,-12.15108871459961,-9.222591400146484,11.880865097045898
72079235015869,-7.5572333335876465,-1.9146437644958496,11.874725341796875
72079254791259,-2.770580291748047,3.868391275405884,5.402929782867432
72079274566650,2.201371669769287,6.404778480529785,2.451718807220459
72079294311523,6.669832706451416,7.837039470672607,1.5967988967895508
72079314086914,4.960186004638672,7.060810565948486,-2.7471766471862793
72079333831787,2.892035484313965,5.529457092285156,-6.0889787673950195
72079353607177,1.9529286623001099,4.472565174102783,-10.460250854492188
72079373352050,1.7346967458724976,2.4771480560302734,-7.7906599044799805
72079393127441,-0.4125487804412842,0.45630282163619995,-2.8327488899230957
72079412902832,-1.4064383506774902,-0.20108124613761902,-4.954980373382568
72079432647705,-1.4014264345169067,0.723524808883667,-7.597492694854736
72079452423095,-0.3017061948776245,3.0030314922332764,-10.880032539367676
72079472167968,1.2647489309310913,4.700471878051758,-9.061155319213867
72079491943359,-1.8748610019683838,2.3947761058807373,0.5595517158508301
72079511718750,-6.1887617111206055,-1.2614309787750244,5.845893859863281
72079531463623,-5.748136520385742,-1.9841097593307495,10.708097457885742
72079551239013,-4.7800726890563965,1.5547199249267578,11.989921569824219
72079570983886,-4.370216369628906,2.6481399536132813,11.963007926940918
72079590759277,-3.77447772026062,-2.360427141189575,11.91637134552002
72079610504150,-7.646737575531006,-5.370628356933594,11.850654602050781
72079630279541,-2.3272030353546143,-4.763214111328125,11.799129486083984
72079650054931,1.8882548809051514,-2.577131748199463,11.765562057495117
72079669799804,3.103909492492676,-0.1823199987411499,4.581508159637451
72079689575195,3.7479050159454346,0.5055868625640869,-1.5255260467529297
72079709411621,4.478299140930176,0.8542534708976746,-5.01896858215332
72079729095458,5.291690349578857,0.2989680767059326,-5.227325916290283
72079748870849,3.581780195236206,-1.7555058002471924,-3.8581109046936035
72079768615722,2.5099563598632813,-1.654557704925537,-6.126863956451416
72079788391113,4.90123176574707,-0.15127354860305786,-9.481427192687988
72079808166503,5.69045877456665,0.38448894023895264,-12.637632369995117
72079827941894,4.644695281982422,-0.5115866661071777,-11.365816116333008
72079847717285,4.76396369934082,-1.7235883474349976,-8.968588829040527
72079867462158,5.646798610687256,-1.3359159231185913,-7.689147472381592
72079887207031,6.959136962890625,-0.5488374829292297,-8.99886703491211
72079906982421,5.818670749664307,-3.074735403060913,-3.125638961791992
72079926727294,-0.6834692358970642,-8.897916793823242,6.897631645202637
72079946502685,-2.999861001968384,-6.475528717041016,7.753504753112793
72079966278076,8.790568351745605,3.60469913482666,-0.6935830116271973
72079986022949,8.804461479187012,-4.668076038360596,11.867847442626953
72080005798339,-5.655407428741455,-12.150800704956055,11.823980331420898
72080025543212,-8.578133583068848,-8.037769317626953,11.782171249389648
72080045318603,-0.2533988952636719,2.4989395141601563,11.727313041687012
72080065093994,4.758432388305664,8.690532684326172,6.685667037963867
72080084838867,6.530229091644287,10.290050506591797,3.2831573486328125
72080104614257,4.933533191680908,8.640008926391602,-2.9215431213378906
72080124359130,1.768175482749939,6.01836633682251,-4.615438461303711
72080144134521,-2.312062978744507,2.386646270751953,-5.184999942779541
72080163909912,-5.251880168914795,0.06763148307800293,-4.156837463378906
72080183654785,-5.859177112579346,-0.22096002101898193,-5.32654333114624
72080203430175,-4.217849254608154,1.3629603385925293,-8.567415237426758
72080223205566,-3.3188352584838867,2.5147454738616943,-8.659210205078125
72080242980957,-3.622291088104248,3.0918335914611816,-8.140054702758789
72080262725830,-5.557952404022217,2.1584370136260986,-4.812752723693848
72080282501220,-5.856578826904297,1.2949652671813965,0.5640988349914551
72080302246093,-6.656875133514404,0.4544428586959839,3.718061923980713
72080322021484,-5.9001054763793945,0.1388600468635559,5.906764984130859
72080341766357,-6.801374435424805,-0.17799274623394012,11.874205589294434
72080361541748,-8.798807144165039,-0.6813780069351196,11.854092597961426
72080381286621,-6.484216213226318,-0.058173418045043945,11.817365646362305
72080401062011,-2.5436339378356934,-4.465666770935059,11.764053344726563
72080420806884,-0.4082145690917969,-4.753061294555664,11.717728614807129
72080440582275,1.9272123575210571,-3.4405555725097656,11.683416366577148
72080460327148,2.9390273094177246,-2.016598701477051,7.162014007568359
72080480102539,3.7192463874816895,-1.6122093200683594,1.0557808876037598
72080499877929,3.766523838043213,-1.3064959049224854,-3.4007019996643066
72080519653320,4.383484840393066,-1.764614462852478,-3.6414527893066406
72080539398193,4.244987487792969,-2.399423360824585,-3.6621785163879395
72080559173583,5.3699469566345215,-1.7633910179138184,-7.1294097900390625
72080578918457,5.331164360046387,-1.1122972965240479,-11.16581916809082
72080598693847,4.970160484313965,-1.6500866413116455,-11.44284439086914
72080618438720,4.529128074645996,-2.5738210678100586,-11.064085960388184
72080638214111,4.4471755027771,-2.76454496383667,-9.29918098449707
72080657989501,7.905230522155762,-1.7385015487670898,-9.116800308227539
72080677734375,7.939367771148682,-2.141819477081299,-9.321502685546875
72080697509765,4.453011512756348,-5.209688186645508,-5.8596673011779785
72080717254638,1.6059867143630981,-7.597314357757568,-1.4499053955078125
72080737030029,1.2596760988235474,-5.50353479385376,4.437543869018555
72080756805419,5.974076271057129,1.7501033544540405,5.173933506011963
72080776550292,7.615143299102783,1.0838549137115479,11.868988037109375
72080796325683,-1.244741439819336,-8.887487411499023,11.791694641113281
72080816070556,-13.314007759094238,-11.579133033752441,11.753068923950195
72080835845947,-5.979667663574219,-1.5760586261749268,11.732139587402344
72080855621337,1.7878496646881104,5.09043025970459,10.408784866333008
72080875366210,6.2405595779418945,8.709471702575684,4.9810991287231445
72080895141601,4.4353532791137695,8.0143404006958,-1.6898598670959473
72080914978027,2.155763626098633,6.2573466300964355,-3.851717948913574
72080934661865,-1.2882983684539795,4.212350368499756,-6.104067802429199
72080954406738,-4.589271545410156,1.5793452262878418,-4.454376697540283
72080974182128,-4.971355438232422,1.2957819700241089,-2.28843355178833
72080993927001,-4.580310821533203,1.8512165546417236,-5.388313293457031
72081013702392,-2.356688976287842,4.122647285461426,-8.826298713684082
72081033477783,-3.3721656799316406,5.459754943847656,-7.470391750335693
72081053222656,-6.4580535888671875,3.753174304962158,-4.09844970703125
72081072998046,-8.239262580871582,2.539940595626831,1.1136445999145508
72081092742919,-6.671759128570557,2.789651393890381,6.577215671539307
72081112518310,-6.094749450683594,1.2235616445541382,11.76031494140625
72081132263183,-9.49663257598877,-1.5574071407318115,11.702398300170898
72081152038574,-8.00164794921875,-1.244678258895874,11.664495468139648
72081171813964,-3.6307473182678223,-1.187645673751831,11.640066146850586
72081191528320,-0.7342519760131836,-5.0139312744140625,11.616931915283203
72081211334228,-1.4653375148773193,-8.454207420349121,11.612451553344727
72081231262207,1.958619236946106,-6.348189830780029,6.9782209396362305
72081251007080,4.481261253356934,-2.658409833908081,-2.176368236541748
72081270782470,4.045565605163574,-1.4706703424453735,-4.827556610107422
72081290557861,3.859856128692627,-1.7620009183883667,-3.411341667175293
72081310302734,3.810075283050537,-2.35898494720459,-3.6852550506591797
72081330047607,3.924124002456665,-3.323486804962158,-4.4995856285095215
72081349792480,5.171867370605469,-2.4302220344543457,-6.066326141357422
72081369567871,3.9993724822998047,-2.346096992492676,-9.492311477661133
72081389312744,4.098301887512207,-2.3152072429656982,-9.104104995727539
72081409210205,4.335122585296631,-2.1458020210266113,-8.84487533569336
72081428924560,5.217947483062744,-1.6154680252075195,-8.858879089355469
72081448669433,6.78214693069458,-1.04207181930542,-8.68806266784668
72081468444824,7.270478248596191,-1.4283223152160645,-8.635242462158203
72081488189697,6.046909809112549,-2.0834975242614746,-4.746058940887451
72081507934570,3.61752986907959,-4.42776346206665,0.17530345916748047
72081527709960,0.6992861032485962,-6.086592197418213,5.251811981201172
72081547485351,3.497365951538086,-1.5959869623184204,6.9314045906066895
72081567260742,9.155342102050781,3.4331207275390625,6.312756538391113
72081587005615,5.441246032714844,-8.176018714904785,11.728747367858887
72081606781005,-6.382944107055664,-9.531590461730957,11.672786712646484
72081626556396,-6.514065265655518,-3.4165091514587402,11.63058853149414
72081646331787,-3.9001874923706055,2.159694194793701,10.167659759521484
72081666076660,-1.8349997997283936,4.124187469482422,8.918983459472656
72081685852050,2.2277462482452393,7.037037372589111,4.016239643096924
72081705627441,2.918928623199463,7.435135841369629,-0.3234696388244629
72081725372314,1.4718706607818604,5.5712785720825195,-3.461479663848877
72081745147705,-0.5965970754623413,3.802478313446045,-6.953260898590088
72081764892578,-1.8158230781555176,1.7563190460205078,-4.607478141784668
72081784637451,-2.7690181732177734,0.961867094039917,-4.41752815246582
72081804412841,-3.3562657833099365,1.0490434169769287,-5.927693843841553
72081824157714,-5.513930797576904,1.6613558530807495,-7.572246074676514
72081843933105,-9.065821647644043,1.317778468132019,-7.212843418121338
72081863708496,-10.580450057983398,0.02988976240158081,-2.880565643310547
72081883483886,-8.847365379333496,0.5668821334838867,-1.2309322357177734
72081903198242,-6.10862398147583,2.1488380432128906,-1.8183836936950684
72081922973632,-5.176569938659668,2.3236756324768066,6.298280239105225
72099726440429,5.430999755859375,4.560479164123535,-0.6519012451171875
72099745544433,3.155139923095703,1.2854652404785156,9.921446800231934
72099766021728,-4.093709945678711,-4.522417068481445,10.84311580657959
72099785797119,-5.357790946960449,-4.9461989402771,10.7852144241333
72099805572509,-2.066023111343384,0.6838635802268982,10.732110977172852
72099825347900,-1.2677663564682007,3.712573528289795,4.166738510131836
72099845123291,-1.0840080976486206,3.553443670272827,0.730473518371582
72099864898681,-0.7015713453292847,3.8130874633789063,-2.0053157806396484
72099884643554,0.23798632621765137,4.247527599334717,-3.5036935806274414
72099904418945,0.1215243935585022,4.138801097869873,-3.347458839416504
72099924194335,-0.23504668474197388,3.4072718620300293,-3.4852371215820313
72099943939208,-1.3181554079055786,2.6918933391571045,-4.452502250671387
72099963714599,-1.4892011880874634,2.3744490146636963,-4.459794998168945
72099983459472,-1.2258987426757813,1.7420741319656372,-4.574440956115723
72100003234863,-1.9101877212524414,1.2713291645050049,-6.328062057495117
72100023010253,-1.8305641412734985,2.144118547439575,-7.201848030090332
72100042755126,-1.5704083442687988,3.014753580093384,-6.581707954406738
72100062530517,-3.0341973304748535,1.7797133922576904,-2.4927196502685547
72107671844482,4.328315258026123,0.41865605115890503,2.3236351013183594
72107691650390,4.07388973236084,0.3017269968986511,-2.719489097595215
72107711425781,-1.1533695459365845,-1.4737322330474854,-3.3423728942871094
72107731079101,0.762351393699646,-0.8499923944473267,-4.016481399536133
72107751007080,2.291118621826172,0.23736858367919922,-0.5539484024047852
72107770721435,2.7557854652404785,-0.1739259958267212,5.610321998596191
72107789794921,0.6986414194107056,-0.3086421489715576,3.3166494369506836
72107810272216,2.5682759284973145,1.7766907215118408,1.3680925369262695
72107829437255,2.3801779747009277,1.9526662826538086,1.4631681442260742
72107849121093,-0.4686676263809204,-0.2903406620025635,5.407710075378418
72107868865966,0.789629340171814,1.107999563217163,2.7052736282348633
72107888671875,2.4171247482299805,3.099064826965332,-0.02418994903564453
72107908416748,2.4269590377807617,3.6885318756103516,-3.1421642303466797
72107928192138,1.9787317514419556,2.5996487140655518,-0.2909355163574219
72107947967529,2.2036726474761963,2.8188014030456543,0.23554420471191406
72107967712402,3.2664895057678223,3.0085933208465576,-4.132889747619629
72107987487792,0.7450768947601318,1.3194879293441772,-5.250522613525391
72108007263183,0.5525703430175781,0.32375568151474,-3.4069223403930664
72108027008056,-2.084939479827881,-1.8099210262298584,-0.8577871322631836
72108046783447,-0.12889277935028076,-0.43752431869506836,-2.6723098754882813
72108066558837,2.403900146484375,0.7742350697517395,-2.569498062133789
72108086303710,0.46190690994262695,0.6843954920768738,-7.103631973266602
72108106079101,-0.03196287155151367,-0.04006361961364746,-5.183782577514648
72108125854492,-1.6037044525146484,-0.7481379508972168,0.7707309722900391
72108145629882,-4.1572160720825195,-1.6519824266433716,-3.8421096801757813
72108165374755,0.7380332946777344,-0.053194403648376465,-0.08042144775390625
72108185150146,-0.7262163162231445,1.1594587564468384,6.5981597900390625
72108204925537,-6.889036655426025,0.17495858669281006,-1.2609634399414063
72108224670410,-4.280411720275879,-1.5436341762542725,7.53802490234375
72108244445800,2.6135544776916504,2.077401876449585,4.260063171386719
72108264221191,2.196416139602661,1.3951752185821533,10.125103950500488
72108283966064,-7.41555643081665,-3.7144196033477783,10.735041618347168
72108303741455,-11.561651229858398,-7.06889009475708,7.970932960510254
72108323486328,-10.313232421875,-6.5655198097229,2.896749496459961
72108343261718,-2.900099039077759,0.9824344515800476,-1.5872650146484375
72108363037109,4.43533992767334,5.337370872497559,-1.8579730987548828
72108382781982,-11.352422714233398,-2.491762399673462,10.705485343933105
72108402557373,-5.9821014404296875,-3.340351104736328,4.21639347076416
72108422302246,-6.09846830368042,-2.1766295433044434,7.416071891784668
72108442077636,-1.3052704334259033,0.10257530212402344,0.26305389404296875
72108461853027,-1.0648887157440186,0.8004120588302612,0.019463539123535156
72108481628417,-0.674025297164917,0.6048964262008667,0.013817787170410156
72108501373291,-2.3733232021331787,0.7140560150146484,0.8841028213500977
72108521179199,-1.4772789478302002,0.4024156332015991,-3.2258434295654297
72108540924072,-0.541654109954834,0.48272037506103516,-0.5152292251586914
72108560668945,1.97090482711792,2.16770601272583,-1.8172101974487305
72108580444335,1.1108980178833008,1.9709300994873047,-1.5488882064819336
72108600219726,-1.203331708908081,1.084505558013916,-0.01716899871826172
72108619964599,0.11079216003417969,1.2120897769927979,-0.566105842590332
72108639801025,1.8608012199401855,2.880394697189331,-0.3434419631958008
72108659515380,1.8212807178497314,2.414555072784424,-0.8579425811767578
72108679260253,-0.8473763465881348,0.6212133169174194,-0.6035041809082031
72108699035644,0.13206100463867188,1.070681095123291,-1.1190471649169922
72108718811035,0.964714527130127,2.935824394226074,-2.2330503463745117
72108738586425,2.232250690460205,1.7022509574890137,-2.704885482788086
72108758361816,-0.4858531951904297,-0.4664750099182129,0.8324460983276367
72108778106689,-1.7656481266021729,-1.1553107500076294,2.122945785522461
72108797912597,1.100475788116455,0.8899044990539551,-0.8945455551147461
72108817657470,2.3071186542510986,1.134836196899414,-3.3586225509643555
72108837432861,0.6626467704772949,-0.5390474796295166,5.551944732666016
72108857208251,-0.43053150177001953,-0.8037749528884888,7.0302276611328125
72108876953125,-1.4489871263504028,-1.8785347938537598,1.243722915649414
72108896728515,1.4253188371658325,-2.2449910640716553,2.004408836364746
72108916503906,1.5496625900268555,-3.184659957885742,5.22524356842041
72108936279296,-0.2966803312301636,-3.7547221183776855,2.5779905319213867
72108956024169,0.006725668907165527,-3.006267786026001,-2.4949417114257813
72108975799560,2.0027718544006348,-2.1752383708953857,-0.3306875228881836
72108995574951,-0.24493837356567383,-3.1010875701904297,6.079867362976074
72109015350341,-1.2406611442565918,-2.8951706886291504,3.0644407272338867
72109035095214,0.6834139823913574,-1.8870213031768799,-0.44022083282470703
72109054901123,2.7628774642944336,-0.41555315256118774,2.1561670303344727
72109074676513,1.262529730796814,-0.8305248618125916,2.151285171508789
72109094421386,-1.8840683698654175,-2.5547735691070557,-3.040389060974121
72109114196777,-0.3209543228149414,-1.52555251121521,4.219076156616211
72109133972167,1.7179008722305298,-0.1110754907131195,3.4636173248291016
72109153747558,0.9974075555801392,0.21215873956680298,2.742044448852539
72109173492431,-1.1637920141220093,-1.9001717567443848,-3.6610326766967773
72109193267822,2.8165664672851563,0.12159854173660278,-5.362643241882324
72109213043212,1.8447049856185913,0.6062664985656738,4.888999938964844
72109232818603,1.3890419006347656,-0.6278439164161682,8.364830017089844
72109252563476,1.4261996746063232,-0.2650430202484131,-1.3078107833862305
