68063893310546,-0.29769599437713623,0.5459107160568237,9.786916732788086
68063913085937,-0.3241352438926697,0.561890184879303,9.785172462463379
68063932861328,-0.35363703966140747,0.5823730230331421,9.782953262329102
68063952636718,-0.3873022198677063,0.596686065196991,9.780815124511719
68063972442626,-0.4108041822910309,0.6050333976745605,9.779343605041504
68063992218017,-0.41838935017585754,0.6108607649803162,9.77865982055664
68064011993408,-0.41690266132354736,0.611361026763916,9.778691291809082
68064031799316,-0.4182703495025635,0.6064369082450867,9.778940200805664
68064051544189,-0.42168983817100525,0.6007518172264099,9.779144287109375
68064071350097,-0.42081716656684875,0.5971173644065857,9.779403686523438
68064091094970,-0.41652578115463257,0.5956279039382935,9.779679298400879
68064110870361,-0.41062086820602417,0.6001291275024414,9.779653549194336
68064130676269,-0.40582025051116943,0.60958331823349,9.779269218444824
68064150451660,-0.4072374999523163,0.6079093217849731,9.779314041137695
68064170257568,-0.41327425837516785,0.587630569934845,9.780301094055176
68064190002441,-0.4181472361087799,0.563481330871582,9.781514167785645
68064209808349,-0.4149019122123718,0.5514050722122192,9.782341003417969
68064229614257,-0.4124903082847595,0.5475195646286011,9.782661437988281
68064249389648,-0.41882219910621643,0.5346712470054626,9.783102989196777
68064269165039,-0.4161170721054077,0.49495700001716614,9.785307884216309
68064288940429,-0.40294551849365234,0.4222072660923004,9.789267539978027
68064308746337,-0.38545820116996765,0.3364926278591156,9.793292999267578
68064328521728,-0.3606228828430176,0.24778345227241516,9.796883583068848
68064348297119,-0.33632272481918335,0.14096269011497498,9.799867630004883
68064368072509,-0.33371561765670776,0.0197395458817482,9.80095100402832
68064387878417,-0.3308464288711548,-0.06668343394994736,9.800841331481934
68064407623291,-0.2927402853965759,-0.08887181431055069,9.80187702178955
68064427429199,-0.24504807591438293,-0.0799906998872757,9.803261756896973
68064447204589,-0.22655844688415527,-0.08627098053693771,9.803653717041016
68064466979980,-0.2179374098777771,-0.1155552938580513,9.803547859191895
68064486755371,-0.19409719109535217,-0.16188809275627136,9.80339241027832
68064506530761,-0.15309400856494904,-0.223433256149292,9.802908897399902
68064526336669,-0.09918001294136047,-0.30042392015457153,9.801545143127441
68064546112060,-0.03702776879072189,-0.3910417854785919,9.79878044128418
68064565917968,0.024717319756746292,-0.4867119789123535,9.794533729553223
68064585693359,0.08240010589361191,-0.5735039710998535,9.789519309997559
68064605468750,0.11970449239015579,-0.6511182188987732,9.78427791595459
68064625244140,0.13235346972942352,-0.7157992720603943,9.779596328735352
68064645050048,0.1344297081232071,-0.7538865804672241,9.776705741882324
68064664794921,0.13590525090694427,-0.7480486035346985,9.777132987976074
68064684570312,0.13179150223731995,-0.7060850262641907,9.780309677124023
68064704345703,0.11057336628437042,-0.6583411693572998,9.783902168273926
68064724121093,0.08384615182876587,-0.6203073859214783,9.786653518676758
68064743927001,0.07001782953739166,-0.5833179950714111,9.78903579711914
68064763702392,0.06629694253206253,-0.5391642451286316,9.791592597961426
68064783508300,0.05662509799003601,-0.49691125750541687,9.793889045715332
68064803283691,0.03403656184673309,-0.46054473519325256,9.795770645141602
68064823059082,0.01397649198770523,-0.4255961775779724,9.79740047454834
68064842895507,0.0051541016437113285,-0.3911706805229187,9.798844337463379
68064862609863,0.01808764971792698,-0.38010919094085693,9.799263954162598
68064882415771,0.05969788879156113,-0.42640742659568787,9.79719352722168
68064902191162,0.11382819712162018,-0.5011453032493591,9.79317569732666
68064921966552,0.16578568518161774,-0.535947859287262,9.790590286254883
68064941741943,0.21632258594036102,-0.5052949786186218,9.791234016418457
68064961517333,0.2545015513896942,-0.43614688515663147,9.79364013671875
68064981292724,0.2632126212120056,-0.3655576705932617,9.79629898071289
68065001068115,0.24337516725063324,-0.3013695776462555,9.798996925354004
68065020874023,0.21834862232208252,-0.2379234880208969,9.801331520080566
68065040649414,0.2001354992389679,-0.19625543057918549,9.802643775939941
68065060424804,0.17763231694698334,-0.1985800564289093,9.803030014038086
68065080230712,0.15676367282867432,-0.2376016080379486,9.802517890930176
68065100006103,0.14672662317752838,-0.29573702812194824,9.801092147827148
68065119781494,0.14348632097244263,-0.3503701388835907,9.799338340759277
68065139556884,0.1404920369386673,-0.3822907507419586,9.798189163208008
68065159362792,0.12760187685489655,-0.3920499384403229,9.797979354858398
68065179138183,0.10289759933948517,-0.38267064094543457,9.798641204833984
68065198913574,0.07935253530740738,-0.3594258427619934,9.799739837646484
68065218688964,0.06042327359318733,-0.3411942720413208,9.80052661895752
68065238464355,0.04369717463850975,-0.3428347408771515,9.800558090209961
68065258239746,0.026151634752750397,-0.3548473119735718,9.800192832946777
68065278015136,0.008871705271303654,-0.35995933413505554,9.800037384033203
68065297821044,-0.006925519090145826,-0.36561986804008484,9.799829483032227
68065317565917,-0.017815545201301575,-0.39042797684669495,9.798859596252441
68065337371826,-0.015777813270688057,-0.4377375841140747,9.796862602233887
68065357147216,-0.0015212479047477245,-0.4815633296966553,9.794818878173828
68065376953125,0.013530080206692219,-0.48660987615585327,9.794560432434082
68065396728515,0.022032808512449265,-0.4590361714363098,9.795875549316406
68065416503906,0.02232048660516739,-0.43635299801826477,9.79691219329834
68065436279296,0.014265880919992924,-0.4284413456916809,9.797276496887207
68065456085205,0.005701327696442604,-0.4177776277065277,9.797745704650879
68065475860595,0.0012541774194687605,-0.40864652395248413,9.798131942749023
68065495635986,-0.028129512444138527,-0.42962831258773804,9.797194480895996
68065515441894,-0.09257764369249344,-0.46213287115097046,9.795317649841309
68065535217285,-0.12587223947048187,-0.4790881276130676,9.7941312789917
68065555023193,-0.058222826570272446,-0.5336739420890808,9.791945457458496
68065574798583,0.06499701738357544,-0.6671858429908752,9.783712387084961
68065594573974,0.180853933095932,-0.7547239661216736,9.77589225769043
68065614349365,0.26645752787590027,-0.6747454404830933,9.779780387878418
68065634155273,0.28523585200309753,-0.5118367075920105,9.789129257202148
68065653930664,0.25223052501678467,-0.36885565519332886,9.796463966369629
68065673706054,0.23728983104228973,-0.2532106339931488,9.800508499145508
68065693511962,0.2707488536834717,-0.16316109895706177,9.801554679870605
68065713287353,0.3107713460922241,-0.11753852665424347,9.801019668579102
68065733062744,0.32226842641830444,-0.11699291318655014,9.800655364990234
68065752838134,0.31541845202445984,-0.13274265825748444,9.800677299499512
68065772613525,0.31605711579322815,-0.13312530517578125,9.800651550292969
68065792388916,0.32923397421836853,-0.10564979165792465,9.800552368164063
68065812164306,0.3543265759944916,-0.051057618111371994,9.800113677978516
68065831939697,0.3881838619709015,0.02402782253921032,9.798934936523438
68065851745605,0.41602787375450134,0.10867974162101746,9.797219276428223
68065871520996,0.42920148372650146,0.18928368389606476,9.795424461364746
68065891296386,0.4336867928504944,0.26073095202445984,9.793585777282715
68065911071777,0.43335258960723877,0.3232610821723938,9.791735649108887
68065930877685,0.42700472474098206,0.3799930810928345,9.789977073669434
68065950683593,0.40900078415870667,0.4299495220184326,9.788680076599121
68065970458984,0.3750782608985901,0.46134552359580994,9.78860855102539
68065990234375,0.320115864276886,0.460212767124176,9.790614128112793
68066010009765,0.2532716393470764,0.42216333746910095,9.794285774230957
68066029815673,0.2006828337907791,0.36585456132888794,9.797768592834473
68066049652099,0.16994671523571014,0.2996329963207245,9.80059814453125
68066069366455,0.1465631127357483,0.18849633634090424,9.803743362426758
68066089141845,0.1311417520046234,0.025369860231876373,9.805740356445313
68066108917236,0.13731521368026733,-0.11527687311172485,9.805010795593262
68066128723144,0.16382962465286255,-0.1993185132741928,9.803256034851074
68066148498535,0.21391163766384125,-0.2646222412586212,9.800745010375977
68066168304443,0.26877880096435547,-0.29041144251823425,9.798664093017578
68066188079833,0.30341169238090515,-0.20878256857395172,9.799731254577637
68066207855224,0.30512773990631104,-0.0331246480345726,9.801846504211426
68066227630615,0.2770855724811554,0.15601056814193726,9.801493644714355
68066247436523,0.23450438678264618,0.28243574500083923,9.799777030944824
68066267211914,0.18542258441448212,0.32395729422569275,9.799543380737305
68066287017822,0.12214582413434982,0.30084890127182007,9.801273345947266
68066306793212,0.049390412867069244,0.23513786494731903,9.803706169128418
68066326568603,-9.119809838011861E-4,0.15110072493553162,9.805485725402832
68066346343994,-0.019005147740244865,0.07251212000846863,9.806364059448242
68066366119384,-0.03694433346390724,0.012682740576565266,9.806571960449219
68066385894775,-0.08276752382516861,-0.009741290472447872,9.806296348571777
68066405670166,-0.14685726165771484,0.020314373075962067,9.805529594421387
68066425445556,-0.2121625542640686,0.08338227868080139,9.804000854492188
68066445251464,-0.2702588737010956,0.1463954597711563,9.80183219909668
68066465026855,-0.3068966269493103,0.18464164435863495,9.800107955932617
68066484802246,-0.31748342514038086,0.19558987021446228,9.79955768585205
68066504608154,-0.3151516318321228,0.20044326782226563,9.799535751342773
68066524383544,-0.3161500096321106,0.22299543023109436,9.799015998840332
68066544158935,-0.3210953176021576,0.2522569000720978,9.798145294189453
68066563934326,-0.321240097284317,0.2537447512149811,9.798102378845215
68066583740234,-0.3139871656894684,0.2313975840806961,9.798890113830566
68066603515625,-0.29787418246269226,0.22092552483081818,9.79963493347168
68066623291015,-0.2673979699611664,0.23193204402923584,9.800259590148926
68066643096923,-0.24116459488868713,0.21301871538162231,9.801369667053223
68066662872314,-0.24605199694633484,0.12928840517997742,9.80271053314209
68066682678222,-0.2883431613445282,0.03413208946585655,9.802350997924805
68066702423095,-0.32843098044395447,-0.01709667593240738,9.80113410949707
68066722229003,-0.3193366825580597,-0.05704408511519432,9.801283836364746
68066742004394,-0.26843610405921936,-0.0678495466709137,9.802741050720215
68066761810302,-0.21661199629306793,0.04958327114582062,9.804132461547852
68066781585693,-0.18050672113895416,0.2798791229724884,9.800993919372559
68066801361083,-0.16020971536636353,0.5052511096000671,9.792315483093262
68066821166992,-0.14894762635231018,0.6829070448875427,9.781709671020508
68066840942382,-0.14685498178005219,0.838141918182373,9.769664764404297
68066860717773,-0.17091846466064453,0.9497016668319702,9.759058952331543
68066880523681,-0.2316000908613205,0.9894614815711975,9.753856658935547
68066900299072,-0.313920795917511,0.9753814339637756,9.752972602844238
68066920074462,-0.37926480174064636,0.9369091391563416,9.754422187805176
68066939849853,-0.3875259757041931,0.8994624018669128,9.757621765136719
68066959625244,-0.3453025817871094,0.8803820610046387,9.760947227478027
68066979400634,-0.29955407977104187,0.8907448649406433,9.761517524719238
68066999176025,-0.27388304471969604,0.9326931238174438,9.758353233337402
68067018951416,-0.2623560428619385,0.9912654757499695,9.752894401550293
68067038757324,-0.25301042199134827,1.0541362762451172,9.746546745300293
68067058532714,-0.23466789722442627,1.1138697862625122,9.740360260009766
68067078308105,-0.20419049263000488,1.1824100017547607,9.732964515686035
68067098083496,-0.173029363155365,1.2642558813095093,9.723276138305664
68067117889404,-0.1555226445198059,1.3339897394180298,9.714250564575195
68067137664794,-0.1463114470243454,1.37701416015625,9.708389282226563
68067157440185,-0.1262778341770172,1.4091466665267944,9.704058647155762
68067177215576,-0.09769409894943237,1.4400811195373535,9.699845314025879
68067197021484,-0.10072029381990433,1.4564192295074463,9.697375297546387
68067216796875,-0.13769783079624176,1.4408191442489624,9.699251174926758
68067236572265,-0.16706056892871857,1.388375997543335,9.706435203552246
68067256408691,-0.16073666512966156,1.3308830261230469,9.714591979980469
68067276153564,-0.11281689256429672,1.2504608631134033,9.725945472717285
68067295928955,-0.05131888762116432,1.1264572143554688,9.74160385131836
68067315734863,0.004065319430083036,1.0226629972457886,9.753180503845215
68067335510253,0.061760738492012024,1.0025542974472046,9.755073547363281
68067355316162,0.1119956374168396,1.0366214513778687,9.751065254211426
68067375061035,0.14769476652145386,1.04377019405365,9.749826431274414
68067394836425,0.17224644124507904,0.9754999876022339,9.756490707397461
68067414642333,0.16866488754749298,0.8461582660675049,9.768620491027832
68067434417724,0.1320575624704361,0.6985005140304565,9.780851364135742
68067454223632,0.0847427174448967,0.5568026304244995,9.7904634475708
68067473968505,0.048772405833005905,0.42798924446105957,9.797184944152832
68067493774414,0.022684553638100624,0.3089919984340668,9.80175495147705
68067513549804,-0.008323964662849903,0.21101705729961395,9.804375648498535
68067533325195,-0.04768965765833855,0.1601320207118988,9.805227279663086
68067553131103,-0.08331109583377838,0.1677561104297638,9.804861068725586
68067572906494,-0.10102933645248413,0.20857828855514526,9.803911209106445
68067592681884,-0.10349984467029572,0.23741589486598969,9.803229331970215
68067612457275,-0.11023980379104614,0.22133676707744598,9.803532600402832
68067632232666,-0.11824065446853638,0.18129658699035645,9.804261207580566
68067652038574,-0.1029670462012291,0.1561473309993744,9.804866790771484
68067671813964,-0.08169177174568176,0.13007213175296783,9.805447578430176
68067691619873,-0.10205020755529404,0.08131951093673706,9.805781364440918
68067711364746,-0.16415530443191528,0.03632231801748276,9.805209159851074
68067731140136,-0.22704048454761505,0.015726523473858833,9.804008483886719
68067750946044,-0.2836993336677551,3.3893121872097254E-4,9.802545547485352
68067770721435,-0.3498210310935974,-0.04142499715089798,9.800321578979492
68067790527343,-0.42336946725845337,-0.11206729710102081,9.796866416931152
68067810302734,-0.5111972093582153,-0.18556293845176697,9.791559219360352
68067830078125,-0.5846664905548096,-0.27978426218032837,9.78520679473877
68067849853515,-0.6147668957710266,-0.41250255703926086,9.778665542602539
68067869659423,-0.5999581813812256,-0.4965270161628723,9.775678634643555
68067889434814,-0.5440607070922852,-0.4517306387424469,9.781121253967285
68067909210205,-0.4688170254230499,-0.33937278389930725,9.789557456970215
68067929016113,-0.4272788465023041,-0.25570258498191833,9.794000625610352
68067948791503,-0.4405202865600586,-0.20280297100543976,9.79465103149414
68067968566894,-0.47465139627456665,-0.16645309329032898,9.793742179870605
68067988342285,-0.50496906042099,-0.15639890730381012,9.792391777038574
68068008148193,-0.5378641486167908,-0.17549273371696472,9.790316581726074
68068027923583,-0.5821773409843445,-0.2074398696422577,9.787156105041504
68068047698974,-0.6251788139343262,-0.22025670111179352,9.784223556518555
68068067474365,-0.6460225582122803,-0.2007305920124054,9.783289909362793
68068087249755,-0.6420804262161255,-0.16499656438827515,9.78421688079834
68068107025146,-0.6283482313156128,-0.12773466110229492,9.785665512084961
68068126800537,-0.6087192296981812,-0.08063678443431854,9.787407875061035
68068146606445,-0.5875735282897949,-0.024004803970456123,9.789002418518066
68068166381835,-0.5732344388961792,0.022123629227280617,9.789856910705566
68068186157226,-0.5632025599479675,0.046657662838697433,9.790352821350098
68068205963134,-0.5472874045372009,0.07134205102920532,9.791107177734375
68068225738525,-0.5252752304077148,0.10672558844089508,9.791991233825684
68068245513916,-0.513205885887146,0.13606800138950348,9.792266845703125
68068265289306,-0.5007829666137695,0.17186366021633148,9.792346954345703
68068285095214,-0.47686320543289185,0.1980721652507782,9.793045997619629
68068304870605,-0.46701478958129883,0.16581034660339355,9.794119834899902
68068324676513,-0.47014108300209045,0.07887324690818787,9.795056343078613
68068344421386,-0.4573177993297577,-0.02056819014251232,9.79595947265625
68068364196777,-0.42691415548324585,-0.10293371230363846,9.796812057495117
68068384002685,-0.39843153953552246,-0.1846766322851181,9.796812057495117
68068403778076,-0.3496496379375458,-0.27198556065559387,9.796640396118164
68068423583984,-0.2586437463760376,-0.3013906180858612,9.798604965209961
68068443359375,-0.1503235250711441,-0.2025410234928131,9.80340576171875
68068463195800,-0.0710965022444725,-0.006333685480058193,9.806390762329102
68068482940673,-0.04742652177810669,0.18317991495132446,9.804824829101563
68068502716064,-0.08224447071552277,0.2849549949169159,9.802164077758789
68068522491455,-0.1625780612230301,0.2985364496707916,9.800756454467773
68068542266845,-0.26057127118110657,0.26530444622039795,9.799596786499023
68068562072753,-0.34909525513648987,0.20743323862552643,9.798238754272461
68068581848144,-0.4202005863189697,0.13633862137794495,9.7966947555542
68068601623535,-0.4795425832271576,0.06049605458974838,9.794731140136719
68068621398925,-0.5311045050621033,-0.018073877319693565,9.792241096496582
68068641174316,-0.5729288458824158,-0.08589494973421097,9.789523124694824
68068660980224,-0.608203649520874,-0.12345372885465622,9.786993026733398
68068680725097,-0.6443683505058289,-0.13280059397220612,9.78455638885498
68068700531005,-0.6871733069419861,-0.13028103113174438,9.78167724609375
68068720306396,-0.7324879765510559,-0.13184551894664764,9.778367042541504
68068740081787,-0.7647681832313538,-0.1527508944272995,9.775590896606445
68068759857177,-0.7812091708183289,-0.19914914667606354,9.773455619812012
68068779663085,-0.7835074067115784,-0.24282047152519226,9.772284507751465
68068799438476,-0.7875781059265137,-0.25326186418533325,9.771692276000977
68068819213867,-0.8239635229110718,-0.25452449917793274,9.768657684326172
68068838989257,-0.8866908550262451,-0.2832795977592468,9.762372970581055
68068858795166,-0.9350600838661194,-0.34940874576568604,9.755714416503906
68068878570556,-0.9530498385429382,-0.41607457399368286,9.751357078552246
68068898345947,-0.9660905003547668,-0.4281051754951477,9.749552726745605
68068918121337,-1.0367538928985596,-0.376495897769928,9.744422912597656
68068937896728,-1.118342638015747,-0.3251229226589203,9.737247467041016
68068957702636,-1.0941978693008423,-0.33546730875968933,9.739639282226563
68068977478027,-0.954744815826416,-0.3240636885166168,9.754682540893555
68068997283935,-0.8144410252571106,-0.16840380430221558,9.771320343017578
68069017059326,-0.7682808637619019,0.09285895526409149,9.776068687438965
68069036834716,-0.8141258955001831,0.325248122215271,9.76738452911377
68069056610107,-0.8909242153167725,0.47190752625465393,9.754688262939453
68069076416015,-0.9313504099845886,0.5394169688224792,9.747410774230957
68069096191406,-0.9079945683479309,0.5402953028678894,9.749565124511719
68069115966796,-0.8588117361068726,0.4790593385696411,9.757219314575195
68069135742187,-0.8331307172775269,0.3653322458267212,9.764364242553711
68069155548095,-0.8202587366104126,0.23106350004673004,9.769553184509277
68069175323486,-0.7773782014846802,0.12078453600406647,9.775043487548828
68069195098876,-0.6995136737823486,0.058887775987386703,9.781493186950684
68069214874267,-0.6151626110076904,0.04228058457374573,9.787245750427246
68069234680175,-0.5519328117370605,0.05167249217629433,9.790969848632813
68069254455566,-0.5187193751335144,0.0810660794377327,9.792586326599121
68069274230957,-0.5031375885009766,0.13906309008598328,9.792747497558594
68069294006347,-0.4964245557785034,0.20479822158813477,9.791935920715332
68069313781738,-0.495683878660202,0.2438911497592926,9.791077613830566
68069333557128,-0.49427998065948486,0.261421799659729,9.790696144104004
68069353363037,-0.5008366703987122,0.26895684003829956,9.79015827178955
68069373138427,-0.5360139012336731,0.2884584069252014,9.787740707397461
68069392913818,-0.6090829968452454,0.2984541058540344,9.78316593170166
68069412689208,-0.7075713276863098,0.249833345413208,9.777898788452148
68069432464599,-0.797764241695404,0.15221908688545227,9.77296257019043
68069452270507,-0.840728759765625,0.03963904455304146,9.770464897155762
68069472015380,-0.8211780190467834,-0.06428420543670654,9.771997451782227
68069491821289,-0.7736355662345886,-0.17073911428451538,9.774595260620117
68069511596679,-0.7192291617393494,-0.29931744933128357,9.77565860748291
68069531402587,-0.609521210193634,-0.3984737992286682,9.77957534790039
68069551177978,-0.46092647314071655,-0.3978588581085205,9.787729263305664
68069570953369,-0.3836542069911957,-0.30119532346725464,9.794512748718262
68069590728759,-0.41167473793029785,-0.18944892287254333,9.796174049377441
68069610504150,-0.5122929811477661,-0.13478294014930725,9.792332649230957
68069630279541,-0.6437890529632568,-0.12930887937545776,9.78464126586914
68069650054931,-0.7712159752845764,-0.13080839812755585,9.775403022766113
68069669921875,-0.8705909848213196,-0.12221590429544449,9.767165184020996
68069689636230,-0.9355120062828064,-0.10739701986312866,9.761335372924805
68069709411621,-0.9717085957527161,-0.0933016911149025,9.757944107055664
68069729156494,-0.9878671765327454,-0.07901348173618317,9.756446838378906
68069748962402,-1.0006599426269531,-0.06579826027154922,9.755241394042969
68069768737792,-1.0176682472229004,-0.05724937096238136,9.753536224365234
68069788513183,-1.02886164188385,-0.05678567662835121,9.752364158630371
68069808288574,-1.0319732427597046,-0.09156026691198349,9.751770973205566
68069828094482,-1.035232663154602,-0.1809261292219162,9.750176429748535
68069847869873,-1.0284169912338257,-0.2849435806274414,9.7484130859375
68069867645263,-1.006060004234314,-0.36051541566848755,9.748244285583496
68069887420654,-0.9938490390777588,-0.4171409606933594,9.747237205505371
68069907226562,-1.013527274131775,-0.47632983326911926,9.742498397827148
68069927001953,-1.0535128116607666,-0.5136256814002991,9.736358642578125
68069946777343,-1.0972352027893066,-0.49907761812210083,9.732285499572754
68069966552734,-1.1426680088043213,-0.4705222547054291,9.728479385375977
68069986358642,-1.1796939373016357,-0.48645859956741333,9.723274230957031
68070006134033,-1.1931098699569702,-0.5459469556808472,9.718478202819824
68070025909423,-1.1950790882110596,-0.5881731510162354,9.715771675109863
68070045684814,-1.193214774131775,-0.5906292200088501,9.715852737426758
68070065490722,-1.1461435556411743,-0.6019755005836487,9.720821380615234
68070085296630,-1.044023036956787,-0.6216326355934143,9.731082916259766
68070105072021,-0.930401623249054,-0.5578123331069946,9.746464729309082
68070124847412,-0.8498870134353638,-0.4019339680671692,9.761482238769531
68070144622802,-0.8182688355445862,-0.2703936696052551,9.76871109008789
68070164428710,-0.8105793595314026,-0.2320013791322708,9.770339012145996
68070184204101,-0.8130051493644714,-0.2654905617237091,9.769285202026367
68070203979492,-0.8123400211334229,-0.3218271732330322,9.767646789550781
68070223785400,-0.815346896648407,-0.38390785455703735,9.765152931213379
68070243560791,-0.8392587304115295,-0.4422406256198883,9.760658264160156
68070263336181,-0.8634955286979675,-0.46488824486732483,9.757491111755371
68070283142089,-0.8533502817153931,-0.42803755402565,9.760069847106934
68070302886962,-0.8128154277801514,-0.35592034459114075,9.766424179077148
68070322692871,-0.7647641897201538,-0.2787119746208191,9.772810935974121
68070342468261,-0.7251267433166504,-0.20049108564853668,9.777749061584473
68070362243652,-0.7027854919433594,-0.12182790786027908,9.78067684173584
68070382049560,-0.7041715383529663,-0.05318497121334076,9.781190872192383
68070401824951,-0.7204143404960632,-0.007398976944386959,9.780150413513184
68070421600341,-0.7285962104797363,0.011179386638104916,9.779540061950684
68070441375732,-0.7307597398757935,0.005664916709065437,9.779383659362793
68070461181640,-0.7406935691833496,-0.007176491431891918,9.778635025024414
68070480957031,-0.7519323229789734,-0.02294527366757393,9.777752876281738
68070500732421,-0.7591932415962219,-0.05267569422721863,9.777077674865723
68070520507812,-0.7615205645561218,-0.10937107354402542,9.776426315307617
68070540283203,-0.7397065162658691,-0.20743362605571747,9.776512145996094
68070560058593,-0.664520263671875,-0.32235944271087646,9.77879810333252
68070579833984,-0.5461580157279968,-0.42953255772590637,9.782003402709961
68070599609375,-0.39692139625549316,-0.5472094416618347,9.78332233428955
68070619415283,-0.2191847711801529,-0.6624883413314819,9.781792640686035
68070639190673,-0.052414391189813614,-0.6200651526451111,9.786887168884277
68070658966064,0.04435208439826965,-0.314496248960495,9.801506042480469
68070678741455,0.05484132096171379,0.15013892948627472,9.805347442626953
68070698516845,-0.010405559092760086,0.5728237628936768,9.789900779724121
68070718292236,-0.1243349015712738,0.8549976348876953,9.768515586853027
68070738067626,-0.2500625550746918,1.0208733081817627,9.750162124633789
68070757873535,-0.36083757877349854,1.1361820697784424,9.73392391204834
68070777618408,-0.459254652261734,1.2066515684127808,9.72128963470459
68070797424316,-0.5515010952949524,1.2132909297943115,9.715665817260742
68070817199707,-0.6246882081031799,1.1630874872207642,9.717374801635742
68070837005615,-0.6631494164466858,1.0787817239761353,9.72454833984375
68070856750488,-0.6785314679145813,0.9810538291931152,9.733833312988281
68070876617431,-0.7038149237632751,0.8965548276901245,9.740185737609863
68070896301269,-0.7457820773124695,0.8441434502601624,9.741745948791504
68070916107177,-0.787744402885437,0.8045954704284668,9.741789817810059
68070935882568,-0.814720869064331,0.748918890953064,9.744009971618652
68070955657958,-0.8352835774421692,0.6819416880607605,9.747186660766602
68070975463867,-0.8531481623649597,0.6593045592308044,9.747197151184082
68070995239257,-0.8689543604850769,0.6910997629165649,9.743597030639648
68071015014648,-0.8937703371047974,0.7221881747245789,9.739096641540527
68071034790039,-0.9274429678916931,0.721132755279541,9.7360258102417
68071054595947,-0.9389597773551941,0.7021452784538269,9.736310005187988
68071074371337,-0.9042760729789734,0.6527592539787292,9.743027687072754
68071094146728,-0.85423743724823,0.576939046382904,9.752323150634766
68071113922119,-0.8776999115943909,0.5411074757575989,9.752293586730957
68071133697509,-0.9407144784927368,0.5473206043243408,9.74606990814209
68071153472900,-0.9173510670661926,0.5597259998321533,9.74759292602539
68071173278808,-0.7843973636627197,0.6004105806350708,9.756772994995117
68071193054199,-0.6436839699745178,0.6695201396942139,9.762571334838867
68071212860107,-0.5775974988937378,0.7243199348449707,9.762792587280273
68071232635498,-0.5756809711456299,0.7561373710632324,9.760493278503418
68071252410888,-0.5963997840881348,0.7793934345245361,9.75741958618164
68071272186279,-0.6192963123321533,0.7760156393051147,9.75626277923584
68071291992187,-0.6412694454193115,0.7252354025840759,9.758749961853027
68071311767578,-0.6602540016174316,0.6413164138793945,9.763358116149902
68071331542968,-0.6670031547546387,0.5489242076873779,9.768529891967773
68071351318359,-0.6520059704780579,0.46012234687805176,9.774127006530762
68071371063232,-0.6241496801376343,0.36831575632095337,9.779834747314453
68071390869140,-0.5854082107543945,0.27830564975738525,9.785204887390137
68071410644531,-0.5218624472618103,0.22100460529327393,9.790260314941406
68071430450439,-0.4357471466064453,0.2119319587945938,9.794672012329102
68071450225830,-0.3570736050605774,0.2192823886871338,9.797693252563477
68071470001220,-0.3073815703392029,0.20326955616474152,9.799723625183105
68071489776611,-0.27229833602905273,0.1716000884771347,9.801366806030273
68071509552001,-0.2333550751209259,0.15021969377994537,9.802722930908203
68071529357910,-0.19825492799282074,0.13911449909210205,9.803659439086914
68071549133300,-0.1879269778728485,0.11260928958654404,9.80420207977295
68071568908691,-0.20309576392173767,0.06784976273775101,9.804311752319336
68071588684082,-0.2220470905303955,0.007864496670663357,9.804132461547852
68071608459472,-0.2354985624551773,-0.09135055541992188,9.803396224975586
68071628234863,-0.2480791211128235,-0.23406417667865753,9.8007173538208
68071648010253,-0.23886443674564362,-0.35550418496131897,9.797292709350586
68071667785644,-0.20183880627155304,-0.4076884984970093,9.796092987060547
68071687591552,-0.16116158664226532,-0.4518525004386902,9.794909477233887
68071707366943,-0.11091753095388412,-0.5047333240509033,9.793024063110352
68071727172851,-0.05233351141214371,-0.4817475378513336,9.794670104980469
68071746948242,-0.016282912343740463,-0.3490593135356903,9.800422668457031
68071766723632,-0.019599970430135727,-0.17168831825256348,9.805127143859863
68071786499023,-0.04139050468802452,-0.03644396364688873,9.80649471282959
68071806274414,-0.08411626517772675,0.016687577590346336,9.806275367736816
68071826049804,-0.1499340534210205,0.021928127855062485,9.805479049682617
68071845855712,-0.22494086623191833,0.00447364617139101,9.804068565368652
68071865631103,-0.293161541223526,-0.03828950598835945,9.802192687988281
68071885406494,-0.32893505692481995,-0.08563851565122604,9.800758361816406
68071905181884,-0.3344431519508362,-0.10694274306297302,9.800362586975098
68071924957275,-0.341528058052063,-0.0909000039100647,9.80027961730957
68071944732666,-0.36444252729415894,-0.04250546917319298,9.799783706665039
68071964508056,-0.3932693898677826,0.007799922954291105,9.798758506774902
68071984313964,-0.4256167709827423,0.017965517938137054,9.797392845153809
68072004119873,-0.4576175808906555,-0.018483655527234077,9.795949935913086
68072023864746,-0.47147291898727417,-0.05418846011161804,9.795160293579102
68072043640136,-0.46903717517852783,-0.05385192483663559,9.795278549194336
68072063415527,-0.4717300534248352,-0.039553605020046234,9.795217514038086
68072083282470,-0.4938325583934784,-0.04069443419575691,9.794123649597168
68072102996826,-0.5368373990058899,-0.04276183620095253,9.791851997375488
68072122802734,-0.5963357090950012,-0.009823640808463097,9.788496971130371
68072142547607,-0.6636291742324829,0.04142505303025246,9.784082412719727
68072162353515,-0.7374272346496582,0.05237777903676033,9.7787446975708
68072182098388,-0.8100571036338806,0.007334617432206869,9.773133277893066
68072201904296,-0.8640379309654236,-0.06013185903429985,9.768326759338379
68072221679687,-0.9274096488952637,-0.11262694001197815,9.762049674987793
68072241455078,-1.0071766376495361,-0.1364220380783081,9.753839492797852
68072261230468,-1.014906883239746,-0.16144432127475739,9.752655029296875
68072281036376,-0.9366503953933716,-0.17932891845703125,9.760169982910156
68072300811767,-0.8690091371536255,-0.07682006806135178,9.767768859863281
68072320587158,-0.8584628105163574,0.1558450162410736,9.767760276794434
68072340362548,-0.8822858929634094,0.36297807097435,9.760133743286133
68072360137939,-0.8958658576011658,0.4747723639011383,9.754096031188965
68072379913330,-0.8812162280082703,0.5348647832870483,9.752321243286133
68072399688720,-0.8636671304702759,0.5641322135925293,9.752242088317871
68072419494628,-0.8662011623382568,0.5458430647850037,9.753058433532715
68072439270019,-0.8890476226806641,0.46547457575798035,9.755168914794922
68072459045410,-0.9139552712440491,0.34683969616889954,9.757805824279785
68072478820800,-0.9165747165679932,0.2404554933309555,9.760761260986328
68072498626708,-0.8918130397796631,0.16561412811279297,9.76461124420166
68072518402099,-0.8383508920669556,0.11265690624713898,9.770100593566895
68072538177490,-0.7575514912605286,0.07333368808031082,9.777071952819824
68072557952880,-0.6749743223190308,0.04543006792664528,9.783288955688477
68072577728271,-0.622418224811554,0.03958187252283096,9.786798477172852
68072597534179,-0.6014149188995361,0.062371525913476944,9.787992477416992
68072617309570,-0.5899736285209656,0.10076622664928436,9.788369178771973
68072637084960,-0.5776882767677307,0.14966033399105072,9.78847599029541
68072656860351,-0.5670009851455688,0.2074006199836731,9.788047790527344
68072676666259,-0.5514171123504639,0.24754807353019714,9.788004875183105
68072696441650,-0.5305532217025757,0.25572800636291504,9.788948059082031
68072716217041,-0.5267261266708374,0.2515696883201599,9.789262771606445
68072735992431,-0.5650132298469543,0.2326894849538803,9.787593841552734
68072755767822,-0.6178937554359436,0.17274807393550873,9.785640716552734
68072775543212,-0.6427078247070313,0.09666170924901962,9.785089492797852
68072795349121,-0.6355145573616028,0.028019508346915245,9.785996437072754
68072815124511,-0.6012697815895081,-0.06786209344863892,9.787964820861816
68072834899902,-0.543199896812439,-0.1820778250694275,9.789901733398438
68072854675292,-0.4868376553058624,-0.22503040730953217,9.791973114013672
68072874481201,-0.47000035643577576,-0.15313580632209778,9.794183731079102
68072894226074,-0.5044765472412109,-0.0327187217772007,9.793610572814941
68072914031982,-0.5731005668640137,0.04857271909713745,9.789769172668457
68072933807373,-0.6587123870849609,0.0842183455824852,9.784139633178711
68072953582763,-0.7473252415657043,0.11970487982034683,9.777400970458984
68072973358154,-0.8398734927177429,0.1565254032611847,9.769365310668945
68072993133544,-0.9341960549354553,0.1619666963815689,9.760708808898926
68073012908935,-0.9965120553970337,0.12400554865598679,9.75510025024414
68073032684326,-1.0111067295074463,0.06642796099185944,9.754159927368164
68073052490234,-1.0044524669647217,0.023021714761853218,9.755046844482422
68073072235107,-1.0085959434509277,8.570661884732544E-4,9.754646301269531
68073092010498,-1.0286712646484375,-0.0187964029610157,9.752531051635742
68073111816406,-1.0524011850357056,-0.0659269392490387,9.749794960021973
68073131591796,-1.0740385055541992,-0.141121968626976,9.746635437011719
68073151397705,-1.0802199840545654,-0.20016878843307495,9.744918823242188
68073171173095,-1.0565004348754883,-0.22911080718040466,9.746881484985352
68073190917968,-1.0198588371276855,-0.25787127017974854,9.750065803527832
68073210693359,-1.0053058862686157,-0.32894474267959595,9.749438285827637
68073230499267,-0.9985796213150024,-0.4474709630012512,9.74540901184082
68073250274658,-0.8978344798088074,-0.5232532620429993,9.751435279846191
68073270050048,-0.7469757199287415,-0.5218305587768555,9.764225959777832
68073289886474,-0.7291052937507629,-0.5142777562141418,9.765976905822754
68073309631347,-0.8353139758110046,-0.5504347681999207,9.755494117736816
68073329406738,-0.9290550351142883,-0.5976825952529907,9.744230270385742
68073349182128,-1.0072475671768188,-0.5962981581687927,9.736542701721191
68073368957519,-1.0845192670822144,-0.5149642825126648,9.732882499694824
68073388732910,-1.1235806941986084,-0.4083651900291443,9.733509063720703
68073408538818,-1.1303510665893555,-0.2995321452617645,9.736681938171387
68073428314208,-1.1373790502548218,-0.14118167757987976,9.739446640014648
68073448120117,-1.1980196237564087,0.03992941975593567,9.733116149902344
68073467895507,-1.3080549240112305,0.17053700983524323,9.717525482177734
68073487670898,-1.3909131288528442,0.2292345017194748,9.704802513122559
68073507446289,-1.4067678451538086,0.21543052792549133,9.70283317565918
68073527221679,-1.3853099346160889,0.1397087424993515,9.707305908203125
68073546997070,-1.3581950664520264,0.04177415743470192,9.712051391601563
68073566772460,-1.3139095306396484,-0.05131394416093826,9.718096733093262
68073586578369,-1.221756935119629,-0.15599210560321808,9.728996276855469
68073606353759,-1.1114007234573364,-0.2866066098213196,9.739252090454102
68073626129150,-1.0314915180206299,-0.41231176257133484,9.743531227111816
68073645904541,-0.9846923351287842,-0.4981025159358978,9.744365692138672
68073665649414,-0.9510795474052429,-0.5473884344100952,9.745060920715332
68073685455322,-0.9247546792030334,-0.5987998843193054,9.7445707321167
68073705230712,-0.9045954346656799,-0.6712779998779297,9.741739273071289
68073725006103,-0.8814759850502014,-0.7411718964576721,9.738790512084961
68073744781494,-0.8435869216918945,-0.7824310064315796,9.738919258117676
68073764556884,-0.8086876273155212,-0.806367814540863,9.739927291870117
68073784332275,-0.8082091808319092,-0.8219451308250427,9.738664627075195
68073804107666,-0.8356612324714661,-0.797502875328064,9.738380432128906
68073823883056,-0.8695966005325317,-0.7334924936294556,9.740440368652344
68073843688964,-0.9104124307632446,-0.6734438538551331,9.741047859191895
68073863433837,-0.9361148476600647,-0.6340444684028625,9.741255760192871
68073883209228,-0.9160303473472595,-0.5937129259109497,9.745705604553223
68073903015136,-0.8523672223091125,-0.5396485924720764,9.754621505737305
68073922760009,-0.7605351209640503,-0.518872857093811,9.763337135314941
68073942565917,-0.6498133540153503,-0.5478338003158569,9.769749641418457
68073962341308,-0.5515426397323608,-0.5295090079307556,9.776799201965332
68073982116699,-0.5138599276542664,-0.38701093196868896,9.785528182983398
68074001892089,-0.5631201267242432,-0.18152645230293274,9.788785934448242
68074021667480,-0.6618135571479797,-0.021382538601756096,9.784269332885742
68074041442871,-0.7390153408050537,0.05190294235944748,9.778627395629883
68074061248779,-0.7809484004974365,0.044919226318597794,9.775402069091797
68074081024169,-0.8268741369247437,-0.03291958197951317,9.771672248840332
68074100799560,-0.8711044192314148,-0.15303032100200653,9.766685485839844
68074120574951,-0.8683998584747314,-0.27130457758903503,9.76435661315918
68074140350341,-0.8221626877784729,-0.3711897134780884,9.7650728225708
68074160125732,-0.7731015086174011,-0.4534132480621338,9.765608787536621
68074179901123,-0.7426788210868835,-0.5055803656578064,9.765408515930176
68074199676513,-0.7316233515739441,-0.5189341902732849,9.765542984008789
68074219451904,-0.7324978709220886,-0.5160599946975708,9.765628814697266
68074239227294,-0.7331703305244446,-0.5297594666481018,9.76484489440918
68074259002685,-0.7242499589920044,-0.5602362155914307,9.763810157775879
68074278808593,-0.7073992490768433,-0.5799102187156677,9.763896942138672
68074298583984,-0.6936214566230774,-0.586683452129364,9.764480590820313
68074318359375,-0.686394453048706,-0.5811184644699097,9.765324592590332
68074338134765,-0.6833646297454834,-0.5369641184806824,9.76806354522705
68074357910156,-0.6908425688743591,-0.45874378085136414,9.771523475646973
68074377685546,-0.6992136240005493,-0.3664739727973938,9.774824142456055
68074397460937,-0.6470178365707397,-0.2791488766670227,9.78130054473877
68074417236328,-0.5349861979484558,-0.27165085077285767,9.788277626037598
68074437011718,-0.44436970353126526,-0.38331863284111023,9.789074897766113
68074456817626,-0.35125666856765747,-0.5284210443496704,9.786101341247559
68074476593017,-0.20619036257266998,-0.647697389125824,9.783064842224121
68074496429443,-0.05279197171330452,-0.7279488444328308,9.779452323913574
68074516143798,0.07834582775831223,-0.7164787650108337,9.78012752532959
68074535919189,0.16667385399341583,-0.6253089904785156,9.785274505615234
68074555694580,0.17087410390377045,-0.524408221244812,9.791128158569336
68074575469970,0.10461638122797012,-0.4352193772792816,9.796429634094238
68074595275878,0.012616110034286976,-0.3603118658065796,9.800020217895508
68074615051269,-0.09035371243953705,-0.3189156949520111,9.801046371459961
68074634826660,-0.19865436851978302,-0.3020523190498352,9.799983978271484
68074654602050,-0.3030584454536438,-0.27725452184677124,9.798044204711914
68074674377441,-0.39572450518608093,-0.23177273571491241,9.795921325683594
68074694152832,-0.47119805216789246,-0.182969331741333,9.793614387512207
68074713928222,-0.5071475505828857,-0.13828837871551514,9.792551040649414
68074733703613,-0.48718640208244324,-0.0873577743768692,9.794151306152344
68074753479003,-0.4432819187641144,-0.02658808045089245,9.796590805053711
68074773254394,-0.4139513373374939,0.03860573098063469,9.797833442687988
68074793029785,-0.39034196734428406,0.10875117033720016,9.798274993896484
68074812805175,-0.3614007234573364,0.1773482710123062,9.798383712768555
68074832580566,-0.3435203433036804,0.22719886898994446,9.79799747467041
68074852386474,-0.3431393504142761,0.24962981045246124,9.797465324401855
68074872161865,-0.344433069229126,0.2584722638130188,9.79719066619873
68074891937255,-0.33251917362213135,0.2525562047958374,9.79775619506836
68074911712646,-0.32346630096435547,0.21704180538654327,9.798910140991211
68074931488037,-0.35294899344444275,0.17478249967098236,9.798737525939941
68074951263427,-0.43330010771751404,0.13759057223796844,9.796106338500977
68074971038818,-0.5248956680297852,0.08900316804647446,9.79218864440918
68074990814208,-0.577053427696228,0.04538366198539734,9.789552688598633
68075010589599,-0.5859594941139221,-0.0025958060286939144,9.789128303527832
68075030364990,-0.5490025281906128,-0.0808100625872612,9.790937423706055
68075050140380,-0.4471249282360077,-0.12671108543872833,9.795632362365723
68075069915771,-0.3185823857784271,-0.05193207412958145,9.801336288452148
68075089721679,-0.24409598112106323,0.15460525453090668,9.802392959594727
68075109497070,-0.22853568196296692,0.40369197726249695,9.795672416687012
68075129272460,-0.2647397220134735,0.5550968647003174,9.787346839904785
68075149047851,-0.3414894640445709,0.5872964859008789,9.783090591430664
68075168823242,-0.4113118052482605,0.5858756303787231,9.780488967895508
68075188598632,-0.4695034325122833,0.5777202248573303,9.778353691101074
68075208374023,-0.5323866009712219,0.5434606671333313,9.777095794677734
68075228149414,-0.5774579644203186,0.48098626732826233,9.777811050415039
68075247924804,-0.5699701309204102,0.41633597016334534,9.78121566772461
68075267700195,-0.5282907485961914,0.3744232654571533,9.785248756408691
68075287475585,-0.48909327387809753,0.3663604259490967,9.787591934204102
68075307250976,-0.4635453224182129,0.3976219892501831,9.787615776062012
68075327026367,-0.4514576494693756,0.452811598777771,9.785781860351563
68075346801757,-0.4602530002593994,0.48914292454719543,9.783623695373535
68075366546630,-0.4806872010231018,0.4847477078437805,9.782859802246094
68075386352539,-0.48576751351356506,0.4588386118412018,9.783858299255371
68075406127929,-0.4748758375644684,0.43369102478027344,9.785540580749512
68075425903320,-0.481038898229599,0.40253666043281555,9.786569595336914
68075445678710,-0.5114580392837524,0.3621472716331482,9.786605834960938
68075465454101,-0.5466963648796082,0.3072353005409241,9.786578178405762
68075485229492,-0.5786965489387512,0.22235161066055298,9.78703498840332
68075505004882,-0.6086867451667786,0.10665453225374222,9.787160873413086
68075524780273,-0.642396092414856,-0.027097167447209358,9.785550117492676
68075544555664,-0.7117829322814941,-0.1362909972667694,9.779834747314453
68075564331054,-0.8035593032836914,-0.185382679104805,9.7719144821167
68075584106445,-0.8549291491508484,-0.23431529104709625,9.76650333404541
68075603881835,-0.8355398178100586,-0.3095672130584717,9.766085624694824
68075623687744,-0.7734004259109497,-0.33161649107933044,9.770479202270508
68075643463134,-0.7218884229660034,-0.2638411819934845,9.776484489440918
68075663238525,-0.7121332883834839,-0.17089824378490448,9.779266357421875
68075682983398,-0.7271362543106079,-0.1104067862033844,9.779032707214355
68075702850341,-0.7390276193618774,-0.07385355979204178,9.778485298156738
68075722564697,-0.746904194355011,-0.051482152193784714,9.778029441833496
68075742340087,-0.7630897164344788,-0.04333453252911568,9.776820182800293
68075762115478,-0.7879446744918823,-0.03986736759543419,9.774863243103027
68075781890869,-0.8167439103126526,-0.029520895332098007,9.77253532409668
68075801666259,-0.8404070734977722,-0.010994786396622658,9.770566940307617
68075821441650,-0.8384811282157898,0.014616081491112709,9.77072811126709
68075841217041,-0.7983598709106445,0.03479259833693504,9.77403736114502
68075860992431,-0.7239758968353271,0.03836410865187645,9.779814720153809
68075880767822,-0.6394394636154175,0.03809736296534538,9.785706520080566
68075900543212,-0.5628355741500854,0.042910076677799225,9.79039192199707
68075920318603,-0.49927282333374023,0.04436206817626953,9.793831825256348
68075940093994,-0.44145092368125916,0.05109019577503204,9.796576499938965
68075959869384,-0.38505303859710693,0.08448884636163712,9.798723220825195
68075979644775,-0.33044731616973877,0.13893184065818787,9.80009651184082
68075999420166,-0.275540292263031,0.16341570019721985,9.801416397094727
68076019226074,-0.22442658245563507,0.1141437292098999,9.803417205810547
68076039001464,-0.19467155635356903,0.01941484585404396,9.804698944091797
68076058776855,-0.1995483785867691,-0.06583082675933838,9.804398536682129
68076078552246,-0.2353978455066681,-0.1438433974981308,9.802769660949707
68076098327636,-0.28009334206581116,-0.2352222204208374,9.799826622009277
68076118133544,-0.31475865840911865,-0.3050638437271118,9.796849250793457
68076137878417,-0.3336425721645355,-0.3597338795661926,9.794368743896484
68076157684326,-0.3412729799747467,-0.4452836811542511,9.790589332580566
68076177459716,-0.3470957279205322,-0.5232396125793457,9.786528587341309
68076197235107,-0.3525303900241852,-0.5253165364265442,9.786222457885742
68076217010498,-0.3667547404766083,-0.4537578225135803,9.789278984069824
68076236785888,-0.3856891691684723,-0.35954126715660095,9.792464256286621
68076256561279,-0.40464359521865845,-0.2905445992946625,9.793990135192871
68076276336669,-0.4300709664821625,-0.2694990038871765,9.793508529663086
68076296112060,-0.4637446999549866,-0.31244707107543945,9.790694236755371
68076315887451,-0.48873546719551086,-0.40493813157081604,9.786089897155762
68076335662841,-0.4912237524986267,-0.5086248517036438,9.781124114990234
68076355468750,-0.47632554173469543,-0.5970563888549805,9.776861190795898
68076375244140,-0.4620380699634552,-0.6556093692779541,9.773796081542969
68076395019531,-0.45381635427474976,-0.6661152839660645,9.773470878601074
68076414764404,-0.4527503550052643,-0.6291279196739197,9.775970458984375
68076434539794,-0.4559215009212494,-0.5772383213043213,9.779024124145508
68076454345703,-0.4572756886482239,-0.5427776575088501,9.78093433380127
68076474090576,-0.4545780420303345,-0.5304393172264099,9.781737327575684
68076493896484,-0.4409624934196472,-0.525708794593811,9.782615661621094
68076513671875,-0.4089440703392029,-0.5151219964027405,9.78456974029541
68076533447265,-0.37018632888793945,-0.4876174330711365,9.787521362304688
68076553222656,-0.34624183177948,-0.4434974491596222,9.790495872497559
68076572998046,-0.33866241574287415,-0.40930888056755066,9.792250633239746
68076592773437,-0.3324103057384491,-0.41425520181655884,9.792256355285645
68076612548828,-0.3120858669281006,-0.46934041380882263,9.79043960571289
68076632324218,-0.28188997507095337,-0.5472952127456665,9.787307739257813
68076652099609,-0.2591887414455414,-0.6043712496757507,9.784576416015625
68076671875000,-0.2791951298713684,-0.6552737355232239,9.780749320983887
68076691680908,-0.3664208650588989,-0.7173342704772949,9.773512840270996
68076711456298,-0.44860899448394775,-0.7664716243743896,9.766353607177734
68076731231689,-0.45485612750053406,-0.798117458820343,9.763528823852539
68076751007080,-0.4085223376750946,-0.8108763694763184,9.7645263671875
68076770782470,-0.3607100248336792,-0.7847252488136292,9.768545150756836
68076790527343,-0.34394773840904236,-0.7172165513038635,9.774338722229004
68076810302734,-0.35662558674812317,-0.6271116137504578,9.780078887939453
68076830078125,-0.37893936038017273,-0.5428003072738647,9.784281730651855
68076849884033,-0.39990293979644775,-0.4885860085487366,9.786304473876953
68076869628906,-0.41735780239105225,-0.4749594032764435,9.786246299743652
68076889434814,-0.4249488115310669,-0.4906216859817505,9.785146713256836
68076909271240,-0.41275593638420105,-0.5165073871612549,9.78433609008789
68076928985595,-0.39306530356407166,-0.5412078499794006,9.783812522888184
68076948760986,-0.37785324454307556,-0.5491701364517212,9.783967971801758
68076968536376,-0.3561106026172638,-0.5252247452735901,9.786097526550293
68076988311767,-0.32594218850135803,-0.48557746410369873,9.789196014404297
68077008087158,-0.32292279601097107,-0.46632230281829834,9.79023265838623
68077027862548,-0.35813724994659424,-0.4502495527267456,9.78976058959961
68077047637939,-0.3913462162017822,-0.38022708892822266,9.791459083557129
68077067382812,-0.3989323079586029,-0.2531200647354126,9.795262336730957
68077087158203,-0.4167330265045166,-0.13054995238780975,9.796921730041504
68077106964111,-0.47297653555870056,-0.050841499119997025,9.795105934143066
68077126739501,-0.5316177010536194,0.006867917254567146,9.792227745056152
68077146514892,-0.5542925000190735,0.04574911296367645,9.790865898132324
68077166290283,-0.5399609804153442,0.052394669502973557,9.791633605957031
68077186065673,-0.5201643705368042,0.0018302920507267118,9.792844772338867
68077205841064,-0.5266842246055603,-0.1019592359662056,9.791966438293457
68077225616455,-0.5412080883979797,-0.19583511352539063,9.789746284484863
68077245391845,-0.5282692313194275,-0.21989472210407257,9.789941787719727
68077265167236,-0.4843045473098755,-0.1985810399055481,9.792671203613281
68077284942626,-0.4256579875946045,-0.23672105371952057,9.794548034667969
68077304718017,-0.3340630531311035,-0.37161746621131897,9.79391098022461
68077324493408,-0.17659907042980194,-0.490141898393631,9.792801856994629
68077344268798,-0.017264654859900475,-0.4742560386657715,9.795160293579102
68077364044189,0.0375131219625473,-0.3254883587360382,9.801175117492676
68077383819580,-0.008632996119558811,-0.1574534773826599,9.80538272857666
68077403594970,-0.0958419069647789,-0.050521306693553925,9.806051254272461
68077423370361,-0.17029257118701935,0.009224511682987213,9.805167198181152
68077443145751,-0.22800950706005096,0.04144018888473511,9.803911209106445
68077462921142,-0.27476370334625244,0.02869068644940853,9.80275821685791
68077482696533,-0.2948211133480072,-0.05550060048699379,9.8020601272583
68077502502441,-0.2734748423099518,-0.2077733725309372,9.800634384155273
68077522277832,-0.2158183455467224,-0.3698046803474426,9.797298431396484
68077542053222,-0.15069757401943207,-0.45920613408088684,9.794734001159668
68077561798095,-0.11066173762083054,-0.45553675293922424,9.795438766479492
68077581573486,-0.10491055995225906,-0.4238756000995636,9.796923637390137
68077601348876,-0.1314210146665573,-0.42206665873527527,9.79668140411377
68077621124267,-0.16696253418922424,-0.438687801361084,9.79541015625
68077640899658,-0.16992546617984772,-0.43751978874206543,9.795411109924316
68077660675048,-0.13603606820106506,-0.4125942885875702,9.797022819519043
68077680450439,-0.1016736626625061,-0.39232930541038513,9.798272132873535
68077700225830,-0.0922347903251648,-0.4016256034374237,9.797988891601563
68077720001220,-0.09472324699163437,-0.4165760576725006,9.797340393066406
68077739776611,-0.1007937490940094,-0.4117046892642975,9.797486305236816
68077759582519,-0.12834984064102173,-0.40480807423591614,9.79745101928711
68077779327392,-0.1819310337305069,-0.4165504276752472,9.796110153198242
68077799133300,-0.24907974898815155,-0.44285130500793457,9.793478965759277
68077818908691,-0.34765592217445374,-0.45833060145378113,9.789762496948242
68077838684082,-0.4840258061885834,-0.4481179118156433,9.784441947937012
68077858489990,-0.5899072885513306,-0.44272059202194214,9.778874397277832
68077878234863,-0.6069653630256653,-0.4528728425502777,9.777365684509277
68077898040771,-0.5628888607025146,-0.4279131591320038,9.781126022338867
68077917816162,-0.5146107077598572,-0.34921902418136597,9.786910057067871
68077937591552,-0.49314242601394653,-0.25837352871894836,9.790834426879883
68077957366943,-0.4946899712085724,-0.17417562007904053,9.792616844177246
68077977142333,-0.5159723162651062,-0.10083145648241043,9.792548179626465
68077996917724,-0.5588890910148621,-0.05653124302625656,9.790548324584961
68078016693115,-0.6117645502090454,-0.04910567030310631,9.787426948547363
68078036468505,-0.6507703065872192,-0.06618517637252808,9.784810066223145
68078056243896,-0.6658995747566223,-0.09290139377117157,9.783575057983398
68078076019287,-0.6580787897109985,-0.11199928820133209,9.783903121948242
68078095794677,-0.6294989585876465,-0.10939116775989532,9.78581428527832
68078115631103,-0.589156985282898,-0.09595683217048645,9.788466453552246
68078135345458,-0.5458307862281799,-0.08534989506006241,9.791075706481934
68078155090332,-0.49700742959976196,-0.05696459114551544,9.793882369995117
68078174896240,-0.44024205207824707,0.019474009051918983,9.796744346618652
68078194671630,-0.39044997096061707,0.13784880936145782,9.797904968261719
68078214447021,-0.3607082664966583,0.26275506615638733,9.796490669250488
68078234222412,-0.3355826735496521,0.36689600348472595,9.794036865234375
68078253997802,-0.2831159234046936,0.4509548544883728,9.792183876037598
68078273773193,-0.19005152583122253,0.5203728079795837,9.790989875793457
68078293579101,-0.09107781201601028,0.5601835250854492,9.790213584899902
68078313354492,-0.016328344121575356,0.5784002542495728,9.789565086364746
68078333129882,0.03758147731423378,0.5733163952827454,9.78980541229248
68078352905273,0.08439671993255615,0.5214467644691467,9.792413711547852
68078372680664,0.12705673277378082,0.44252485036849976,9.79583740234375
68078392425537,0.16422095894813538,0.4032115042209625,9.796980857849121
68078412200927,0.20171020925045013,0.41290488839149475,9.795877456665039
68078432006835,0.23081345856189728,0.3746153712272644,9.796773910522461
68078451782226,0.21502508223056793,0.25172749161720276,9.801060676574707
68078471557617,0.1701193004846573,0.16575704514980316,9.803772926330566
68078491333007,0.12383154779672623,0.18981781601905823,9.804030418395996
68078511108398,0.05994311720132828,0.2591792941093445,9.803041458129883
68078530883789,-0.014941154047846794,0.2918734550476074,9.802294731140137
68078550689697,-0.08729492127895355,0.259739488363266,9.802821159362793
68078570465087,-0.17843842506408691,0.19992724061012268,9.802988052368164
68078590240478,-0.298259437084198,0.1517452448606491,9.800938606262207
68078610015869,-0.4183730483055115,0.12256594002246857,9.796955108642578
68078629791259,-0.506737232208252,0.11374940723180771,9.792888641357422
68078649566650,-0.5488349199295044,0.12934035062789917,9.790425300598145
68078669372558,-0.565631628036499,0.1642128825187683,9.788947105407715
68078689147949,-0.5834124088287354,0.20956169068813324,9.787036895751953
68078708892822,-0.5951737761497498,0.2544795572757721,9.785264015197754
68078728698730,-0.5901585817337036,0.2780756652355194,9.784926414489746
68078748443603,-0.5784027576446533,0.2735051214694977,9.78575611114502
68078768249511,-0.5646849274635315,0.2590179145336151,9.786952018737793
68078788024902,-0.539272665977478,0.2543998062610626,9.788506507873535
68078807800292,-0.5078462958335876,0.2586263418197632,9.79007625579834
68078827575683,-0.503215491771698,0.24407468736171722,9.790689468383789
68078847351074,-0.5402234792709351,0.19183169305324554,9.78987979888916
68078867126464,-0.5992347598075867,0.12677179276943207,9.787503242492676
68078887084960,-0.6557303667068481,0.07943843305110931,9.784379959106445
68078906860351,-0.7114850878715515,0.03599349036812782,9.780740737915039
68078926635742,-0.7648695707321167,-0.06251443177461624,9.77657699584961
68078946411132,-0.8400124311447144,-0.23556049168109894,9.767766952514648
68078966033935,-0.9818201661109924,-0.3947147727012634,9.749390602111816
68078985961914,-1.150649070739746,-0.46286875009536743,9.7279052734375
68079005737304,-1.2569748163223267,-0.4926999807357788,9.713272094726563
68079025512695,-1.2702664136886597,-0.5240220427513123,9.7099027633667
68079045288085,-1.2057385444641113,-0.48455169796943665,9.720174789428711
68079065124511,-1.1048527956008911,-0.3685704171657562,9.737239837646484
68079084899902,-1.0135276317596436,-0.2771531939506531,9.75019645690918
68079104705810,-0.9474702477455139,-0.24532809853553772,9.757689476013184
68079124450683,-0.9050256609916687,-0.233237624168396,9.762014389038086
68079144256591,-0.8946492671966553,-0.23633411526679993,9.762896537780762
68079164001464,-0.9149606823921204,-0.2662218511104584,9.760244369506836
68079183807373,-0.9512516260147095,-0.29408329725265503,9.755973815917969
68079203582763,-0.9946964979171753,-0.28541016578674316,9.751897811889648
68079223114013,-1.0383596420288086,-0.23054489493370056,9.748797416687012
68079243164062,-1.0736091136932373,-0.13308893144130707,9.746796607971191
68079262878417,-1.0885581970214844,-0.011248474940657616,9.746040344238281
68079282653808,-1.079114556312561,0.12000914663076401,9.746357917785645
68079302429199,-1.0530006885528564,0.252280592918396,9.746688842773438
68079322265625,-1.0249274969100952,0.38844624161720276,9.74520492553711
68079341979980,-0.9919854402542114,0.5119464993476868,9.742908477783203
68079361755371,-0.9334642291069031,0.5874785780906677,9.744428634643555
68079381530761,-0.8555934429168701,0.5998653769493103,9.750821113586426
68079401306152,-0.7812405228614807,0.5890167355537415,9.757720947265625
68079421081542,-0.7282692193984985,0.5753546953201294,9.7626314163208
68079440856933,-0.7111634016036987,0.5277391076087952,9.766582489013672
68079460632324,-0.718779444694519,0.42422276735305786,9.771068572998047
68079480438232,-0.7189633250236511,0.2951202094554901,9.775805473327637
68079500213623,-0.7011006474494934,0.18611153960227966,9.77978515625
68079519958496,-0.6899766325950623,0.07014984637498856,9.782095909118652
68079539733886,-0.7020557522773743,-0.10692067444324493,9.780903816223145
68079559539794,-0.7016878128051758,-0.31353652477264404,9.776488304138184
68079579315185,-0.6363064646720886,-0.45370981097221375,9.775461196899414
68079599090576,-0.5259047746658325,-0.47623854875564575,9.780951499938965
68079618865966,-0.4451850354671478,-0.41264620423316956,9.787845611572266
68079638641357,-0.4294211268424988,-0.34674540162086487,9.791105270385742
68079658447265,-0.4556127190589905,-0.31876134872436523,9.790872573852539
68079678222656,-0.49797043204307556,-0.3087473213672638,9.789131164550781
68079697998046,-0.5542910099029541,-0.2991654872894287,9.786401748657227
68079717742919,-0.6152051687240601,-0.30769190192222595,9.782496452331543
68079737518310,-0.6426547169685364,-0.36293843388557434,9.778837203979492
68079757324218,-0.6037156581878662,-0.45605704188346863,9.777419090270996
68079777069091,-0.5052368640899658,-0.5391924977302551,9.778772354125977
68079796844482,-0.3957575857639313,-0.5728211998939514,9.781903266906738
68079816619873,-0.32017046213150024,-0.5496748685836792,9.785996437072754
68079836395263,-0.27683621644973755,-0.5049645304679871,9.789727210998535
68079856170654,-0.23668444156646729,-0.48508819937705994,9.79178524017334
68079875946044,-0.18907126784324646,-0.4905627965927124,9.792547225952148
68079895721435,-0.14007118344306946,-0.48388153314590454,9.793703079223633
68079916168212,-0.09225596487522125,-0.4615825414657593,9.7953462600708
68079935943603,-0.06591156870126724,-0.4607042670249939,9.795600891113281
68079955718994,-0.05683280900120735,-0.4830491244792938,9.794580459594727
68079975494384,-0.04207519069314003,-0.4803408086299896,9.79478931427002
68079995269775,-0.04091630503535271,-0.43240007758140564,9.797027587890625
68080015014648,-0.10008762776851654,-0.39704978466033936,9.798097610473633
68080034790039,-0.205780491232872,-0.43929147720336914,9.794644355773926
68080054565429,-0.31049418449401855,-0.5647860169410706,9.78544807434082
68080074371337,-0.4272787272930145,-0.6726148724555969,9.774221420288086
68080094116210,-0.5948596596717834,-0.672764241695404,9.7654447555542
68080113891601,-0.773854672908783,-0.6687361598014832,9.753170013427734
68080133666992,-0.8727132081985474,-0.7220990061759949,9.741012573242188
68080153442382,-0.8595532774925232,-0.6882636547088623,9.74463176727295
68080173217773,-0.7934553623199463,-0.4981662631034851,9.761795043945313
68080192993164,-0.7468081712722778,-0.2538013756275177,9.77487850189209
68080212768554,-0.7483415007591248,-0.05457879230380058,9.77790355682373
68080232543945,-0.7701395153999329,0.0963754951953888,9.775887489318848
68080252319335,-0.766838014125824,0.19882090389728546,9.774600982666016
68080272094726,-0.7321667671203613,0.22810320556163788,9.776618957519531
68080291870117,-0.7028116583824158,0.21364253759384155,9.77910041809082
68080311645507,-0.707338273525238,0.19261111319065094,9.779211044311523
68080331420898,-0.7507309913635254,0.162719264626503,9.776517868041992
68080351196289,-0.8119979500770569,0.12612482905387878,9.772161483764648
68080370971679,-0.852489173412323,0.10210490226745605,9.768993377685547
68080390716552,-0.8776746988296509,0.09678050130605698,9.766817092895508
68080410491943,-0.9239157438278198,0.11261073499917984,9.762381553649902
68080430267333,-0.9849788546562195,0.17569337785243988,9.755476951599121
68080450042724,-1.0209945440292358,0.2869417369365692,9.74913501739502
68080469818115,-1.0171886682510376,0.3978689908981323,9.745635986328125
68080489593505,-1.001649260520935,0.45706889033317566,9.744648933410645
68080509368896,-0.9931448698043823,0.4707967936992645,9.744865417480469
68080529205322,-0.9809126853942871,0.49075308442115784,9.74512004852295
68080548919677,-0.9450647234916687,0.5382784008979797,9.746152877807617
68080568695068,-0.8774800300598145,0.5722896456718445,9.750533103942871
68080588500976,-0.799487292766571,0.5343426465988159,9.759389877319336
68080608245849,-0.7330796718597412,0.41440150141716003,9.770427703857422
68080628021240,-0.6704759001731873,0.2688472867012024,9.780009269714355
68080647796630,-0.5811986327171326,0.14570936560630798,9.788328170776367
68080667572021,-0.46932950615882874,-0.022649871185421944,9.795387268066406
68080687347412,-0.36859703063964844,-0.2764666676521301,9.795820236206055
68080707122802,-0.271009236574173,-0.5070797801017761,9.789780616760254
68080727172851,-0.1671668142080307,-0.6163488626480103,9.785834312438965
68080746612548,-0.09368148446083069,-0.6279427409172058,9.786077499389648
68080766357421,-0.06929869949817657,-0.5919674038887024,9.788521766662598
68080786163330,-0.10990165919065475,-0.5152533054351807,9.792488098144531
68080805938720,-0.20537717640399933,-0.4114561080932617,9.795862197875977
68080825714111,-0.32576853036880493,-0.32029905915260315,9.796002388000488
68080845489501,-0.4266793429851532,-0.2723029553890228,9.793578147888184
68080865264892,-0.47925689816474915,-0.2685334384441376,9.791251182556152
68080885040283,-0.4843846261501312,-0.2980422377586365,9.790144920349121
68080904815673,-0.4668671190738678,-0.34774860739707947,9.789356231689453
68080924591064,-0.44269537925720215,-0.39250802993774414,9.788786888122559
68080944580078,-0.414436936378479,-0.4252578318119049,9.788656234741211
68080964233398,-0.39200979471206665,-0.453604519367218,9.788307189941406
68080984008789,-0.3740391731262207,-0.47056132555007935,9.788209915161133
68081003784179,-0.35490676760673523,-0.4672749638557434,9.789079666137695
68081023529052,-0.3213992714881897,-0.45304951071739197,9.790905952453613
68081043334960,-0.2800062298774719,-0.4567805528640747,9.792003631591797
68081063110351,-0.2678632140159607,-0.49170219898223877,9.790651321411133
68081082885742,-0.313304603099823,-0.5274053812026978,9.787444114685059
68081102630615,-0.40027692914009094,-0.5114290714263916,9.78512191772461
68081122344970,-0.4959816038608551,-0.4669436812400818,9.782962799072266
68081142181396,-0.5783200263977051,-0.4674862325191498,9.778414726257324
68081161956787,-0.6404151320457458,-0.536160409450531,9.771018028259277
68081181762695,-0.6792626976966858,-0.6419677138328552,9.762011528015137
68081201507568,-0.7091829776763916,-0.7416253685951233,9.752817153930664
68081221313476,-0.7601079940795898,-0.8071386218070984,9.743775367736816
68081241058349,-0.8183255791664124,-0.8484779000282288,9.735544204711914
68081260803222,-0.8553951978683472,-0.8652030825614929,9.730884552001953
68081280639648,-0.8877549171447754,-0.7853004932403564,9.734761238098145
68081300415039,-0.9313823580741882,-0.5725975632667542,9.745513916015625
68081320190429,-0.972733199596405,-0.30890101194381714,9.753396987915039
68081339965820,-0.9908037781715393,-0.10877358913421631,9.755863189697266
68081359741210,-0.9855608940124512,0.010225385427474976,9.75699520111084
68081379516601,-0.9882083535194397,0.09786254167556763,9.756241798400879
68081399291992,-1.0190708637237549,0.1722230166196823,9.752037048339844
68081419067382,-1.0704822540283203,0.21341492235660553,9.745712280273438
68081438842773,-1.1201269626617432,0.19289226830005646,9.740559577941895
68081458618164,-1.1336196660995483,0.11313863098621368,9.740251541137695
68081478424072,-1.0924333333969116,0.01128445379436016,9.745606422424316
68081498168945,-1.019193172454834,-0.07041555643081665,9.753290176391602
68081517822265,-0.9528736472129822,-0.11136897653341293,9.759612083435059
68081537597656,-0.9091935157775879,-0.10645924508571625,9.763832092285156
68082110839843,-0.1642978936433792,-0.43707069754600525,9.795527458190918
68082130187988,-0.2137899249792099,-0.4219331741333008,9.795236587524414
68082150604248,-0.2311142385005951,-0.39879849553108215,9.795811653137207
68082170379638,-0.23646140098571777,-0.35774025321006775,9.797269821166992
68082190093994,-0.25372302532196045,-0.30504241585731506,9.798620223999023
68082209960937,-0.294088214635849,-0.2491249293088913,9.799073219299316
68082229705810,-0.3437228202819824,-0.18731853365898132,9.798834800720215
68082249481201,-0.3820132911205292,-0.1369418352842331,9.798250198364258
68082269256591,-0.39475318789482117,-0.1270717829465866,9.79787826538086
68082289031982,-0.38992929458618164,-0.17216187715530396,9.797382354736328
68082308715820,-0.3908306956291199,-0.27428802847862244,9.795019149780273
68082328582763,-0.4118558168411255,-0.4009838402271271,9.789789199829102
68082348327636,-0.425195574760437,-0.5125675201416016,9.784010887145996
68082368103027,-0.3859051764011383,-0.6176164150238037,9.779571533203125
68082387847900,-0.2907397449016571,-0.7027537226676941,9.777115821838379
68082407653808,-0.1836342066526413,-0.693356454372406,9.780384063720703
68082427429199,-0.13079935312271118,-0.5868223905563354,9.788203239440918
68082447204589,-0.14874184131622314,-0.46096593141555786,9.79468059539795
68082466918945,-0.18828248977661133,-0.33075904846191406,9.799262046813965
68082486755371,-0.21748651564121246,-0.19014036655426025,9.802393913269043
68082506500244,-0.23926062881946564,-0.08060897886753082,9.803400039672852
68082526245117,-0.25723493099212646,-0.03616102784872055,9.80320930480957
68082546081542,-0.27326449751853943,-0.044244296848773956,9.802742004394531
68082565856933,-0.289948970079422,-0.06611187011003494,9.802140235900879
68082585632324,-0.31342244148254395,-0.07391657680273056,9.801362037658691
68082605407714,-0.34076136350631714,-0.060202620923519135,9.800542831420898
68082625183105,-0.3593002259731293,-0.018121609464287758,9.800049781799316
68082644927978,-0.36499401926994324,0.05420590937137604,9.799705505371094
68082664672851,-0.3611239194869995,0.14502471685409546,9.798925399780273
68082684478759,-0.35696062445640564,0.2334630787372589,9.797369956970215
68082704284667,-0.3641541600227356,0.30751654505729675,9.795060157775879
68082723968505,-0.3810000717639923,0.363945335149765,9.792485237121582
68082743835449,-0.39439839124679565,0.39845889806747437,9.790611267089844
68082763610839,-0.39798322319984436,0.39672914147377014,9.790535926818848
68082783782958,-0.39622876048088074,0.34594452381134033,9.792533874511719
68082803100585,-0.38387155532836914,0.2661183178424835,9.795519828796387
68082822937011,-0.3537544906139374,0.192439004778862,9.798377990722656
68082842712402,-0.333379864692688,0.13034303486347198,9.800115585327148
68082862426757,-0.3608197867870331,0.03753932565450668,9.799938201904297
68082882263183,-0.4356243312358856,-0.09217238426208496,9.796536445617676
68082902038574,-0.5142692923545837,-0.19626212120056152,9.791189193725586
68082921813964,-0.5555063486099243,-0.26203930377960205,9.787396430969238
68082941619873,-0.5681928992271423,-0.34919095039367676,9.78394603729248
68082961395263,-0.5752999186515808,-0.45053452253341675,9.779388427734375
68082981170654,-0.5600244998931885,-0.49951764941215515,9.7778959274292
68083000885009,-0.50916588306427,-0.45144933462142944,9.783012390136719
68083020721435,-0.44423505663871765,-0.3402983248233795,9.790671348571777
68083040496826,-0.4176558554172516,-0.2403186857700348,9.794804573059082
68083060272216,-0.46100080013275146,-0.1757037341594696,9.794232368469238
68083080047607,-0.5517410039901733,-0.13977932929992676,9.790119171142578
68083099822998,-0.6466113328933716,-0.12905113399028778,9.784459114074707
68083119598388,-0.7200573086738586,-0.1420353651046753,9.779147148132324
68083139373779,-0.7696793079376221,-0.16562698781490326,9.774995803833008
68083159149169,-0.8027728796005249,-0.1878894865512848,9.771930694580078
68083178924560,-0.826949954032898,-0.21185430884361267,9.769424438476563
68083198699951,-0.8427783846855164,-0.2366427332162857,9.767502784729004
68083218475341,-0.8420540690422058,-0.2579318583011627,9.7670259475708
68083238250732,-0.8210225105285645,-0.2775106132030487,9.768280029296875
68083258026123,-0.783880352973938,-0.30167433619499207,9.770614624023438
68083277801513,-0.736233651638031,-0.33601653575897217,9.773200035095215
68083297576904,-0.6881606578826904,-0.3521101176738739,9.77613639831543
68083317352294,-0.6459980607032776,-0.3187579810619354,9.780156135559082
68083337127685,-0.6151490807533264,-0.25616559386253357,9.783985137939453
68083356903076,-0.5844812393188477,-0.19865097105503082,9.787200927734375
68083376678466,-0.5270055532455444,-0.12137381732463837,9.791727066040039
68083396453857,-0.44989827275276184,-0.004424315877258778,9.796323776245117
68083416229248,-0.37958866357803345,0.09296721965074539,9.798860549926758
68083436004638,-0.3129686117172241,0.11386463791131973,9.800993919372559
68083455780029,-0.2501910626888275,0.09068190306425095,9.803038597106934
68083475555419,-0.2409004271030426,0.09795034676790237,9.803201675415039
68083495330810,-0.2999078631401062,0.11656896024942398,9.801370620727539
68083515106201,-0.3557743728160858,0.09761105477809906,9.799708366394043
68083534881591,-0.3378608524799347,0.1003059446811676,9.800314903259277
68083554687500,-0.2848013937473297,0.1819174736738205,9.800825119018555
68083574432373,-0.2620597779750824,0.3128303289413452,9.798155784606934
68083594207763,-0.2656978666782379,0.42457401752471924,9.793851852416992
68083613983154,-0.26744699478149414,0.49066320061683655,9.790715217590332
68083633789062,-0.2741146683692932,0.5326240658760071,9.788337707519531
68083653564453,-0.3052464425563812,0.5527384281158447,9.786301612854004
68083673339843,-0.34659650921821594,0.5350214242935181,9.785908699035645
68083693115234,-0.36823970079421997,0.49456384778022766,9.787245750427246
68083712860107,-0.3650147318840027,0.46063050627708435,9.789023399353027
68083732635498,-0.36261385679244995,0.4502944052219391,9.789593696594238
68083752441406,-0.37345850467681885,0.47143465280532837,9.788189888000488
68083772064208,-0.3907161355018616,0.5116568207740784,9.785496711730957
68122188293457,-1.331994891166687,1.716962456703186,9.562856674194336
68122207366943,-1.2514228820800781,1.7255892753601074,9.572181701660156
68122227874755,-1.174052119255066,1.6759177446365356,9.590791702270508
68122247680664,-1.1223206520080566,1.5816570520401,9.612967491149902
68122267028808,-1.1085474491119385,1.4761706590652466,9.631325721740723
68122287322998,-1.0561046600341797,1.4190579652786255,9.645792007446289
68122307128906,-0.9370213747024536,1.4486764669418335,9.65368938446045
68122327117919,-0.7721030116081238,1.4847418069839478,9.66280460357666
68122346740722,-0.643551766872406,1.445023536682129,9.678230285644531
68122366546630,-0.5911403298377991,1.32577645778656,9.698620796203613
68122385803222,-0.6001386046409607,1.2114386558532715,9.713013648986816
68122405548095,-0.661525309085846,1.1358088254928589,9.71816349029541
68122425323486,-0.7459761500358582,1.0721938610076904,9.719274520874023
68122445159912,-0.8070909380912781,1.0111528635025024,9.72093391418457
68122464965820,-0.8415827751159668,0.9569114446640015,9.723499298095703
68122484771728,-0.8836148381233215,0.8898701667785645,9.726137161254883
68122504577636,-0.9376341104507446,0.8054746985435486,9.728434562683105
68122524383544,-0.9824362397193909,0.7217711806297302,9.730583190917969
68122544219970,-1.0204123258590698,0.6473082304000854,9.731913566589355
68122564025878,-1.0634865760803223,0.5883698463439941,9.731043815612793
68122583831787,-1.0957043170928955,0.5525034070014954,9.729571342468262
68122603637695,-1.1182698011398315,0.5313681960105896,9.728180885314941
68122623443603,-1.1438586711883545,0.5115635991096497,9.72626781463623
68122643280029,-1.1673692464828491,0.4989943206310272,9.724126815795898
68122663085937,-1.1833137273788452,0.5054932236671448,9.721863746643066
68122682891845,-1.197681188583374,0.5228056907653809,9.719188690185547
68122702728271,-1.2073657512664795,0.5367518663406372,9.717229843139648
68122722534179,-1.203323245048523,0.536247193813324,9.717759132385254
68122742340087,-1.1790252923965454,0.5218539834022522,9.72152042388916
68122762145996,-1.141923189163208,0.5000067949295044,9.727095603942871
68122782012939,-1.1067216396331787,0.4689033031463623,9.732712745666504
68122801788330,-1.0709795951843262,0.4368298649787903,9.738201141357422
68122821594238,-1.0349394083023071,0.42283639311790466,9.742714881896973
68122841400146,-1.0190414190292358,0.42606350779533386,9.744250297546387
68122861236572,-1.0251215696334839,0.4323456287384033,9.743335723876953
68122881042480,-1.0311362743377686,0.43642860651016235,9.74251937866211
68122900848388,-0.989160418510437,0.4990387260913849,9.743865013122559
68122920654296,-0.851121187210083,0.6036625504493713,9.750978469848633
68122940490722,-0.7066530585289001,0.6222700476646423,9.76134204864502
68122960296630,-0.6874611973762512,0.48649805784225464,9.77042007446289
68122980133056,-0.7636137008666992,0.30559131503105164,9.772098541259766
68122999938964,-0.8277378678321838,0.23950183391571045,9.768719673156738
68123019744873,-0.859918475151062,0.2824772000312805,9.764790534973145
68123039550781,-0.9030357599258423,0.34936779737472534,9.758732795715332
68123059356689,-0.9683862328529358,0.4158021807670593,9.749857902526855
68123079193115,-1.020626187324524,0.48982924222946167,9.741086959838867
68123098999023,-1.0467807054519653,0.5593400001525879,9.734566688537598
68123118835449,-1.0516088008880615,0.6151796579360962,9.730676651000977
68123138610839,-1.0353621244430542,0.6527624726295471,9.72996997833252
68123158416748,-1.0120731592178345,0.6781399250030518,9.730684280395508
68123178222656,-0.9917561411857605,0.6983000636100769,9.731350898742676
68123198059082,-0.9730554223060608,0.7068066596984863,9.732624053955078
68123217864990,-0.9549204111099243,0.7099765539169312,9.734189987182617
68123237670898,-0.929990828037262,0.720747709274292,9.735811233520508
68123257507324,-0.894196629524231,0.7377347946166992,9.737892150878906
68123277313232,-0.8641954660415649,0.7447882294654846,9.740063667297363
68123297119140,-0.8444890379905701,0.7392813563346863,9.74221134185791
68123316955566,-0.8207616209983826,0.7395859956741333,9.744215965270996
68123336761474,-0.7881065607070923,0.7488905191421509,9.746201515197754
68123356597900,-0.7555570602416992,0.7576757669448853,9.748099327087402
68123376403808,-0.7302144169807434,0.7680660486221313,9.749217987060547
68123396209716,-0.707513153553009,0.7814536094665527,9.74982738494873
68123416046142,-0.6773443222045898,0.801155149936676,9.750370979309082
68123435852050,-0.6417569518089294,0.8298619985580444,9.750377655029297
68123455688476,-0.6217238306999207,0.8537019491195679,9.749617576599121
68123475463867,-0.6252301335334778,0.8648924231529236,9.748407363891602
68123495300292,-0.6299247145652771,0.868740975856781,9.747761726379395
68123515106201,-0.6173287630081177,0.8715001940727234,9.748322486877441
68123534912109,-0.5989586114883423,0.8697755932807922,9.749622344970703
68123554748535,-0.5856484174728394,0.8605530261993408,9.751248359680176
68123574554443,-0.5711520910263062,0.8556968569755554,9.752535820007324
68123594360351,-0.5541083216667175,0.8579771518707275,9.753318786621094
68123614196777,-0.5211365818977356,0.8764718174934387,9.753491401672363
68123634002685,-0.49427303671836853,0.8884575963020325,9.753805160522461
68123653808593,-0.475380003452301,0.898674726486206,9.753808975219727
68123673645019,-0.4648091197013855,0.9126231670379639,9.753023147583008
68123693450927,-0.4532938301563263,0.9317920207977295,9.751752853393555
68123713256835,-0.43615207076072693,0.9554364085197449,9.750246047973633
68123733093261,-0.42011114954948425,0.9824302196502686,9.74826717376709
68123752899169,-0.42118215560913086,0.9389122724533081,9.752509117126465
68123772735595,-0.4068825840950012,0.8360812664031982,9.762469291687012
68123792510986,-0.3479543626308441,0.7816526889801025,9.769254684448242
68123812347412,-0.3061906695365906,0.7864084839820862,9.770270347595215
68123832153320,-0.32305508852005005,0.7900846004486084,9.769432067871094
