68063893310546,0.34371548891067505,-0.16797542572021484,0.5707025527954102
68063913085937,0.6503702402114868,0.2781692147254944,0.3895711898803711
68063932861328,0.3529444932937622,0.2082710862159729,-0.031815528869628906
68063952636718,0.07850900292396545,0.21832019090652466,-0.5507173538208008
68063972442626,0.20836344361305237,0.20798838138580322,-0.534733772277832
68063992218017,0.39659109711647034,0.2238250970840454,-0.24480628967285156
68064011993408,0.47138991951942444,0.13754040002822876,0.3485727310180664
68064031799316,0.1609867811203003,-0.09823018312454224,0.4627227783203125
68064051544189,0.031063765287399292,-0.28082817792892456,0.2660989761352539
68064071350097,0.2325684130191803,-0.19163155555725098,0.12252140045166016
68064091094970,0.4545280933380127,-0.12828975915908813,0.015198707580566406
68064110870361,0.5534687042236328,0.04355931282043457,-0.23581504821777344
68064130676269,0.6462745666503906,0.3439985513687134,-0.5824193954467773
68064150451660,0.3356936275959015,0.22442060708999634,-0.6245718002319336
68064170257568,0.08916759490966797,0.15139269828796387,-0.34769630432128906
68064190002441,-0.12522119283676147,0.1297992467880249,-0.6148490905761719
68064209808349,0.2642468512058258,0.6582558155059814,-0.6932497024536133
68064229614257,0.5949259996414185,1.2431459426879883,-1.1427192687988281
68064249389648,0.2531774342060089,1.2441673278808594,-1.7298784255981445
68064269165039,0.2169126272201538,0.9735956192016602,-1.5317459106445313
68064288940429,-0.3360956013202667,0.503620982170105,0.42354679107666016
68064308746337,-0.11731526255607605,0.817505955696106,0.3060741424560547
68064328521728,0.09912210702896118,0.9153121709823608,0.45020389556884766
68064348297119,0.6161690950393677,1.1639478206634521,1.4967155456542969
68064368072509,0.0236966609954834,0.8744747638702393,2.2745351791381836
68064387878417,0.09260857105255127,0.8870574235916138,1.706740379333496
68064407623291,1.957615613937378,1.8750975131988525,0.9657421112060547
68064427429199,2.896670341491699,2.528191566467285,-0.19101905822753906
68064447204589,2.0954062938690186,1.9915196895599365,-1.1611824035644531
68064466979980,1.567915678024292,1.619973063468933,-1.6665964126586914
68064486755371,0.9114277958869934,1.257777452468872,-1.6010828018188477
68064506530761,0.11221981048583984,0.8841134905815125,-1.1851320266723633
68064526336669,-1.1112409830093384,0.40158480405807495,-1.0310468673706055
68064546112060,-1.9427036046981812,0.02279907464981079,-0.16823673248291016
68064565917968,-2.723780870437622,-0.09150245785713196,0.4217386245727539
68064585693359,-2.941577672958374,0.2618281841278076,0.8770713806152344
68064605468750,-3.039691925048828,0.42785048484802246,1.0439014434814453
68064625244140,-3.0544114112854004,0.7004396319389343,1.1313409805297852
68064645050048,-2.7422947883605957,1.1377397775650024,1.257049560546875
68064664794921,-2.1558024883270264,1.7796775102615356,0.5501384735107422
68064684570312,-1.7923343181610107,2.1838536262512207,-0.35953426361083984
68064704345703,-1.6026585102081299,2.4465434551239014,-1.004537582397461
68064724121093,-1.0839451551437378,2.540252447128296,-0.7881689071655273
68064743927001,-0.5182771682739258,2.616170883178711,-0.12018680572509766
68064763702392,-0.3861212432384491,2.380481004714966,-0.0905923843383789
68064783508300,-0.2839134931564331,2.1324610710144043,0.2753171920776367
68064803283691,-0.31437987089157104,1.913940191268921,0.22995567321777344
68064823059082,-0.0735563337802887,1.8754312992095947,0.7439813613891602
68064842895507,0.14923544228076935,1.6611523628234863,0.1968250274658203
68064862609863,1.0364704132080078,0.9505385160446167,-0.23781871795654297
68064882415771,1.4173563718795776,0.7317724823951721,2.5176801681518555
68064902191162,1.8620214462280273,0.5864944458007813,4.387290954589844
68064921966552,2.7536723613739014,0.38598883152008057,4.607044219970703
68064941741943,3.775108575820923,-0.019064992666244507,3.6332921981811523
68064961517333,4.270638942718506,-0.6811890602111816,2.4776458740234375
68064981292724,4.061853408813477,-1.1593074798583984,2.1161603927612305
68065001068115,3.0766634941101074,-1.9980838298797607,0.8327865600585938
68065020874023,2.287149429321289,-2.2198262214660645,-0.33945560455322266
68065040649414,1.9147117137908936,-2.108426094055176,-0.8770818710327148
68065060424804,0.9942142963409424,-2.1466920375823975,-0.8307456970214844
68065080230712,0.3601306676864624,-1.7800694704055786,-0.9139719009399414
68065100006103,-0.12990613281726837,-1.4160821437835693,-0.1787271499633789
68065119781494,-0.693248987197876,-1.1935988664627075,-0.1952352523803711
68065139556884,-0.885451078414917,-0.8197186589241028,-0.7995700836181641
68065159362792,-0.8894124031066895,-0.5342979431152344,-1.283334732055664
68065179138183,-1.2293179035186768,-0.30827972292900085,-2.36470890045166
68065198913574,-1.1014541387557983,-0.06732812523841858,-3.0313329696655273
68065218688964,-1.204280972480774,0.009497523307800293,-3.455097198486328
68065238464355,-1.302183985710144,0.04864305257797241,-3.056516647338867
68065258239746,-1.3945887088775635,0.036032289266586304,-2.6642913818359375
68065278015136,-1.2635432481765747,0.390383243560791,-2.840245246887207
68065297821044,-1.1601688861846924,0.6618545055389404,-3.2733945846557617
68065317565917,-1.0996723175048828,0.854237973690033,-3.1091203689575195
68065337371826,-0.6351023316383362,1.2518398761749268,-1.7058467864990234
68065357147216,-0.13946211338043213,1.605933427810669,-0.048872947692871094
68065376953125,0.043585263192653656,2.179650068283081,-0.14020824432373047
68065396728515,0.5876340866088867,2.9693620204925537,-0.4953489303588867
68065416503906,1.034864902496338,3.628298282623291,0.2980184555053711
68065436279296,1.0688103437423706,3.5352306365966797,1.3319978713989258
68065456085205,0.5248265862464905,2.625495433807373,1.6973247528076172
68065475860595,-0.06597112864255905,1.9243793487548828,1.961268424987793
68065495635986,-0.9777577519416809,1.374068021774292,3.1866674423217773
68065515441894,-1.841161847114563,1.7132883071899414,2.888692855834961
68065535217285,-1.1637071371078491,2.325117826461792,1.2795677185058594
68065555023193,0.234657421708107,0.5651969313621521,3.463970184326172
68065574798583,0.32638317346572876,-2.5058295726776123,8.984369277954102
68065594573974,-0.35665589570999146,-4.218375205993652,9.703722953796387
68065614349365,-0.1630273163318634,-3.7260167598724365,5.57419490814209
68065634155273,0.755966305732727,-2.6480541229248047,2.393461227416992
68065653930664,0.5813237428665161,-2.191471576690674,0.7585277557373047
68065673706054,0.08909596502780914,-2.2985143661499023,-0.4361438751220703
68065693511962,-0.13661089539527893,-2.5064611434936523,-0.8946619033813477
68065713287353,-0.5448755025863647,-2.7514736652374268,-1.067378044128418
68065733062744,-0.6178532838821411,-2.461695432662964,-1.4951629638671875
68065752838134,-0.6036297082901001,-1.7845796346664429,-2.0798635482788086
68065772613525,0.17456352710723877,-0.727503776550293,-2.7374486923217773
68065792388916,0.8358185291290283,0.26888081431388855,-3.330145835876465
68065812164306,1.1784889698028564,0.7865206599235535,-3.9290943145751953
68065831939697,1.317543625831604,1.1248759031295776,-4.131250381469727
68065851745605,1.2293720245361328,1.2947475910186768,-4.367470741271973
68065871520996,0.7509638071060181,0.9286009073257446,-4.528948783874512
68065891296386,0.5380678176879883,0.7978073358535767,-4.272707939147949
68065911071777,0.17026805877685547,0.5044901967048645,-3.785527229309082
68065930877685,-0.25137439370155334,0.27639830112457275,-3.10653018951416
68065950683593,-0.745196521282196,0.30248403549194336,-2.6349687576293945
68065970458984,-0.5383288860321045,0.605868935585022,-1.8662614822387695
68065990234375,-0.5160623788833618,0.6762943863868713,-1.2999944686889648
68066010009765,-0.6611276268959045,0.4534880518913269,0.055370330810546875
68066029815673,-0.30586564540863037,0.5170827507972717,1.0061941146850586
68066049652099,-0.25011885166168213,0.7712345719337463,0.8230924606323242
68066069366455,0.041288673877716064,1.0210949182510376,1.7277288436889648
68066089141845,0.5128815174102783,1.1761550903320313,4.879049301147461
68066108917236,1.4895976781845093,1.9363001585006714,5.705679893493652
68066128723144,2.1704912185668945,1.9183295965194702,3.966494560241699
68066148498535,2.725701332092285,1.011513113975525,6.137462615966797
68066168304443,1.5262384414672852,-0.7356671094894409,6.816729545593262
68066188079833,1.5511157512664795,-1.4245266914367676,4.453057289123535
68066207855224,3.132179021835327,-0.997144341468811,1.1715993881225586
68066227630615,3.3932313919067383,-1.1519252061843872,-1.631460189819336
68066247436523,2.0975306034088135,-1.947005033493042,-2.1592493057250977
68066267211914,0.9223169088363647,-2.3564016819000244,-1.6387109756469727
68066287017822,0.20844706892967224,-2.3120174407958984,-1.9966163635253906
68066306793212,-0.43439486622810364,-1.9998712539672852,-2.1900806427001953
68066326568603,-0.15194134414196014,-1.4700520038604736,-1.9249591827392578
68066346343994,0.6750404834747314,-0.7957677245140076,-1.5395679473876953
68066366119384,0.8305879235267639,-0.28748559951782227,-1.0630998611450195
68066385894775,0.3634234070777893,0.005738116800785065,-1.805943489074707
68066405670166,0.3732653856277466,0.5453938841819763,-3.160398483276367
68066425445556,0.3173065781593323,0.865086555480957,-4.298953056335449
68066445251464,0.27541351318359375,1.047096610069275,-4.952823638916016
68066465026855,0.6315844058990479,1.0771119594573975,-4.111684799194336
68066484802246,0.6651701927185059,0.6716686487197876,-2.7239761352539063
68066504608154,0.3889915347099304,0.5171428918838501,-1.1566190719604492
68066524383544,0.4254392981529236,0.8311916589736938,-1.3659076690673828
68066544158935,0.3895224928855896,1.3030518293380737,-1.3228330612182617
68066563934326,-0.017413347959518433,1.3897185325622559,-0.2292318344116211
68066583740234,-0.34548264741897583,1.568138837814331,1.580449104309082
68066603515625,-0.8700823783874512,1.6898657083511353,2.045229911804199
68066623291015,-0.48267725110054016,2.1979715824127197,1.6243553161621094
68066643096923,-0.2649369239807129,2.166006565093994,2.088616371154785
68066662872314,-1.6378421783447266,1.2373229265213013,4.760110855102539
68066682678222,-3.22652268409729,1.2698956727981567,6.010454177856445
68066702423095,-2.420283794403076,1.2721210718154907,4.659626007080078
68066722229003,-1.906625747680664,-0.8025075793266296,7.385706901550293
68066742004394,-2.5644497871398926,-3.3862035274505615,9.668078422546387
68066761810302,-2.8313510417938232,-4.03025484085083,5.956575393676758
68066781585693,-0.643549382686615,-3.2649903297424316,1.638641357421875
68066801361083,1.2074205875396729,-2.542534828186035,0.5455102920532227
68066821166992,1.622376799583435,-2.384617567062378,0.03783702850341797
68066840942382,1.6058646440505981,-2.2465169429779053,-1.972188949584961
68066860717773,1.1603484153747559,-2.197688579559326,-3.3317480087280273
68066880523681,0.6959313154220581,-2.0991759300231934,-3.6667022705078125
68066900299072,0.26430743932724,-1.7522910833358765,-4.210532188415527
68066920074462,0.21804222464561462,-1.3531630039215088,-4.029376029968262
68066939849853,0.7038871049880981,-0.8864805698394775,-3.3748579025268555
68066959625244,1.1192686557769775,-0.5049300193786621,-2.3874664306640625
68066979400634,1.2385320663452148,-0.09256219863891602,-2.473078727722168
68066999176025,1.2535662651062012,0.4988951086997986,-3.1636762619018555
68067018951416,1.172871470451355,0.7960000038146973,-3.4935522079467773
68067038757324,0.739631175994873,0.8940541744232178,-3.705052375793457
68067058532714,0.2549869120121002,0.6449655294418335,-2.8284482955932617
68067078308105,-0.012726157903671265,0.6489146947860718,-2.0640411376953125
68067098083496,-0.46433398127555847,0.804466724395752,-2.189629554748535
68067117889404,-0.5837004780769348,1.1047767400741577,-1.6641111373901367
68067137664794,-0.11650940775871277,1.4632219076156616,-0.241973876953125
68067157440185,0.38315755128860474,1.643420934677124,0.7120819091796875
68067177215576,0.9198368191719055,1.8524874448776245,1.8080711364746094
68067197021484,0.5443496108055115,1.5595810413360596,1.1372489929199219
68067216796875,0.5016207098960876,1.8783892393112183,1.0361804962158203
68067236572265,0.7539545297622681,1.6442939043045044,1.970595359802246
68067256408691,1.4287158250808716,1.6253554821014404,0.9951486587524414
68067276153564,2.3726284503936768,0.6262449026107788,1.6612377166748047
68067295928955,2.258357286453247,-0.4459940195083618,4.049525260925293
68067315734863,1.504708170890808,-1.382871150970459,4.488019943237305
68067335510253,1.9983010292053223,-1.1433517932891846,2.9201908111572266
68067355316162,3.0133163928985596,-0.8911097049713135,0.40160560607910156
68067375061035,3.0808920860290527,-1.2024800777435303,-0.46093177795410156
68067394836425,2.349937677383423,-1.5003468990325928,0.5989284515380859
68067414642333,0.7085185647010803,-1.9125347137451172,1.0397186279296875
68067434417724,-0.5245076417922974,-1.744700312614441,0.29856204986572266
68067454223632,-1.2685866355895996,-1.4015142917633057,-0.5692052841186523
68067473968505,-1.326294183731079,-0.9184839725494385,-1.3518896102905273
68067493774414,-0.936648964881897,-0.4332983195781708,-1.3850202560424805
68067513549804,-0.7445836663246155,0.021754682064056396,-1.6174964904785156
68067533325195,-0.6968068480491638,0.4666258990764618,-2.474787712097168
68067553131103,-0.20294156670570374,0.9570598602294922,-4.0632524490356445
68067572906494,0.07819774001836777,1.1750969886779785,-5.212190628051758
68067592681884,-0.01966993510723114,1.2216395139694214,-5.349077224731445
68067612457275,-0.11812476068735123,0.9019588232040405,-3.9182510375976563
68067632232666,-0.20100043714046478,0.8288136720657349,-2.05441951751709
68067652038574,0.3317210078239441,1.0959115028381348,-1.4787378311157227
68067671813964,0.537420928478241,1.4922927618026733,0.13858604431152344
68067691619873,-0.05232415348291397,1.4343490600585938,1.2791194915771484
68067711364746,-0.6637072563171387,1.4156907796859741,1.9316368103027344
68067731140136,-0.9195592999458313,1.5378570556640625,1.7548608779907227
68067750946044,-1.0122531652450562,1.6502773761749268,2.0386838912963867
68067770721435,-1.2836558818817139,1.0836188793182373,2.492298126220703
68067790527343,-2.101935386657715,0.42370325326919556,4.275718688964844
68067810302734,-2.7373664379119873,0.6879512071609497,2.930156707763672
68067830078125,-1.8651641607284546,-0.14371877908706665,3.76906681060791
68067849853515,-1.9407196044921875,-1.8175369501113892,7.178227424621582
68067869659423,-2.064408779144287,-2.8140921592712402,8.326056480407715
68067889434814,-1.4750490188598633,-3.0829334259033203,4.907827377319336
68067909210205,0.4656362235546112,-2.376258134841919,3.316364288330078
68067929016113,0.6753959655761719,-2.2082412242889404,3.169818878173828
68067948791503,0.07215356826782227,-2.146026611328125,0.9409942626953125
68067968566894,0.22234883904457092,-1.927213191986084,-0.4508533477783203
68067988342285,0.3946479558944702,-1.9586793184280396,-1.624481201171875
68068008148193,0.3194095492362976,-1.7186665534973145,-1.9389047622680664
68068027923583,4.2432546615600586E-4,-1.6541774272918701,-2.66294002532959
68068047698974,-0.09418457746505737,-1.2992267608642578,-3.7673110961914063
68068067474365,0.28891271352767944,-0.6261736154556274,-4.678463935852051
68068087249755,1.107149362564087,0.15017583966255188,-4.539660453796387
68068107025146,1.4589204788208008,0.7657375335693359,-4.257421493530273
68068126800537,1.6147105693817139,1.0505727529525757,-3.872617721557617
68068146606445,1.252486228942871,1.1168763637542725,-4.178972244262695
68068166381835,0.456615686416626,0.8008268475532532,-4.080698013305664
68068186157226,-0.19889378547668457,0.4938817024230957,-2.5190162658691406
68068205963134,-0.7480305433273315,0.35346105694770813,-2.021866798400879
68068225738525,-0.7577440738677979,0.5383710861206055,-1.4065332412719727
68068245513916,-0.619388222694397,0.4315034747123718,0.09691810607910156
68068265289306,0.05657225847244263,0.9016021490097046,0.05839824676513672
68068285095214,1.0309640169143677,0.9595907330513,0.4152374267578125
68068304870605,0.48391732573509216,0.34073203802108765,1.7788515090942383
68068324676513,0.2186214029788971,0.10086062550544739,2.780482292175293
68068344421386,1.5425636768341064,1.3182480335235596,4.170648574829102
68068364196777,3.1350021362304688,2.6646618843078613,4.192502975463867
68068384002685,2.8675525188446045,1.8660094738006592,3.2818117141723633
68068403778076,2.9043872356414795,1.306654453277588,5.672721862792969
68068423583984,2.7021889686584473,0.041442304849624634,6.649496078491211
68068443359375,2.498887300491333,-0.6428147554397583,4.776169776916504
68068463195800,3.444720506668091,-0.8401830196380615,1.3720779418945313
68068482940673,3.7023255825042725,-1.2024006843566895,-1.034663200378418
68068502716064,2.036881685256958,-2.061511754989624,-0.9578170776367188
68068522491455,0.04468613862991333,-2.750676155090332,-1.1454477310180664
68068542266845,-1.6209545135498047,-3.0820159912109375,-1.9294605255126953
68068562072753,-2.0083425045013428,-2.782278060913086,-2.3377819061279297
68068581848144,-1.5942018032073975,-2.0983896255493164,-2.7629776000976563
68068601623535,-1.239488124847412,-1.3600612878799438,-3.365729331970215
68068621398925,-1.1948589086532593,-0.8811753392219543,-3.3847646713256836
68068641174316,-0.9741136431694031,-0.37014394998550415,-3.0837202072143555
68068660980224,-0.4219890236854553,0.28504329919815063,-3.5207929611206055
68068680725097,-0.004799067974090576,0.7866144180297852,-3.455869674682617
68068700531005,0.03539770841598511,0.9791251420974731,-3.580315589904785
68068720306396,-0.17679643630981445,1.0684771537780762,-3.476435661315918
68068740081787,-0.10144162178039551,1.169378399848938,-2.603774070739746
68068759857177,-0.42617058753967285,1.0807418823242188,-0.45952892303466797
68068779663085,-0.36397624015808105,0.9944198131561279,1.1734209060668945
68068799438476,-0.6998053789138794,1.6021640300750732,1.5778570175170898
68068819213867,-1.2425780296325684,2.362891435623169,1.2742996215820313
68068838989257,-1.8168044090270996,2.802704334259033,1.626546859741211
68068858795166,-2.2420008182525635,1.9698636531829834,3.545135498046875
68068878570556,-2.676638603210449,0.5073450803756714,5.10813045501709
68068898345947,-2.6658875942230225,0.044214844703674316,5.533389091491699
68068918121337,-2.63594388961792,1.2251832485198975,2.785996437072754
68068937896728,-0.24677002429962158,1.2109616994857788,1.121246337890625
68068957702636,0.8584449291229248,-1.2917360067367554,5.199555397033691
68068977478027,1.3094139099121094,-1.967957854270935,8.797688484191895
68068997283935,1.2499198913574219,-2.5846848487854004,5.500249862670898
68069017059326,2.0615181922912598,-2.0067551136016846,0.6183986663818359
68069036834716,2.7652831077575684,-1.0930033922195435,-1.6652202606201172
68069056610107,2.030198335647583,-0.9725042581558228,-2.8726911544799805
68069076416015,0.7042483687400818,-1.72580885887146,-3.5398454666137695
68069096191406,0.427606999874115,-2.1352641582489014,-2.860466957092285
68069115966796,0.30671489238739014,-2.379223346710205,-2.777266502380371
68069135742187,-0.20275557041168213,-2.2650601863861084,-2.5782690048217773
68069155548095,-0.48780983686447144,-1.7645790576934814,-2.6581544876098633
68069175323486,-0.4069075584411621,-1.147402286529541,-2.617216110229492
68069195098876,0.028040051460266113,-0.365749329328537,-2.655437469482422
68069214874267,0.34011149406433105,0.35745006799697876,-3.102447509765625
68069234680175,0.27303534746170044,0.8816108107566833,-3.116593360900879
68069254455566,-0.2289363145828247,0.9960503578186035,-3.1193037033081055
68069274230957,-0.06885084509849548,1.3781434297561646,-3.8027381896972656
68069294006347,-0.19531497359275818,1.7958428859710693,-3.8187694549560547
68069313781738,-0.6941137313842773,1.0538352727890015,-2.375748634338379
68069333557128,-0.6671886444091797,0.5800676345825195,-1.1842727661132813
68069353363037,-0.5272012948989868,0.04416990280151367,1.4321041107177734
68069373138427,-0.39788180589675903,0.09191673994064331,0.7450370788574219
68069392913818,-0.3917103409767151,0.2941301763057709,-0.002902984619140625
68069412689208,-0.6367630958557129,0.7336152195930481,1.0558433532714844
68069432464599,-1.2725777626037598,1.2227476835250854,1.9097843170166016
68069452270507,-1.8033108711242676,1.4956246614456177,3.225942611694336
68069472015380,-0.3020681142807007,2.1175625324249268,3.5139551162719727
68069491821289,1.4291179180145264,2.616196632385254,3.961409568786621
68069511596679,1.411195993423462,0.7136282920837402,4.43399715423584
68069531402587,1.020911455154419,-1.0856375694274902,6.854970932006836
68069551177978,1.3203184604644775,-1.7583390474319458,7.585020065307617
68069570953369,2.530669927597046,-2.04774808883667,3.718017578125
68069590728759,3.884305000305176,-1.828932285308838,1.2708024978637695
68069610504150,2.4883553981781006,-2.0611953735351563,0.15081214904785156
68069630279541,0.6965322494506836,-2.302260160446167,-0.38472461700439453
68069650054931,-0.24532389640808105,-2.155700922012329,-1.8046178817749023
68069669921875,0.4294101595878601,-1.5025746822357178,-2.8581180572509766
68069689636230,1.1386823654174805,-0.5937320590019226,-3.761516571044922
68069709411621,1.4124946594238281,0.23493240773677826,-3.944962501525879
68069729156494,1.544995665550232,0.7825648784637451,-4.396905899047852
68069748962402,0.9766916632652283,0.8242867588996887,-4.475319862365723
68069768737792,0.34786975383758545,0.6682470440864563,-5.071921348571777
68069788513183,0.3319205641746521,0.47006160020828247,-5.675586700439453
68069808288574,0.40609651803970337,0.5915040969848633,-4.940884590148926
68069828094482,-0.32537680864334106,0.12512679398059845,-2.802304267883301
68069847869873,-0.35146182775497437,0.2988817095756531,-0.9512386322021484
68069867645263,0.1172991394996643,0.9547280073165894,-0.13134098052978516
68069887420654,0.23436415195465088,1.5329822301864624,0.6215677261352539
68069907226562,0.442375123500824,2.147414445877075,2.1515579223632813
68069927001953,0.07076096534729004,2.281747341156006,3.2702178955078125
68069946777343,-0.8000125885009766,2.3348703384399414,2.026484489440918
68069966552734,-0.8363031148910522,2.195735454559326,1.3356781005859375
68069986358642,-0.599324107170105,1.3951826095581055,2.0826120376586914
68070006134033,-1.3167582750320435,0.8089047074317932,4.411964416503906
68070025909423,-1.2331207990646362,2.2248878479003906,5.221900939941406
68070045684814,-0.10478341579437256,2.744734287261963,3.219114303588867
68070065490722,0.5852257013320923,0.8100572228431702,4.755304336547852
68070085296630,-0.11502635478973389,-1.7796040773391724,7.521071434020996
68070105072021,-1.0044341087341309,-3.428234577178955,5.449448585510254
68070124847412,-0.7545108199119568,-3.764484167098999,1.126668930053711
68070144622802,0.23294830322265625,-3.60593843460083,-0.6414833068847656
68070164428710,1.5488343238830566,-3.0486133098602295,-0.0332489013671875
68070184204101,0.9797770380973816,-3.296613931655884,-0.3755197525024414
68070203979492,0.6313068270683289,-2.779542922973633,-0.7180509567260742
68070223785400,0.48616868257522583,-2.299820899963379,-1.2760143280029297
68070243560791,-0.02434152364730835,-1.7811506986618042,-1.9383888244628906
68070263336181,-0.3874666094779968,-0.9764783382415771,-3.008551597595215
68070283142089,0.05779165029525757,0.15049755573272705,-4.201725959777832
68070302886962,0.6184716820716858,1.1574571132659912,-4.549007415771484
68070322692871,0.9912301301956177,1.5242851972579956,-4.2430620193481445
68070342468261,0.8605982661247253,1.523898959159851,-4.2476043701171875
68070362243652,0.701642632484436,1.4758193492889404,-4.345030784606934
68070382049560,0.14671260118484497,1.3139935731887817,-4.558320999145508
68070401824951,-0.760293185710907,0.7912830114364624,-4.122811317443848
68070421600341,-0.8367816209793091,0.4425150752067566,-2.9225149154663086
68070441375732,-1.0754566192626953,0.0050775352865457535,-0.9920883178710938
68070461181640,-1.9516582489013672,-0.06588143110275269,-0.8403215408325195
68070480957031,-1.9454991817474365,0.5420021414756775,0.1374368667602539
68070500732421,-1.681180715560913,1.156192660331726,0.5299673080444336
68070520507812,-2.0095133781433105,1.5630923509597778,0.6314916610717773
68070540283203,-1.8727388381958008,1.6981579065322876,1.6746540069580078
68070560058593,-0.28947317600250244,2.5260610580444336,4.080380439758301
68070579833984,0.5756077170372009,1.6449147462844849,3.879894256591797
68070599609375,0.9798179864883423,0.12027138471603394,5.635960578918457
68070619415283,0.8084298372268677,-1.94730806350708,9.763266563415527
68070639190673,0.6364801526069641,-2.5854201316833496,9.708934783935547
68070658966064,0.9080103635787964,-2.567345380783081,6.895966529846191
68070678741455,2.363968849182129,-1.1180198192596436,0.9673728942871094
68070698516845,3.5731635093688965,-0.8790808320045471,-1.7742347717285156
68070718292236,2.971011161804199,-0.4393744468688965,-1.7441158294677734
68070738067626,0.8877438306808472,-1.1727569103240967,-1.6386651992797852
68070757873535,-0.1727607548236847,-0.8725651502609253,-2.6872596740722656
68070777618408,-0.3152288794517517,-0.24653780460357666,-3.954958915710449
68070797424316,-0.3214157223701477,0.03531789779663086,-4.4205121994018555
68070817199707,-0.5109435319900513,-0.06757760047912598,-4.800910949707031
68070837005615,0.02243143320083618,0.33843302726745605,-4.715754508972168
68070856750488,0.7074337601661682,0.6660056710243225,-3.510165214538574
68070876617431,0.5165206789970398,0.6185423135757446,-3.3593358993530273
68070896301269,-0.21326154470443726,0.26873892545700073,-4.10953426361084
68070916107177,-0.5577012896537781,-0.03406870365142822,-4.359539985656738
68070935882568,0.18594568967819214,0.4896417260169983,-2.9688329696655273
68070955657958,0.33883732557296753,0.1686241626739502,-0.4392890930175781
68070975463867,0.2512643337249756,0.45939838886260986,-0.05819511413574219
68070995239257,0.15666168928146362,1.107466220855713,-0.7653684616088867
68071015014648,0.5470642447471619,1.6726951599121094,-0.15364646911621094
68071034790039,0.43000829219818115,1.65901517868042,1.0434455871582031
68071054595947,0.3227425217628479,1.410178542137146,1.338505744934082
68071074371337,0.24559462070465088,0.19506800174713135,3.2109432220458984
68071094146728,-0.3662848472595215,0.14244866371154785,6.6441192626953125
68071113922119,-2.198356866836548,1.0495470762252808,4.016425132751465
68071133697509,-1.2672200202941895,0.92143714427948,2.282130241394043
68071153472900,0.26174861192703247,0.33685481548309326,4.372751235961914
68071173278808,0.969943106174469,-1.132591962814331,5.437253952026367
68071193054199,0.7268183827400208,-2.386889934539795,4.342259407043457
68071212860107,0.49638575315475464,-2.9152538776397705,3.118527412414551
68071232635498,0.64966881275177,-2.547098398208618,1.7256202697753906
68071252410888,0.5555582642555237,-1.8079633712768555,-0.37286853790283203
68071272186279,-0.003386259078979492,-1.7325170040130615,-1.6932563781738281
68071291992187,-0.12779754400253296,-1.6653032302856445,-2.108335494995117
68071311767578,0.06117731332778931,-1.265673279762268,-2.8290977478027344
68071331542968,0.09749996662139893,-0.8364239931106567,-3.5138187408447266
68071351318359,0.23615074157714844,-0.2727549076080322,-4.337761878967285
68071371063232,0.2743369936943054,0.07918837666511536,-4.283757209777832
68071390869140,0.3569803237915039,0.4455920159816742,-3.8673038482666016
68071410644531,0.4421384334564209,0.7799631357192993,-3.305755615234375
68071430450439,0.6246427297592163,0.8843597173690796,-3.779017448425293
68071450225830,0.4623246490955353,0.891991376876831,-3.9359817504882813
68071470001220,0.13549885153770447,0.7410991191864014,-3.0514707565307617
68071489776611,-0.09842908382415771,0.6217374801635742,-1.8275794982910156
68071509552001,-0.2811339497566223,0.45904800295829773,-0.8842658996582031
68071529357910,-0.3220084309577942,0.6792093515396118,-0.4237060546875
68071549133300,-0.031914129853248596,1.185433268547058,0.8070650100708008
68071568908691,0.23270252346992493,1.4378410577774048,1.0942296981811523
68071588684082,0.36528629064559937,1.5121245384216309,1.0652885437011719
68071608459472,0.39038166403770447,1.5528435707092285,2.2142457962036133
68071628234863,-0.3015350103378296,0.7028599977493286,4.472451210021973
68071648010253,-0.07874917984008789,0.8021166324615479,6.395734786987305
68071667785644,1.5449341535568237,1.5294575691223145,3.973294258117676
68071687591552,1.4439928531646729,0.24754133820533752,4.873785972595215
68071707366943,0.7195079326629639,-1.2940984964370728,6.883212089538574
68071727172851,-0.08967778086662292,-2.1551270484924316,6.685715675354004
68071746948242,0.9652583003044128,-1.8487813472747803,3.7710800170898438
68071766723632,2.846632719039917,-1.906139850616455,0.6377105712890625
68071786499023,3.455974578857422,-2.0079569816589355,-0.0038747787475585938
68071806274414,1.7316850423812866,-2.7956483364105225,0.13147449493408203
68071826049804,-0.11046290397644043,-2.703185558319092,-1.081033706665039
68071845855712,-0.8893200159072876,-2.0243117809295654,-2.4149093627929688
68071865631103,-0.9847513437271118,-1.2635900974273682,-2.8062028884887695
68071885406494,-0.37890365719795227,-0.34377938508987427,-2.660611152648926
68071905181884,0.03547072410583496,0.3386428654193878,-2.516655921936035
68071924957275,-0.036687642335891724,0.5275611877441406,-2.970590591430664
68071944732666,-0.28894299268722534,0.7159682512283325,-4.504316329956055
68071964508056,-0.36677086353302,0.7765895128250122,-5.539643287658691
68071984313964,-0.7174065113067627,0.51922607421875,-5.207686424255371
68072004119873,-0.9182125926017761,0.20212699472904205,-3.6315412521362305
68072023864746,-0.8339136838912964,0.16272521018981934,-2.0236072540283203
68072043640136,-0.7320059537887573,0.20757268369197845,-2.039854049682617
68072063415527,-0.17991620302200317,0.6317655444145203,-1.5322704315185547
68072083282470,0.35787832736968994,1.2708019018173218,-5.178451538085938E-4
68072102996826,0.2521445155143738,1.7417620420455933,1.7852592468261719
68072122802734,0.16222041845321655,2.0076026916503906,1.244363784790039
68072142547607,0.09159916639328003,2.0819942951202393,0.6739511489868164
68072162353515,-0.06520557403564453,1.916672706604004,1.5472745895385742
68072182098388,-0.5532649755477905,0.8151490092277527,3.0322036743164063
68072201904296,-1.3655691146850586,0.2544311583042145,4.416285514831543
68072221679687,-2.2682647705078125,1.0553730726242065,4.797386169433594
68072241455078,-1.8419649600982666,1.8879817724227905,2.3979854583740234
68072261230468,-0.08256810903549194,0.6225165128707886,4.466923713684082
68072281036376,0.6048455238342285,-1.0421451330184937,9.132262229919434
68072300811767,0.3055378198623657,-1.673115611076355,5.841821670532227
68072320587158,1.0404410362243652,-1.144710659980774,0.5788745880126953
68072340362548,1.5632492303848267,-1.2242250442504883,-0.8651809692382813
68072360137939,1.0123820304870605,-2.0218915939331055,0.07680892944335938
68072379913330,0.8049128651618958,-2.228306293487549,-0.4182720184326172
68072399688720,0.6917572617530823,-2.2470428943634033,-1.436044692993164
68072419494628,0.7596524357795715,-1.8903130292892456,-2.636869430541992
68072439270019,0.22844678163528442,-1.8228180408477783,-2.8314170837402344
68072459045410,-0.5316939353942871,-1.6396609544754028,-2.893355369567871
68072478820800,-0.4640016555786133,-0.9379318356513977,-3.26334285736084
68072498626708,0.029011964797973633,0.044640183448791504,-3.899888038635254
68072518402099,0.779868483543396,0.8699976801872253,-3.942418098449707
68072538177490,1.1523621082305908,1.224884271621704,-3.4222965240478516
68072557952880,1.0953068733215332,1.0448825359344482,-2.420867919921875
68072577728271,0.4914577603340149,0.9482327103614807,-2.343372344970703
68072597534179,-0.0843191146850586,1.0500789880752563,-2.792405128479004
68072617309570,0.030254364013671875,1.3416173458099365,-1.8244075775146484
68072637084960,0.13482338190078735,1.5421030521392822,-0.7828283309936523
68072656860351,0.021839499473571777,1.417556881904602,-1.1670989990234375
68072676666259,0.31385672092437744,1.1575407981872559,-0.16652488708496094
68072696441650,0.22756868600845337,0.6781330108642578,1.6618709564208984
68072716217041,-0.10407435894012451,0.8294672966003418,1.9658050537109375
68072735992431,-0.766615629196167,1.0260661840438843,1.1425104141235352
68072755767822,-0.6361011862754822,0.7742297649383545,2.8343000411987305
68072775543212,-0.31799209117889404,1.5212396383285522,4.019026756286621
68072795349121,0.00195389986038208,1.2282780408859253,2.4751739501953125
68072815124511,-0.027540922164916992,0.09794416278600693,4.388922691345215
68072834899902,-0.31060469150543213,-1.1995227336883545,6.880359649658203
68072854675292,-0.36379632353782654,-1.7137686014175415,7.241693496704102
68072874481201,0.9084029197692871,-1.1983357667922974,3.8284473419189453
68072894226074,2.508716106414795,-1.1189618110656738,0.8451900482177734
68072914031982,2.488222360610962,-1.0155197381973267,0.7981252670288086
68072933807373,1.0680227279663086,-1.3885612487792969,0.36190032958984375
68072953582763,0.0739220380783081,-1.3638415336608887,-1.2201213836669922
68072973358154,0.025479137897491455,-0.8546561002731323,-2.9044017791748047
68072993133544,-0.08639466762542725,-0.7691873908042908,-4.224544525146484
68073012908935,0.1678033471107483,-0.5532823801040649,-3.819098472595215
68073032684326,0.3042575716972351,-0.43983930349349976,-3.0198612213134766
68073052490234,0.39369648694992065,0.021452635526657104,-3.2234973907470703
68073072235107,0.5598815083503723,0.4500650465488434,-4.014577865600586
68073092010498,0.49346494674682617,0.5381312370300293,-4.901973724365234
68073111816406,0.04033160209655762,0.3670091927051544,-4.510321617126465
68073131591796,-0.36869752407073975,0.2704593539237976,-2.720579147338867
68073151397705,-0.7093629837036133,0.3176316022872925,-2.755600929260254
68073171173095,-0.964189887046814,0.4762011170387268,-2.10007381439209
68073190917968,-0.43602579832077026,1.0845082998275757,-1.4035634994506836
68073210693359,-1.1521950960159302,1.4028092622756958,-0.0012664794921875
68073230499267,-2.8617706298828125,0.8913159370422363,2.1876001358032227
68073250274658,-1.487978458404541,1.5487160682678223,4.577260971069336
68073270050048,-0.10334056615829468,1.6963692903518677,5.509093284606934
68073289886474,-0.7812252640724182,1.0614567995071411,3.113888740539551
68073309631347,-1.3913037776947021,-0.012046992778778076,2.335848808288574
68073329406738,-0.80759197473526,0.8803640604019165,4.9263715744018555
68073349182128,-1.8950251340866089,1.6162279844284058,5.434915542602539
68073368957519,-1.2659047842025757,2.3158891201019287,2.5905675888061523
68073388732910,0.8118935823440552,0.8984472751617432,3.660329818725586
68073408538818,1.0260379314422607,-1.3164074420928955,4.954195022583008
68073428314208,1.2440738677978516,-2.6904280185699463,2.982956886291504
68073448120117,1.125146746635437,-3.308885097503662,0.109161376953125
68073467895507,1.041595458984375,-2.968205451965332,-1.7914342880249023
68073487670898,1.132868766784668,-2.1186089515686035,-2.650348663330078
68073507446289,0.7516504526138306,-1.7263413667678833,-2.1349334716796875
68073527221679,-0.08687877655029297,-1.854385256767273,-1.4655227661132813
68073546997070,-0.5310852527618408,-1.8156096935272217,-1.659886360168457
68073566772460,0.12051510810852051,-1.834154725074768,-3.7894058227539063
68073586578369,1.6685688495635986,-1.3966001272201538,-3.136153221130371
68073606353759,1.8667082786560059,-0.819783627986908,-2.2627830505371094
68073626129150,1.347116470336914,-0.2862166166305542,-2.634099006652832
68073645904541,0.8116934895515442,0.2555762529373169,-3.8270702362060547
68073665649414,0.9147826433181763,1.1541833877563477,-4.74843692779541
68073685455322,1.0537359714508057,1.7856781482696533,-4.479527473449707
68073705230712,1.275681495666504,2.333033561706543,-2.759760856628418
68073725006103,1.0980401039123535,2.235584020614624,-1.1644830703735352
68073744781494,0.4973863363265991,1.573066234588623,0.09972095489501953
68073764556884,-0.39014869928359985,0.9373587369918823,1.538619041442871
68073784332275,-1.1414393186569214,0.33724093437194824,3.2610273361206055
68073804107666,-1.1994690895080566,0.18622756004333496,2.6644821166992188
68073823883056,-0.932386577129364,0.5036897659301758,2.23226261138916
68073843688964,-1.4586341381072998,0.9317589998245239,1.6234245300292969
68073863433837,-1.3897795677185059,1.8107972145080566,2.3257389068603516
68073883209228,-0.6933851838111877,3.051086664199829,3.8975534439086914
68073903015136,0.02176809310913086,2.258899688720703,2.4538726806640625
68073922760009,0.4216683506965637,0.09007340669631958,3.2885265350341797
68073942565917,0.2778812050819397,-2.103120803833008,6.522286415100098
68073962341308,0.015022456645965576,-3.159109115600586,7.794369697570801
68073982116699,1.6642918586730957,-2.377098560333252,3.6826438903808594
68074001892089,3.1550216674804688,-1.2796498537063599,-0.6653661727905273
68074021667480,2.8772494792938232,-0.6349838376045227,-3.079671859741211
68074041442871,1.7782926559448242,-0.7806346416473389,-3.1031665802001953
68074061248779,1.0445892810821533,-0.8594157099723816,-2.8710079193115234
68074081024169,0.7978622317314148,-0.7785363793373108,-2.92623233795166
68074100799560,0.7754729390144348,-0.5709660053253174,-2.939739227294922
68074120574951,1.069005012512207,-0.08230239152908325,-3.014828681945801
68074140350341,0.8632516860961914,0.31672441959381104,-2.867523193359375
68074160125732,0.32183027267456055,0.46751630306243896,-2.4319896697998047
68074179901123,0.38893574476242065,1.0316942930221558,-2.4122257232666016
68074199676513,0.5603172183036804,1.3651553392410278,-3.060664176940918
68074219451904,0.4645504355430603,1.268552541732788,-3.6419544219970703
68074239227294,0.15218693017959595,1.0190939903259277,-3.101736068725586
68074259002685,-0.059218406677246094,0.8005746006965637,-1.225834846496582
68074278808593,-0.09720730781555176,0.7121624946594238,-0.8525400161743164
68074298583984,-0.18421101570129395,0.4854673147201538,0.19811534881591797
68074318359375,0.04035019874572754,0.3997049927711487,1.826035499572754
68074338134765,0.3878708481788635,0.5717613697052002,1.5754175186157227
68074357910156,0.39325594902038574,0.7846349477767944,1.6143388748168945
68074377685546,-0.1866239309310913,1.1144213676452637,-0.016796112060546875
68074397460937,1.2883210182189941,1.7487314939498901,-1.2041616439819336
68074417236328,2.122868537902832,1.4511303901672363,0.4704608917236328
68074437011718,-0.09181398153305054,0.7480077743530273,3.866302490234375
68074456817626,-0.05732947587966919,0.21121090650558472,4.477631568908691
68074476593017,1.0071589946746826,-0.6396555304527283,6.807775497436523
68074496429443,0.18918414413928986,-1.981909990310669,8.17178726196289
68074516143798,-0.39155465364456177,-2.961897611618042,6.393319129943848
68074535919189,-0.033481061458587646,-2.6475298404693604,4.598206520080566
68074555694580,-0.023625120520591736,-2.39117693901062,3.256786346435547
68074575469970,-0.22028225660324097,-2.312037229537964,1.6053266525268555
68074595275878,-0.010547146201133728,-1.9050850868225098,-0.1829214096069336
68074615051269,-0.23516768217086792,-1.6651438474655151,-0.8322582244873047
68074634826660,-0.5094256401062012,-1.3796665668487549,-1.4076042175292969
68074654602050,-0.783103346824646,-1.2045094966888428,-2.673220634460449
68074674377441,-0.3333108425140381,-0.480843186378479,-3.903768539428711
68074694152832,0.11097496747970581,0.018297910690307617,-4.701535224914551
68074713928222,0.5710400342941284,0.426485538482666,-4.674525260925293
68074733703613,1.012324571609497,0.6193557381629944,-3.9987926483154297
68074753479003,1.111495852470398,0.6172024011611938,-3.7322616577148438
68074773254394,1.0321269035339355,0.8133255243301392,-3.972808837890625
68074793029785,1.4011670351028442,1.2881848812103271,-3.981625556945801
68074812805175,1.410526156425476,1.4053688049316406,-3.72251033782959
68074832580566,0.6785591840744019,1.1885488033294678,-3.248833656311035
68074852386474,0.3707907199859619,0.8838798999786377,-1.9058055877685547
68074872161865,0.36710914969444275,0.4851003885269165,-0.9533729553222656
68074891937255,0.40091589093208313,-0.009122326970100403,0.36542606353759766
68074911712646,0.3307913839817047,-0.16089238226413727,2.9750194549560547
68074931488037,-0.5256895422935486,-0.20368945598602295,3.073953628540039
68074951263427,-1.7018837928771973,0.17724202573299408,2.506542205810547
68074971038818,-1.945594072341919,0.4978805184364319,3.0965232849121094
68074990814208,-0.7419977188110352,1.101879596710205,3.04550838470459
68075010589599,-0.2756478190422058,1.005667805671692,2.211165428161621
68075030364990,0.3776823878288269,0.817711591720581,4.8204851150512695
68075050140380,1.679673671722412,1.30330491065979,7.366931915283203
68075069915771,1.9644474983215332,1.0160726308822632,7.163898468017578
68075089721679,1.7726399898529053,0.47492650151252747,3.098489761352539
68075109497070,3.3377573490142822,0.25389599800109863,-1.1188592910766602
68075129272460,2.9185798168182373,-0.6421529054641724,-0.8155994415283203
68075149047851,0.48265182971954346,-2.02097225189209,-0.25245094299316406
68075168823242,-0.646355390548706,-2.204832077026367,-1.2737016677856445
68075188598632,-0.8826034069061279,-1.7914199829101563,-2.4468698501586914
68075208374023,-0.7028447389602661,-1.1641663312911987,-3.3784046173095703
68075228149414,-0.4979460835456848,-0.7759937644004822,-3.677288055419922
68075247924804,-0.27761393785476685,-0.38132375478744507,-2.9801769256591797
68075267700195,-0.5451892614364624,-0.28751564025878906,-2.9148788452148438
68075287475585,-0.676911473274231,-0.16963434219360352,-2.86251163482666
68075307250976,-0.5692785978317261,-0.016045719385147095,-3.4902849197387695
68075327026367,0.12499755620956421,0.4312165379524231,-4.172299385070801
68075346801757,0.182528555393219,0.392300546169281,-4.163731575012207
68075366546630,-0.4721413254737854,0.08788260817527771,-3.1855392456054688
68075386352539,-0.7747602462768555,-0.12234538793563843,-1.8586483001708984
68075406127929,-0.14039206504821777,0.35436180233955383,-0.8989763259887695
68075425903320,0.10838481783866882,0.5819176435470581,0.14656925201416016
68075445678710,-0.08838310837745667,0.6469841599464417,0.17882251739501953
68075465454101,0.14087969064712524,0.8997938632965088,0.3791828155517578
68075485229492,0.1556115746498108,1.0409162044525146,1.838165283203125
68075505004882,-0.2786448001861572,0.7643800377845764,3.119612693786621
68075524780273,-0.46572816371917725,0.5390485525131226,5.1826934814453125
68075544555664,-1.6770539283752441,0.4786454141139984,5.5692644119262695
68075564331054,-1.6442232131958008,0.7098268270492554,1.6997814178466797
68075584106445,-0.4790318012237549,0.8791646957397461,2.7197179794311523
68075603881835,-0.05503958463668823,-0.04395318031311035,5.89945125579834
68075623687744,-0.7203633785247803,-1.3472368717193604,5.995676040649414
68075643463134,-0.42210495471954346,-1.4203824996948242,3.2761306762695313
68075663238525,0.58530193567276,-0.9188244938850403,1.594548225402832
68075682983398,1.1908657550811768,-0.6497247815132141,1.3835649490356445
68075702850341,0.6529120802879333,-0.8142005801200867,0.6124038696289063
68075722564697,-0.015466392040252686,-1.1694728136062622,-0.27843189239501953
68075742340087,-0.16655319929122925,-1.1846517324447632,-1.0054645538330078
68075762115478,0.26416015625,-0.7691548466682434,-1.8985166549682617
68075781890869,0.5649323463439941,-0.3627995252609253,-2.980863571166992
68075801666259,0.2984011173248291,-0.21436673402786255,-3.9754066467285156
68075821441650,0.5157942175865173,0.17478705942630768,-4.855676651000977
68075841217041,0.6149259805679321,0.42178404331207275,-5.204037666320801
68075860992431,0.8694361448287964,0.7373592853546143,-4.160253524780273
68075880767822,0.7955517768859863,0.8257686495780945,-3.879727363586426
68075900543212,0.7463923692703247,0.8449891805648804,-3.7178773880004883
68075920318603,0.21755769848823547,0.7032121419906616,-3.0631208419799805
68075940093994,-0.2577306032180786,0.48491695523262024,-2.186049461364746
68075959869384,-0.38625654578208923,0.5336958765983582,-1.6443901062011719
68075979644775,0.13203048706054688,0.6194268465042114,-2.1467485427856445
68075999420166,0.7883331775665283,0.45075422525405884,-1.2466716766357422
68076019226074,0.7131144404411316,-0.2921929359436035,1.3228044509887695
68076039001464,0.0563594251871109,-0.9174995422363281,3.1600303649902344
68076058776855,-0.29808151721954346,-0.7590089440345764,2.838944435119629
68076078552246,-0.496399849653244,-0.20499423146247864,2.7030982971191406
68076098327636,-0.24301362037658691,-0.12316907942295074,4.703240394592285
68076118133544,0.3743731677532196,-0.29529446363449097,3.5884246826171875
68076137878417,0.4931774437427521,-0.7867621183395386,2.8031110763549805
68076157684326,0.5704833269119263,-1.114210605621338,4.841421127319336
68076177459716,-0.23455089330673218,-1.7245914936065674,5.491062164306641
68076197235107,-0.309399276971817,-1.530987024307251,4.163249969482422
68076217010498,1.0188850164413452,-0.8175563216209412,1.9794511795043945
68076236785888,2.732391834259033,0.06362122297286987,0.6004047393798828
68076256561279,3.1460788249969482,0.5242717862129211,-0.16599750518798828
68076276336669,2.25663423538208,0.758095383644104,-1.443089485168457
68076296112060,0.7515085935592651,0.2500632703304291,-1.7976884841918945
68076315887451,0.14003053307533264,0.04757624864578247,-1.627884864807129
68076335662841,-0.00788646936416626,0.20582330226898193,-1.5438470840454102
68076355468750,0.20804065465927124,0.43228691816329956,-1.5815868377685547
68076375244140,0.02470451593399048,0.5128101110458374,-1.5066251754760742
68076395019531,-0.024351388216018677,0.8055145740509033,-2.3607168197631836
68076414764404,-0.09531673789024353,1.010988712310791,-3.810145378112793
68076434539794,-0.03143468499183655,1.15189790725708,-4.634669303894043
68076454345703,-0.031185775995254517,1.1504926681518555,-4.501842498779297
68076474090576,-0.2108745574951172,1.0303401947021484,-3.9494495391845703
68076493896484,0.010879874229431152,0.9963206648826599,-3.2292985916137695
68076513671875,0.4032961130142212,0.992753267288208,-1.7983837127685547
68076533447265,0.2895757555961609,0.9136280417442322,-0.9061546325683594
68076553222656,0.07346227765083313,1.1112362146377563,-1.2476625442504883
68076572998046,0.4468376338481903,1.5660665035247803,-0.9892892837524414
68076592773437,0.5930452346801758,1.6706538200378418,-0.6096858978271484
68076612548828,0.297606498003006,1.1384332180023193,1.5507593154907227
68076632324218,-0.5378355979919434,0.24341517686843872,3.9974517822265625
68076652099609,-1.049574375152588,-0.27397066354751587,3.8875932693481445
68076671875000,-1.44614577293396,-0.18752390146255493,4.506453514099121
68076691680908,-2.3701183795928955,0.3930473327636719,4.04548454284668
68076711456298,-0.916012704372406,0.9301234483718872,3.5469512939453125
68076731231689,0.14338621497154236,0.470278799533844,5.202188491821289
68076751007080,-0.0576612651348114,-1.2357704639434814,5.966031074523926
68076770782470,-0.305765300989151,-2.3588666915893555,5.374929428100586
68076790527343,-0.6119855642318726,-2.649937391281128,3.4277305603027344
68076810302734,-0.18504038453102112,-2.183415174484253,1.457411766052246
68076830078125,0.33205804228782654,-1.5594086647033691,0.017459869384765625
68076849884033,0.18590137362480164,-1.532045841217041,-0.8826198577880859
68076869628906,-0.21377021074295044,-1.6457492113113403,-1.4067907333374023
68076889434814,-0.23520857095718384,-1.4974383115768433,-1.6407270431518555
68076909271240,0.3856115937232971,-1.0606768131256104,-1.8380298614501953
68076928985595,0.768207311630249,-0.6513068675994873,-1.795241355895996
68076948760986,0.5695736408233643,-0.40370267629623413,-2.215169906616211
68076968536376,0.9119566679000854,-0.09466737508773804,-2.8100547790527344
68076988311767,1.5389554500579834,0.30859342217445374,-2.7963733673095703
68077008087158,1.4190764427185059,0.741637647151947,-1.6864185333251953
68077027862548,1.281764030456543,0.8255739808082581,-1.4663372039794922
68077047637939,1.1065599918365479,0.9282227754592896,-2.3532066345214844
68077067382812,0.8751466274261475,1.034877061843872,-3.673577308654785
68077087158203,0.5727183222770691,0.948858916759491,-3.509828567504883
68077106964111,0.1385122835636139,0.9262120723724365,-3.2205095291137695
68077126739501,0.30384570360183716,1.3464200496673584,-3.4574098587036133
68077146514892,0.5226868987083435,1.0137287378311157,-2.249758720397949
68077166290283,0.5916927456855774,0.7931259870529175,-1.6825447082519531
68077186065673,0.28454917669296265,0.3801012933254242,-0.08124065399169922
68077205841064,-0.8963956832885742,0.1922827959060669,2.079861640930176
68077225616455,-1.8502039909362793,0.34754425287246704,3.447272300720215
68077245391845,-1.462127447128296,1.0161850452423096,2.498811721801758
68077265167236,0.25918498635292053,1.5144785642623901,0.2149181365966797
68077284942626,1.1260936260223389,1.1468371152877808,0.7003345489501953
68077304718017,0.3501150906085968,-0.5497854948043823,4.122274398803711
68077324493408,0.2003077268600464,-1.0325084924697876,8.041397094726563
68077344268798,2.9228503704071045,-0.603385329246521,7.674422264099121
68077364044189,4.528277397155762,0.7819770574569702,2.763080596923828
68077383819580,4.9067792892456055,1.0337361097335815,-0.3289766311645508
68077403594970,2.564269781112671,-0.07563759386539459,-0.6547040939331055
68077423370361,0.3781345784664154,-0.8935246467590332,-1.4913415908813477
68077443145751,-1.2843142747879028,-1.186852216720581,-2.9701976776123047
68077462921142,-1.7961829900741577,-1.0910123586654663,-4.1576642990112305
68077482696533,-1.2035481929779053,-0.8042687177658081,-4.046426773071289
68077502502441,-0.739080011844635,-0.7705274224281311,-2.492617607116699
68077522277832,-0.6523382663726807,-0.6629842519760132,-0.18207740783691406
68077542053222,-0.5919002294540405,-0.21669182181358337,-0.3185253143310547
68077561798095,-0.44769448041915894,0.32418176531791687,-2.840024948120117
68077581573486,-0.0869133472442627,0.7853230834007263,-3.9403228759765625
68077601348876,-0.11622302234172821,1.0351157188415527,-3.5436325073242188
68077621124267,-0.508233904838562,1.026626706123352,-3.3279685974121094
68077640899658,-0.43654751777648926,1.0416369438171387,-2.306936264038086
68077660675048,0.1352699249982834,1.3504679203033447,-1.8111371994018555
68077680450439,0.44965505599975586,1.6758781671524048,-1.0687026977539063
68077700225830,-0.10214008390903473,1.6206122636795044,0.34648609161376953
68077720001220,-0.5519174933433533,1.5687824487686157,2.0817975997924805
68077739776611,-0.5316658616065979,1.3979535102844238,2.384185791015625
68077759582519,-0.40966475009918213,1.33956778049469,3.1210241317749023
68077779327392,-0.23379555344581604,0.8136684894561768,3.3982276916503906
68077799133300,-0.37528911232948303,0.007058680057525635,4.669879913330078
68077818908691,-1.5356262922286987,0.22313514351844788,4.666574478149414
68077838684082,-1.79045832157135,0.535014808177948,1.967020034790039
68077858489990,-0.9034073948860168,0.31373998522758484,2.5924720764160156
68077878234863,-0.18053460121154785,-0.7201129794120789,5.271506309509277
68077898040771,0.3016197085380554,-1.7930669784545898,5.423718452453613
68077917816162,1.202662706375122,-1.9385950565338135,3.811251640319824
68077937591552,1.2085049152374268,-2.098883628845215,2.9997482299804688
68077957366943,0.7725286483764648,-1.7959606647491455,1.9409523010253906
68077977142333,0.4079626798629761,-1.4802024364471436,0.3350067138671875
68077996917724,0.38095712661743164,-1.1715866327285767,-0.9080944061279297
68078016693115,0.10157501697540283,-1.1670453548431396,-1.8787097930908203
68078036468505,0.07488548755645752,-1.069388747215271,-2.4044666290283203
68078056243896,0.22211116552352905,-0.7742839455604553,-2.7631187438964844
68078076019287,0.3299916982650757,-0.46770262718200684,-3.20436954498291
68078095794677,0.42927008867263794,-0.11818230897188187,-3.9007129669189453
68078115631103,0.44568151235580444,0.12793608009815216,-4.212956428527832
68078135345458,0.3667275905609131,0.2459753304719925,-3.505152702331543
68078155090332,0.47794458270072937,0.48009446263313293,-2.8436622619628906
68078174896240,1.1242961883544922,1.138964295387268,-2.9267454147338867
68078194671630,1.3870902061462402,1.8193516731262207,-3.483920097351074
68078214447021,0.9600081443786621,2.09877610206604,-4.050299644470215
68078234222412,0.5376174449920654,1.920168399810791,-3.4121999740600586
68078253997802,0.13909345865249634,1.1064523458480835,-2.49124813079834
68078273773193,0.34921279549598694,0.5613816380500793,-1.1230182647705078
68078293579101,-0.06029585003852844,-0.2794044017791748,0.8942661285400391
68078313354492,-0.5774564146995544,-0.8018824458122253,1.0043573379516602
68078333129882,-0.9627062082290649,-0.942432165145874,0.9094171524047852
68078352905273,-0.6818684935569763,-0.7050386071205139,2.641087532043457
68078372680664,-0.2425556182861328,-0.4180369973182678,4.834549903869629
68078392425537,0.11382833123207092,0.5379132032394409,4.562891960144043
68078412200927,1.4912256002426147,1.1875615119934082,1.359910011291504
68078432006835,3.021782159805298,1.4932377338409424,2.512200355529785
68078451782226,1.722520112991333,0.20760510861873627,5.931976318359375
68078471557617,-0.14558804035186768,-0.8920198678970337,5.710326194763184
68078491333007,0.1399167776107788,-0.5802798867225647,3.5097036361694336
68078511108398,1.8307031393051147,-0.591342568397522,1.3023223876953125
68078530883789,2.6659133434295654,-1.0591557025909424,0.8538303375244141
68078550689697,1.811072587966919,-1.9229001998901367,2.1141672134399414
68078570465087,0.2464246153831482,-1.9071166515350342,1.5304946899414063
68078590240478,-0.6545884609222412,-1.3669586181640625,-0.4125537872314453
68078610015869,-0.8106023073196411,-0.6335638165473938,-1.8136186599731445
68078629791259,-0.5817203521728516,0.1441260725259781,-2.928173065185547
68078649566650,0.1941535472869873,1.0121753215789795,-3.4085845947265625
68078669372558,0.4474940299987793,1.4472935199737549,-3.953868865966797
68078689147949,0.1301400065422058,1.286872386932373,-4.972209930419922
68078708892822,0.2137010097503662,1.2723822593688965,-5.5877180099487305
68078728698730,0.0573003888130188,0.9216971397399902,-5.206790924072266
68078748443603,-0.6647418141365051,0.30070313811302185,-4.440569877624512
68078768249511,-1.1860613822937012,-0.013304904103279114,-3.6596593856811523
68078788024902,-0.9875631928443909,0.15574297308921814,-2.7147607803344727
68078807800292,-0.2733171880245209,0.7827352285385132,-2.053943634033203
68078827575683,-1.0683541297912598,1.0515868663787842,-1.2299308776855469
68078847351074,-2.4536497592926025,0.6185694336891174,0.5099973678588867
68078867126464,-3.0057260990142822,0.08360441029071808,1.4657058715820313
68078887084960,-1.3152358531951904,0.47188085317611694,2.162036895751953
68078906860351,0.4670405387878418,0.3828413486480713,1.0133094787597656
68078926635742,1.390648365020752,-0.1456921100616455,2.362884521484375
68078946411132,0.08740735054016113,-0.25634825229644775,5.604585647583008
68078966033935,-2.3287270069122314,0.09663039445877075,5.737971305847168
68078985961914,-0.963901162147522,1.7390908002853394,1.7202348709106445
68079005737304,1.033447504043579,2.5256638526916504,2.639211654663086
68079025512695,1.0286651849746704,1.7388496398925781,5.965816497802734
68079045288085,-0.15502536296844482,-0.21713078022003174,4.6852006912231445
68079065124511,0.2665579319000244,-1.2014448642730713,2.594167709350586
68079084899902,1.5113790035247803,-1.7263286113739014,2.7729501724243164
68079104705810,1.0887141227722168,-2.3236851692199707,3.450887680053711
68079124450683,0.5836279392242432,-2.404393196105957,1.8236579895019531
68079144256591,-0.004784286022186279,-2.2417969703674316,0.4634065628051758
68079164001464,-0.19419842958450317,-1.8695697784423828,0.04413414001464844
68079183807373,0.0863494873046875,-1.1257506608963013,-0.804718017578125
68079203582763,0.09237653017044067,-0.5537796020507813,-2.068723678588867
68079223114013,-0.26879870891571045,-0.33917030692100525,-3.5147199630737305
68079243164062,-0.12486386299133301,0.12183722853660583,-4.679782867431641
68079262878417,0.5984835624694824,0.6237483024597168,-5.392253875732422
68079282653808,1.2220035791397095,0.9767032265663147,-5.002934455871582
68079302429199,1.1559633016586304,1.09840726852417,-4.601467132568359
68079322265625,0.7546844482421875,1.2146697044372559,-5.074579238891602
68079341979980,0.6271812319755554,1.172580361366272,-5.438142776489258
68079361755371,0.9922699928283691,0.9652159214019775,-4.318281173706055
68079381530761,0.7619823217391968,0.16571539640426636,-1.0696439743041992
68079401306152,-0.31896185874938965,-0.5664865374565125,-0.06190204620361328
68079421081542,-0.7080898880958557,-0.5937271118164063,-0.2321920394897461
68079440856933,-0.28427761793136597,-0.20978641510009766,-0.22303199768066406
68079460632324,-0.9047015905380249,-0.11760467290878296,1.7322702407836914
68079480438232,-1.6054719686508179,-0.37688735127449036,3.331578254699707
68079500213623,-0.43866515159606934,-0.002882435917854309,2.8065404891967773
68079519958496,1.1103522777557373,0.3472668528556824,1.878854751586914
68079539733886,1.1423358917236328,0.6069842576980591,3.55987548828125
68079559539794,1.0390830039978027,0.2916945815086365,5.221440315246582
68079579315185,1.36577570438385,-0.17970621585845947,7.122542381286621
68079599090576,2.5879006385803223,-0.06813520193099976,6.317451477050781
68079618865966,4.763855934143066,0.6772710084915161,3.781747817993164
68079638641357,4.836908340454102,0.44634178280830383,2.2687301635742188
68079658447265,2.6826322078704834,-0.2711624801158905,1.9053354263305664
68079678222656,0.6368945837020874,-0.756956934928894,0.803339958190918
68079697998046,-0.44591397047042847,-0.6309096813201904,-1.4127769470214844
68079717742919,-0.8179939985275269,-0.3183942437171936,-3.576549530029297
68079737518310,-0.5352123975753784,-0.26726657152175903,-3.7899131774902344
68079757324218,-0.4123643636703491,-0.3933714032173157,-2.9267196655273438
68079777069091,-0.011659771203994751,-0.07935577630996704,-1.9779434204101563
68079796844482,0.1238095760345459,0.4123228192329407,-1.947321891784668
68079816619873,0.061351120471954346,0.7338449954986572,-3.6869935989379883
68079836395263,0.2921381890773773,0.8246065974235535,-5.299164772033691
68079856170654,0.14071938395500183,0.649450421333313,-4.523755073547363
68079875946044,-0.6817081570625305,-0.08394646644592285,-3.1472463607788086
68079895721435,-1.3172622919082642,-0.5886428952217102,-3.026325225830078
68079916168212,-0.6446803212165833,-0.25609922409057617,-2.558152198791504
68079935943603,-0.09884317964315414,0.2211724817752838,-1.4158172607421875
68079955718994,-0.21468186378479004,0.052494823932647705,0.8967809677124023
68079975494384,-0.36452728509902954,-0.3516855835914612,2.8839292526245117
68079995269775,0.070018470287323,-0.06650152802467346,2.708693504333496
68080015014648,0.6034208536148071,0.3520468771457672,2.275029182434082
68080034790039,1.184494137763977,0.47451749444007874,2.920954704284668
68080054565429,0.030249953269958496,0.15776389837265015,6.749988555908203
68080074371337,-1.2276915311813354,0.7798370718955994,8.735883712768555
68080094116210,-1.0633167028427124,1.8494220972061157,1.9652166366577148
68080113891601,-0.437677264213562,1.9150488376617432,1.6742286682128906
68080133666992,-0.9879505634307861,0.32713407278060913,6.166064262390137
68080153442382,-1.7380976676940918,-1.208035945892334,6.7941389083862305
68080173217773,-1.1544253826141357,-1.3279448747634888,3.2515668869018555
68080192993164,-0.20286285877227783,-1.1812119483947754,0.6358785629272461
68080212768554,0.041513800621032715,-0.8377017378807068,0.16550350189208984
68080232543945,-0.23050469160079956,-1.14863121509552,-1.969801902770996
68080252319335,-0.5466606616973877,-1.63510000705719,-2.7380552291870117
68080272094726,-0.27425819635391235,-1.6923762559890747,-1.2886285781860352
68080291870117,-0.09167945384979248,-1.5423418283462524,-0.9695034027099609
68080311645507,-0.03082817792892456,-1.2857786417007446,-2.0092039108276367
68080331420898,-0.303483247756958,-1.4037193059921265,-2.929795265197754
68080351196289,0.010074138641357422,-0.9771992564201355,-3.1406803131103516
68080370971679,1.150400161743164,-0.384563684463501,-3.3062429428100586
68080390716552,1.3475226163864136,-0.017393924295902252,-2.766045570373535
68080410491943,0.6177065372467041,-0.14457209408283234,-2.8732709884643555
68080430267333,0.5372052788734436,0.3441043496131897,-3.974837303161621
68080450042724,0.8836660385131836,0.9126044511795044,-5.34858512878418
68080469818115,1.1961348056793213,0.936924397945404,-5.332588195800781
68080489593505,0.9410591125488281,0.8924232721328735,-3.857821464538574
68080509368896,0.4340628981590271,0.7060009241104126,-2.526723861694336
68080529205322,0.39044189453125,0.9490242600440979,-1.7589483261108398
68080548919677,0.7331460118293762,1.0134034156799316,-2.518612861633301
68080568695068,1.3430547714233398,1.050380825996399,-2.3016319274902344
68080588500976,1.2175922393798828,0.9872156977653503,-1.1497163772583008
68080608245849,0.2854684591293335,0.7284495830535889,1.3797492980957031
68080628021240,-0.4116359353065491,0.9917743802070618,2.959845542907715
68080647796630,0.3930675983428955,1.4292312860488892,1.442612648010254
68080667572021,1.3165838718414307,0.7964893579483032,2.7292861938476563
68080687347412,0.6493233442306519,-0.5500527620315552,6.668337821960449
68080707122802,-0.8936896324157715,-1.9550678730010986,8.227230072021484
68080727172851,-0.860770583152771,-2.067761182785034,7.398306846618652
68080746612548,0.7078456878662109,-1.7282074689865112,6.498595237731934
68080766357421,3.212120771408081,-0.8380141854286194,6.15108585357666
68080786163330,3.4212417602539063,-0.27460867166519165,3.4284305572509766
68080805938720,2.5678977966308594,0.07066065073013306,0.059258460998535156
68080825714111,1.2745144367218018,0.15185478329658508,-2.4089155197143555
68080845489501,0.43995794653892517,0.018484801054000854,-3.287364959716797
68080865264892,0.10503286123275757,-0.20949813723564148,-3.8324222564697266
68080885040283,0.33766070008277893,-0.10020610690116882,-3.674814224243164
68080904815673,0.5981713533401489,0.09298151731491089,-3.5584793090820313
68080924591064,0.6498506665229797,0.40249431133270264,-3.8952579498291016
68080944580078,0.4261990487575531,0.32395583391189575,-4.344542503356934
68080964233398,0.26079726219177246,0.3553732931613922,-3.853473663330078
68080984008789,0.6664068698883057,0.4995304048061371,-3.4147186279296875
68081003784179,0.8448448777198792,-0.12572619318962097,-3.3131637573242188
68081023529052,1.4260773658752441,-0.2592187821865082,-3.0850744247436523
68081043334960,0.6526767611503601,-0.8059720993041992,-2.1092357635498047
68081063110351,-0.008899658918380737,-0.7223736643791199,-0.25017261505126953
68081082885742,-0.8623266220092773,-0.5805526971817017,1.0186471939086914
68081102630615,-0.5619068145751953,0.5012964010238647,-0.35555267333984375
68081122344970,-0.20807483792304993,1.7958942651748657,-1.0784730911254883
68081142181396,-0.840474545955658,2.2962825298309326,0.009240150451660156
68081161956787,-1.5416293144226074,2.236908435821533,2.2475881576538086
68081181762695,-1.914369821548462,1.8168044090270996,4.5638885498046875
68081201507568,-2.1329946517944336,2.02278733253479,6.584816932678223
68081221313476,-1.8719217777252197,2.726619243621826,5.718238830566406
68081241058349,-0.7249043583869934,2.2148454189300537,6.198492050170898
68081260803222,-0.8349560499191284,0.16401249170303345,8.491146087646484
68081280639648,-1.585465908050537,-1.4801193475723267,6.994636535644531
68081300415039,-1.1885566711425781,-1.4885385036468506,3.312755584716797
68081320190429,-0.27403509616851807,-1.5033808946609497,0.21619701385498047
68081339965820,0.1109001636505127,-2.3029580116271973,1.044020652770996
68081359741210,0.05669999122619629,-2.684631586074829,1.9260196685791016
68081379516601,-0.10693830251693726,-2.628422498703003,0.7567062377929688
68081399291992,-0.05572950839996338,-2.2019121646881104,-1.343684196472168
68081419067382,0.11939799785614014,-1.290083885192871,-3.2705326080322266
68081438842773,0.05653119087219238,-1.029034972190857,-4.033235549926758
68081458618164,-0.006119966506958008,-1.2907519340515137,-3.686105728149414
68081478424072,0.33501362800598145,-1.2645119428634644,-2.9528894424438477
68081498168945,0.9878084063529968,-0.7084355354309082,-2.623171806335449
68081517822265,1.3117525577545166,-0.12341225892305374,-2.9781112670898438
68081537597656,1.6791396141052246,0.5904591679573059,-3.551693916320801
68082110839843,-0.7693526148796082,0.7608944177627563,-4.677463531494141
68082130187988,-0.3503626585006714,0.7739979028701782,-3.528693199157715
68082150604248,0.19216932356357574,0.9200466871261597,-2.6208858489990234
68082170379638,0.07097402215003967,1.0394916534423828,-1.6876726150512695
68082190093994,0.03988412022590637,1.2573333978652954,-1.2516508102416992
68082209960937,0.1859380006790161,1.5817532539367676,-0.31005287170410156
68082229705810,0.3527030646800995,1.8885366916656494,-1.0256843566894531
68082249481201,0.015782594680786133,1.9041244983673096,-0.7948579788208008
68082269256591,0.1922977864742279,2.044558048248291,-0.07270431518554688
68082289031982,0.5187420845031738,1.5311517715454102,1.1836776733398438
68082308715820,-0.3628990054130554,0.48044291138648987,3.0322113037109375
68082328582763,-1.40566885471344,0.5324337482452393,4.367276191711426
68082348327636,-0.41351354122161865,0.7916146516799927,4.1428117752075195
68082368103027,0.6398151516914368,0.04113495349884033,6.516510009765625
68082387847900,-0.3965103328227997,-1.9886006116867065,9.444069862365723
68082407653808,-1.1790125370025635,-3.532474994659424,8.34096622467041
68082427429199,-0.7307624816894531,-2.535970687866211,5.126646041870117
68082447204589,-0.5914040803909302,-1.9952095746994019,3.2941579818725586
68082466918945,-0.6354817152023315,-1.545183539390564,1.5746879577636719
68082486755371,-0.5971634387969971,-1.0797367095947266,-0.8380708694458008
68082506500244,-0.5973409414291382,-1.0524457693099976,-2.329503059387207
68082526245117,-0.3347213864326477,-1.2963340282440186,-2.3580121994018555
68082546081542,-0.3620302677154541,-1.393141746520996,-1.9645318984985352
68082565856933,-0.2911643385887146,-1.2764534950256348,-2.1886978149414063
68082585632324,-0.24001014232635498,-0.9523037075996399,-3.2144813537597656
68082605407714,-0.20669090747833252,-0.6374085545539856,-3.936661720275879
68082625183105,0.3462834358215332,0.12347324192523956,-4.2717437744140625
68082644927978,0.8817570805549622,0.5646257400512695,-4.894172668457031
68082664672851,0.9865521192550659,0.8096228241920471,-4.982560157775879
68082684478759,0.967319130897522,0.9121829867362976,-4.906393051147461
68082704284667,0.8829680681228638,0.8957852125167847,-4.720987319946289
68082723968505,0.49612993001937866,0.6348788738250732,-4.460518836975098
68082743835449,0.14410874247550964,0.5261402130126953,-3.8254995346069336
68082763610839,0.292249470949173,0.5235637426376343,-2.555844306945801
68082783782958,0.4165504276752472,0.3107680082321167,-0.8301906585693359
68082803100585,0.41923484206199646,0.06603875756263733,1.5159788131713867
68082822937011,0.20732825994491577,-0.11076591908931732,2.1641674041748047
68082842712402,-0.16665980219841003,0.12512865662574768,1.9503421783447266
68082862426757,-0.15157455205917358,0.8049901723861694,2.698653221130371
68082882263183,-0.08776912093162537,1.4304707050323486,4.569108009338379
68082902038574,-0.06296616792678833,1.3579343557357788,3.6918535232543945
68082921813964,-0.2935342788696289,1.2103002071380615,2.6871795654296875
68082941619873,-0.4060186743736267,0.6769598722457886,4.619348526000977
68082961395263,-0.9235198497772217,-0.37271028757095337,5.491028785705566
68082981170654,-0.14633476734161377,-1.0135053396224976,6.3483686447143555
68083000885009,2.090078353881836,-0.8287444114685059,4.433916091918945
68083020721435,3.831256628036499,-0.5518580675125122,3.152186393737793
68083040496826,3.703141212463379,-0.7547870874404907,2.0483627319335938
68083060272216,2.412860631942749,-1.2135981321334839,0.14911270141601563
68083080047607,1.4567257165908813,-1.0849003791809082,-1.9670829772949219
68083099822998,0.7372994422912598,-0.950481116771698,-3.332423210144043
68083119598388,0.30583059787750244,-0.6880559325218201,-3.7582616806030273
68083139373779,0.23390501737594604,-0.41769808530807495,-3.998401641845703
68083159149169,0.5905513763427734,0.027363106608390808,-4.4774675369262695
68083178924560,0.7551295757293701,0.40258365869522095,-4.315088272094727
68083198699951,0.4448142647743225,0.5642309188842773,-4.611331939697266
68083218475341,0.1922033429145813,0.6819123029708862,-4.547574996948242
68083238250732,0.3890063762664795,0.7002844214439392,-4.248852729797363
68083258026123,0.5585647821426392,0.8920453786849976,-3.9454355239868164
68083277801513,0.5309233665466309,0.7511093616485596,-1.7820959091186523
68083297576904,0.28434574604034424,0.7617291212081909,-0.7218217849731445
68083317352294,0.229200541973114,1.0032140016555786,-0.6271095275878906
68083337127685,0.03028470277786255,1.483170509338379,-0.5469236373901367
68083356903076,-0.6866493821144104,1.5588715076446533,1.7785634994506836
68083376678466,-0.48175978660583496,1.9177861213684082,3.1343555450439453
68083396453857,-0.2891112267971039,2.1119134426116943,2.223695755004883
68083416229248,-0.3448325991630554,1.8272271156311035,1.821578025817871
68083436004638,0.31734949350357056,1.3306915760040283,4.036787033081055
68083455780029,0.019300907850265503,0.5387719869613647,6.849708557128906
68083475555419,-0.6342802047729492,0.4410216212272644,4.385180473327637
68083495330810,0.3615618050098419,1.0011292695999146,2.624225616455078
68083515106201,0.5002868175506592,-0.17076121270656586,4.571589469909668
68083534881591,0.8384062051773071,-1.3710204362869263,5.756330490112305
68083554687500,1.0082730054855347,-1.8300559520721436,4.261325836181641
68083574432373,1.1002833843231201,-1.8662636280059814,1.1356678009033203
68083594207763,0.8777148723602295,-1.988202691078186,-0.011578559875488281
68083613983154,0.6057701706886292,-1.7463643550872803,0.6552591323852539
68083633789062,0.49799829721450806,-1.5376036167144775,-0.49391651153564453
68083653564453,0.3022778332233429,-1.4308080673217773,-1.4885282516479492
68083673339843,0.16413375735282898,-1.4747875928878784,-1.6508369445800781
68083693115234,0.2279340922832489,-1.3488794565200806,-1.6530170440673828
68083712860107,0.6385459303855896,-0.9460781812667847,-2.1009368896484375
68083732635498,0.6189877986907959,-0.6615234613418579,-2.858163833618164
68083752441406,0.6121715307235718,-0.10758283734321594,-4.048000335693359
68083772064208,0.8303520679473877,0.25195595622062683,-5.1004486083984375
68122188293457,-0.6722588539123535,-1.8317060470581055,-0.36023521423339844
68122207366943,-0.2213425636291504,-0.6827970743179321,-0.2816896438598633
68122227874755,-1.9681531190872192,-1.014772653579712,1.291189193725586
68122247680664,0.7665287256240845,-0.7352654933929443,-1.0354204177856445
68122267028808,-0.8220343589782715,0.2888917922973633,0.6735658645629883
68122287322998,0.6536177396774292,0.6576939821243286,0.2678804397583008
68122307128906,0.08621788024902344,0.4734715223312378,-1.8519001007080078
68122327117919,1.2248241901397705,0.9970005750656128,-1.524979591369629
68122346740722,2.1106486320495605,1.149970293045044,-0.9331064224243164
68122366546630,1.634831190109253,0.3871570825576782,1.577326774597168
68122385803222,1.2108111381530762,0.27418243885040283,1.9587488174438477
68122405548095,0.7770583033561707,0.29182958602905273,0.29570484161376953
68122425323486,0.8412749767303467,0.6720527410507202,-0.40561485290527344
68122445159912,0.5309252142906189,0.6258955597877502,-0.06658744812011719
68122464965820,0.21383345127105713,0.533024787902832,-0.6515703201293945
68122484771728,-0.09589076042175293,0.38557785749435425,-0.3029060363769531
68122504577636,-0.2106536626815796,0.24268388748168945,0.10360431671142578
68122524383544,-0.07691937685012817,0.2465394139289856,0.6149158477783203
68122544219970,-0.23029035329818726,0.28900039196014404,1.1741456985473633
68122564025878,-0.5954537391662598,0.22625643014907837,0.9129972457885742
68122583831787,0.0501178503036499,0.6436899900436401,0.8600196838378906
68122603637695,0.31733453273773193,0.7138143181800842,0.6273469924926758
68122623443603,0.19740581512451172,0.5754399299621582,1.1637458801269531
68122643280029,-0.02459847927093506,0.24689394235610962,0.9349746704101563
68122663085937,0.1577824354171753,0.26664823293685913,0.6933383941650391
68122682891845,0.4738583564758301,0.41187596321105957,-0.06293487548828125
68122702728271,0.9493554830551147,0.6295165419578552,-0.5317096710205078
68122722534179,0.9783587455749512,0.6397162675857544,-0.6215620040893555
68122742340087,0.8619537353515625,0.2775499224662781,-0.24504852294921875
68122762145996,0.7930774688720703,0.11521455645561218,0.30788707733154297
68122782012939,0.5524280071258545,-0.03590595722198486,0.5950288772583008
68122801788330,0.2379680871963501,-0.2648407518863678,1.5226411819458008
68122821594238,0.18258613348007202,-0.2826153337955475,1.4375362396240234
68122841400146,-0.06804871559143066,-0.2025536298751831,0.6568088531494141
68122861236572,-0.19316744804382324,-0.06576156616210938,-0.1296558380126953
68122881042480,-0.18283414840698242,0.03275424242019653,-0.44810009002685547
68122900848388,-0.09142404794692993,1.3775736093521118,-2.9488391876220703
68122920654296,0.6787647008895874,1.0994837284088135,-3.5735368728637695
68122940490722,0.46525776386260986,0.3136233687400818,-2.7224626541137695
68122960296630,0.038019776344299316,-0.7634515762329102,1.718902587890625
68122980133056,-0.37019598484039307,-1.2928029298782349,4.920595169067383
68122999938964,-0.4138578176498413,-0.9512119293212891,4.13669490814209
68123019744873,-0.18916577100753784,-0.22407454252243042,1.9242477416992188
68123039550781,0.1433609127998352,0.44669461250305176,1.0796804428100586
68123059356689,0.20400255918502808,0.4777834117412567,-0.20328140258789063
68123079193115,0.4324672222137451,0.6612358093261719,-0.9825458526611328
68123098999023,0.407085657119751,0.5611547231674194,-1.1916694641113281
68123118835449,0.2919217348098755,0.6434382200241089,-1.5113592147827148
68123138610839,0.08794587850570679,0.42647111415863037,-0.5250844955444336
68123158416748,-0.12029248476028442,0.09027224779129028,-0.2650938034057617
68123178222656,-0.02818596363067627,0.03765922784805298,-0.3923635482788086
68123198059082,0.018144309520721436,-0.08484804630279541,0.16028213500976563
68123217864990,-0.07541465759277344,-0.1736580729484558,0.1793365478515625
68123237670898,0.13147813081741333,0.03970593214035034,0.044300079345703125
68123257507324,0.4278257489204407,0.43279165029525757,-0.07157611846923828
68123277313232,0.19651830196380615,0.395111620426178,-0.1728506088256836
68123297119140,0.27523696422576904,0.4479292631149292,0.24277210235595703
68123316955566,0.27385884523391724,0.4618633985519409,0.13300514221191406
68123336761474,0.4376298189163208,0.4766564965248108,0.11622810363769531
68123356597900,0.41833221912384033,0.31091833114624023,0.4431123733520508
68123376403808,0.4296756982803345,0.23894500732421875,0.1888446807861328
68123396209716,0.5482878684997559,0.2569252848625183,0.1684732437133789
68123416046142,0.46930861473083496,0.19497573375701904,0.2856330871582031
68123435852050,0.4421369433403015,0.23394733667373657,0.009503364562988281
68123455688476,0.30618584156036377,0.23476117849349976,0.007813453674316406
68123475463867,0.2761414647102356,0.3526496887207031,-0.32747459411621094
68123495300292,0.23535948991775513,0.3895171284675598,-0.2708559036254883
68123515106201,0.4016993045806885,0.5083224177360535,-0.16830158233642578
68123534912109,0.5077205300331116,0.6362204551696777,-0.197265625
68123554748535,0.31404417753219604,0.4188860058784485,0.18103694915771484
68123574554443,0.33822035789489746,0.4187123775482178,0.19777393341064453
68123594360351,0.4646760821342468,0.46640491485595703,0.20781612396240234
68123614196777,0.48302972316741943,0.46021997928619385,0.06911087036132813
68123634002685,0.3362308144569397,0.33111363649368286,0.2801971435546875
68123653808593,0.29246002435684204,0.3081153631210327,0.3786888122558594
68123673645019,0.18487003445625305,0.2656251788139343,0.12241554260253906
68123693450927,0.11440777778625488,0.25146484375,0.09824085235595703
68123713256835,0.13377845287322998,0.2327936887741089,0.14880847930908203
68123733093261,0.26329800486564636,0.2736634612083435,-0.1194925308227539
68123752899169,0.8206064105033875,0.25315117835998535,-3.415294647216797
68123772735595,-0.2858676612377167,-0.2805398106575012,-0.31926441192626953
68123792510986,0.9074752926826477,0.3896522521972656,3.2097034454345703
68123812347412,0.45309677720069885,0.21548980474472046,1.3784675598144531
68123832153320,0.42442503571510315,0.725538432598114,1.3248472213745117
