71878745788574,-0.7339703440666199,2.3905980587005615,9.482442855834961
71878765594482,-0.3386455178260803,2.3216443061828613,9.521852493286133
71878785400390,0.04349146783351898,2.367367744445801,9.516515731811523
71878805206298,0.3594045639038086,2.3539557456970215,9.513154983520508
71878825012207,0.775456428527832,2.0564239025115967,9.557205200195313
71878844818115,1.5579429864883423,1.6388399600982666,9.542400360107422
71878864593505,2.8073666095733643,1.2770057916641235,9.309045791625977
71878884368896,4.409272193908691,1.1917890310287476,8.678038597106934
71878904205322,6.021685600280762,1.2548259496688843,7.637742042541504
71878923980712,7.437893867492676,0.984433650970459,6.314983367919922
71878943786621,8.467905044555664,0.14008229970932007,4.944222927093506
71878963562011,9.080415725708008,-1.0053119659423828,3.5645172595977783
71878983337402,9.255395889282227,-2.2188303470611572,2.3632211685180664
71879003143310,9.120081901550293,-3.3208696842193604,1.4022513628005981
71879022949218,8.726106643676758,-4.391929626464844,0.8581437468528748
71879042755126,8.193557739257813,-5.32542610168457,0.8220981359481812
71879062561035,7.685910701751709,-6.019435405731201,0.9292828440666199
71879082336425,7.307808876037598,-6.495782375335693,0.7557269334793091
71879102142333,6.991921424865723,-6.874815940856934,0.14257320761680603
71879121948242,6.702861785888672,-7.139172077178955,-0.5236900448799133
71879141723632,6.560107707977295,-7.263225078582764,-0.6171999573707581
71879161529541,6.525505542755127,-7.317833423614502,-0.193608820438385
71879181335449,6.532159805297852,-7.3121771812438965,0.1825953871011734
71879201141357,6.6773905754089355,-7.172739028930664,0.3669617474079132
71879220947265,6.936824798583984,-6.911787986755371,0.5272927284240723
71879240722656,7.213407516479492,-6.612682342529297,0.6399796009063721
71879260528564,7.479012966156006,-6.310421466827393,0.642907977104187
71879280303955,7.7132744789123535,-6.033972263336182,0.5166918039321899
71879300109863,7.970332145690918,-5.702852249145508,0.34879961609840393
71879319946289,8.226223945617676,-5.3312907218933105,0.2774275839328766
71879339752197,8.462126731872559,-4.952584266662598,0.18626677989959717
71879359497070,8.669150352478027,-4.584143161773682,0.043015673756599426
71879379333496,8.870333671569824,-4.1807122230529785,-0.09598656743764877
71879399139404,9.076177597045898,-3.707725763320923,-0.21484783291816711
71879418914794,9.293310165405273,-3.1189074516296387,-0.27784106135368347
71879438781738,9.464459419250488,-2.555006504058838,-0.2575635612010956
71879458526611,9.553518295288086,-2.2018051147460938,-0.2296421378850937
71879478332519,9.604852676391602,-1.9652178287506104,-0.23475106060504913
71879498138427,9.64194107055664,-1.772416591644287,-0.2488037794828415
71879517944335,9.66285228729248,-1.656436800956726,-0.2364184707403183
71879537719726,9.654070854187012,-1.705854058265686,-0.24364052712917328
71879557525634,9.60595417022705,-1.9459869861602783,-0.33041688799858093
71879577331542,9.539803504943848,-2.189587354660034,-0.6068184971809387
71879597106933,9.457998275756836,-2.467625141143799,-0.7921397686004639
71879616912841,9.366299629211426,-2.806191921234131,-0.7537316083908081
71879636718750,9.262431144714355,-3.1602187156677246,-0.6251140236854553
71879656524658,9.151540756225586,-3.493375301361084,-0.4647793471813202
71879676330566,9.014582633972168,-3.844801664352417,-0.35381773114204407
71879696136474,8.833709716796875,-4.237914085388184,-0.41957956552505493
71879715942382,8.626838684082031,-4.631139755249023,-0.5482622385025024
71879735748291,8.465012550354004,-4.923844337463379,-0.5193319320678711
71879755523681,8.353829383850098,-5.127425193786621,-0.30566102266311646
71879775329589,8.288076400756836,-5.241936683654785,0.016720077022910118
71879795135498,8.273877143859863,-5.256463050842285,0.2879960536956787
71879814941406,8.280418395996094,-5.230995178222656,0.4916885197162628
71879834716796,8.27513313293457,-5.22670841217041,0.6116328239440918
71879854522705,8.279003143310547,-5.231963634490967,0.5050132870674133
71879874328613,8.307316780090332,-5.204763412475586,0.2632962763309479
71879894134521,8.360559463500977,-5.124325275421143,0.11275961995124817
71879913909912,8.444487571716309,-4.985799312591553,-0.053127359598875046
71879933715820,8.5390043258667,-4.812588691711426,-0.3078809976577759
71879953521728,8.597747802734375,-4.669890403747559,-0.6642664074897766
71879973327636,8.599909782409668,-4.592507362365723,-1.0586854219436646
71879993133544,8.587645530700684,-4.5355730056762695,-1.3606253862380981
71880012908935,8.57831859588623,-4.483648300170898,-1.5747195482254028
71880032714843,8.556234359741211,-4.453789710998535,-1.7677669525146484
71880052520751,8.453022956848145,-4.530220031738281,-2.0479021072387695
71880072326660,8.26578426361084,-4.680817127227783,-2.4366278648376465
71880092102050,8.07634449005127,-4.7821221351623535,-2.841541051864624
71880111907958,7.9715070724487305,-4.840219020843506,-3.032778263092041
71880131713867,7.828243732452393,-4.992751121520996,-3.1561715602874756
71880151489257,7.633513450622559,-5.196305751800537,-3.3012514114379883
71880171295166,7.46944522857666,-5.448375225067139,-3.270012378692627
71880191101074,7.445069313049316,-5.574347496032715,-3.1093380451202393
71880210876464,7.499282360076904,-5.627347946166992,-2.874736785888672
71880230682373,7.579018592834473,-5.619630813598633,-2.6736881732940674
71880250488281,7.648254871368408,-5.574436664581299,-2.569093942642212
71880270324707,7.724205493927002,-5.460268497467041,-2.5869882106781006
71880290100097,7.895764350891113,-5.208489894866943,-2.588228464126587
71880309906005,8.175424575805664,-4.7693586349487305,-2.5663273334503174
71880329711914,8.438132286071777,-4.265060901641846,-2.6033754348754883
71880349487304,8.625041007995605,-3.812725782394409,-2.691129446029663
71880369323730,8.78129768371582,-3.311365842819214,-2.8450050354003906
71880389099121,8.926141738891602,-2.667858839035034,-3.06217360496521
71880408905029,9.053441047668457,-1.951811671257019,-3.224285840988159
71880428741455,9.139301300048828,-1.3046131134033203,-3.3078010082244873
71880448516845,9.171732902526855,-0.8746588230133057,-3.359266996383667
71880468322753,9.26801872253418,-0.6456055045127869,-3.139650344848633
71880488128662,9.473379135131836,-0.6018110513687134,-2.462376832962036
71880507904052,9.60073184967041,-0.5922403931617737,-1.9093399047851563
71880527709960,9.601641654968262,-0.646772563457489,-1.8869390487670898
71880547515869,9.560619354248047,-0.730297327041626,-2.0570878982543945
71880567291259,9.547745704650879,-0.9581218361854553,-2.0231006145477295
71880587097167,9.532149314880371,-1.4505552053451538,-1.7900867462158203
71880606903076,9.411158561706543,-2.195436477661133,-1.667495846748352
71880626678466,9.122779846191406,-3.1063568592071533,-1.8154395818710327
71880646545410,8.730844497680664,-4.03607177734375,-1.9112471342086792
71880666290283,8.291099548339844,-4.916945934295654,-1.803245186805725
71880686096191,7.801225185394287,-5.737605571746826,-1.5463343858718872
71880705871582,7.348301887512207,-6.394215106964111,-1.1343977451324463
71880725708007,7.076185703277588,-6.755114555358887,-0.682936429977417
71880745483398,6.997708320617676,-6.864321231842041,-0.2890631854534149
71880765289306,6.985737323760986,-6.882129669189453,0.07844946533441544
71880785064697,6.9209513664245605,-6.932377338409424,0.46148166060447693
71880804870605,6.76627254486084,-7.052202224731445,0.8089412450790405
71880824676513,6.5680155754089355,-7.205495834350586,1.054696798324585
71880844482421,6.378467559814453,-7.348397254943848,1.2192583084106445
71880864288330,6.13733434677124,-7.521226406097412,1.3909207582473755
71880884063720,5.765058517456055,-7.769833087921143,1.6013048887252808
71880903869628,5.241866111755371,-8.09215259552002,1.791725754737854
71880923645019,4.618188858032227,-8.450691223144531,1.8516324758529663
71880943450927,3.9914438724517822,-8.796865463256836,1.689357876777649
71880963256835,3.3838722705841064,-9.101642608642578,1.3710917234420776
71880983032226,2.7902634143829346,-9.339495658874512,1.0763989686965942
71881002838134,2.322631359100342,-9.484910011291504,0.9012450575828552
71881022644042,2.1447913646698,-9.537724494934082,0.7759338021278381
71881042449951,2.2206239700317383,-9.536985397338867,0.5339701175689697
71881062255859,2.2884769439697266,-9.534605979919434,0.156660795211792
71881082031250,2.308839797973633,-9.520547866821289,-0.4458667039871216
71881101837158,2.3695871829986572,-9.446568489074707,-1.1479476690292358
71881121643066,2.464634656906128,-9.328143119812012,-1.755478858947754
71881141418457,2.599515914916992,-9.20432186126709,-2.1664180755615234
71881161224365,2.749559164047241,-9.104159355163574,-2.3926117420196533
71881181030273,2.878218412399292,-9.027270317077637,-2.5287601947784424
71881200836181,2.990922212600708,-8.95768928527832,-2.6428346633911133
71881220611572,3.0670104026794434,-8.87620735168457,-2.8243167400360107
71881240417480,3.0210657119750977,-8.776872634887695,-3.1638667583465576
71881260192871,2.819786787033081,-8.660083770751953,-3.6362249851226807
71881279998779,2.551388740539551,-8.524003028869629,-4.123370170593262
71881299774169,2.357022762298584,-8.354530334472656,-4.562527656555176
71881319580078,2.301604747772217,-8.151801109313965,-4.941775321960449
71881339385986,2.3331918716430664,-7.972352981567383,-5.212311744689941
71881359191894,2.356679916381836,-7.8952765464782715,-5.317994117736816
71881378967285,2.3483848571777344,-7.953409194946289,-5.234382152557373
71881398773193,2.2817301750183105,-8.142992973327637,-4.965456008911133
71881418548583,2.170480489730835,-8.46232795715332,-4.455155849456787
71881438354492,2.072232961654663,-8.846067428588867,-3.6909797191619873
71881458129882,2.4145216941833496,-8.938483238220215,-3.231717348098755
71881477935791,3.316696882247925,-8.70772647857666,-3.0570242404937744
71881497741699,4.214476585388184,-8.35792064666748,-2.9246766567230225
71881517547607,4.860753536224365,-7.963559150695801,-3.0207924842834473
71881537353515,5.220342636108398,-7.694024562835693,-3.1177542209625244
71881557128906,5.320537567138672,-7.675670146942139,-2.9910452365875244
71881576934814,5.1414313316345215,-7.914844512939453,-2.6629512310028076
71881596740722,4.73237943649292,-8.31213092803955,-2.1641297340393066
71881616516113,4.3648505210876465,-8.633304595947266,-1.6076427698135376
71881636322021,4.218074798583984,-8.776287078857422,-1.164055347442627
71881656127929,4.219990253448486,-8.806843757629395,-0.8953052759170532
71881675933837,4.240915298461914,-8.807182312011719,-0.786493182182312
71881695709228,4.215206623077393,-8.820517539978027,-0.7751712203025818
71881715515136,4.1166839599609375,-8.863520622253418,-0.8132058382034302
71881735290527,3.975994825363159,-8.922096252441406,-0.8706571459770203
71881755126953,3.8658530712127686,-8.960301399230957,-0.9687939882278442
71881774902343,3.8365187644958496,-8.95753002166748,-1.1018959283828735
71881794677734,3.836435556411743,-8.94614315032959,-1.191080927848816
71881814483642,3.8114161491394043,-8.964022636413574,-1.135690450668335
71881834289550,3.7745816707611084,-9.007219314575195,-0.8904594779014587
71881854156494,3.749901056289673,-9.049656867980957,-0.46080559492111206
71881873870849,3.713099956512451,-9.075883865356445,0.10776279121637344
71881893676757,3.6213953495025635,-9.082202911376953,0.7546414732933044
71881913452148,3.458195447921753,-9.06637191772461,1.4185113906860352
71881933258056,3.2140021324157715,-9.018604278564453,2.1225814819335938
71881953063964,2.991171360015869,-8.937113761901855,2.711324453353882
71881972839355,2.887582778930664,-8.904335975646973,2.9231925010681152
71881992645263,2.810296058654785,-8.931709289550781,2.9149937629699707
71882012451171,2.6638615131378174,-8.98828125,2.8783721923828125
71882032226562,2.484929084777832,-9.048622131347656,2.849201202392578
71882052032470,2.35093092918396,-9.10487174987793,2.782952070236206
71882071838378,2.2546002864837646,-9.171175003051758,2.641347646713257
71882091613769,2.170138120651245,-9.248082160949707,2.4359512329101563
71882111419677,2.1553521156311035,-9.314379692077637,2.1833865642547607
71882131225585,2.2299492359161377,-9.376822471618652,1.8091198205947876
71882151031494,2.4024124145507813,-9.41606616973877,1.3177636861801147
71882170806884,2.678030252456665,-9.404800415039063,0.7404521107673645
71882190612792,3.0426886081695557,-9.321992874145508,0.11353249847888947
71882210418701,3.436717987060547,-9.1714448928833,-0.4939230978488922
71882230224609,3.8194475173950195,-8.977466583251953,-0.9936268329620361
71882250030517,4.267841815948486,-8.739921569824219,-1.2528663873672485
71882269805908,4.7305073738098145,-8.488320350646973,-1.3195112943649292
71882289611816,4.994283676147461,-8.30254077911377,-1.5150350332260132
71882309417724,5.090460300445557,-8.146528244018555,-1.9727323055267334
71882329223632,5.2121992111206055,-7.965128421783447,-2.3579859733581543
71882348999023,5.325301647186279,-7.7904438972473145,-2.668433427810669
71882368804931,5.3797831535339355,-7.651973724365234,-2.945439338684082
71882388580322,5.40464448928833,-7.515894889831543,-3.235973834991455
71882408386230,5.4039740562438965,-7.367466449737549,-3.562006950378418
71882428192138,5.349839210510254,-7.244619369506836,-3.881378412246704
71882447998046,5.258442401885986,-7.174319744110107,-4.128960609436035
71882467803955,5.174262523651123,-7.1582441329956055,-4.26109504699707
71882487579345,5.110696315765381,-7.203802108764648,-4.261032581329346
71882507385253,5.0801591873168945,-7.318406105041504,-4.099183559417725
71882527191162,5.076952934265137,-7.508485317230225,-3.744006633758545
71882546966552,5.03132438659668,-7.767983436584473,-3.2426223754882813
71882566772460,4.855109691619873,-8.049920082092285,-2.7923245429992676
71882586547851,4.6121134757995605,-8.142474174499512,-2.9323904514312744
71882606353759,4.705765247344971,-7.991456508636475,-3.1879117488861084
71882626159667,4.996070384979248,-7.848469257354736,-3.100193500518799
71882645965576,5.071228981018066,-7.793442726135254,-3.116934299468994
71882665802001,5.084854602813721,-7.794923305511475,-3.0909242630004883
71882685546875,5.06538200378418,-7.883065223693848,-2.8930208683013916
71882705352783,4.939107894897461,-8.037013053894043,-2.679928779602051
71882725158691,4.770752906799316,-8.168319702148438,-2.5862815380096436
71882744934082,4.663393020629883,-8.235230445861816,-2.569850444793701
71882764739990,4.564578056335449,-8.302643775939941,-2.530043363571167
71882784545898,4.3721232414245605,-8.422551155090332,-2.4729650020599365
71882804351806,4.064339637756348,-8.593137741088867,-2.410294532775879
71882824127197,3.7262868881225586,-8.77104377746582,-2.313864231109619
71882843933105,3.46010160446167,-8.916847229003906,-2.165159225463867
71882863739013,3.273407220840454,-9.032126426696777,-1.968724250793457
71882883514404,3.161302328109741,-9.122653007507324,-1.718651533126831
71882903320312,3.137087821960449,-9.186627388000488,-1.3910200595855713
71882923126220,3.188093900680542,-9.2228364944458,-0.972488284111023
71882942901611,3.2491719722747803,-9.240143775939941,-0.4827256202697754
71882962707519,3.2698872089385986,-9.245382308959961,0.03362604230642319
71882982482910,3.2321739196777344,-9.243907928466797,0.5230783224105835
71883002288818,3.1270132064819336,-9.238960266113281,1.0167487859725952
71883022094726,2.9110515117645264,-9.227836608886719,1.594739317893982
71883041900634,2.5436084270477295,-9.256664276123047,2.0036492347717285
71883061737060,2.2429049015045166,-9.326264381408691,2.039746046066284
71883081481933,2.109147071838379,-9.392292976379395,1.8726236820220947
71883101287841,2.030081033706665,-9.414434432983398,1.8486682176589966
71883121063232,1.9190545082092285,-9.411324501037598,1.9785335063934326
71883140869140,1.798911213874817,-9.390828132629395,2.1786837577819824
71883160644531,1.6768041849136353,-9.368602752685547,2.36389422416687
71883180450439,1.5368207693099976,-9.3661470413208,2.4665491580963135
71883200256347,1.35805082321167,-9.389232635498047,2.4836277961730957
71883220031738,1.1592154502868652,-9.436315536499023,2.4046969413757324
71883239837646,1.0754750967025757,-9.487188339233398,2.2376320362091064
71883259643554,1.2331818342208862,-9.518207550048828,2.0133018493652344
71883279418945,1.593868613243103,-9.51547622680664,1.7566144466400146
71883299224853,2.0702438354492188,-9.483590126037598,1.3949923515319824
71883319030761,2.6077446937561035,-9.407846450805664,0.9286923408508301
71883338836669,3.1600024700164795,-9.273770332336426,0.4265526235103607
71883358642578,3.672248363494873,-9.092926025390625,-0.060685645788908005
71883378448486,4.04946756362915,-8.91666316986084,-0.5150765776634216
71883398223876,4.254143714904785,-8.783442497253418,-0.961139976978302
71883418029785,4.390020847320557,-8.655922889709473,-1.404670238494873
71883437805175,4.535447120666504,-8.5088472366333,-1.7887495756149292
71883457580566,4.782016754150391,-8.30901050567627,-2.0647151470184326
71883477416992,5.14116096496582,-8.018350601196289,-2.333430290222168
71883497222900,5.443724632263184,-7.7163405418396,-2.644679069519043
71883516967773,5.578123092651367,-7.480494499206543,-3.0161454677581787
71883536773681,5.582440376281738,-7.301463603973389,-3.4198505878448486
71883556579589,5.4752936363220215,-7.189524173736572,-3.8081867694854736
71883576385498,5.300268650054932,-7.145880222320557,-4.124794960021973
71883596191406,5.129449367523193,-7.150526523590088,-4.327713489532471
71883615966796,5.008875370025635,-7.196043014526367,-4.393007755279541
71883635772705,4.967103481292725,-7.272387504577637,-4.314006328582764
71883655548095,4.989347457885742,-7.3857293128967285,-4.089963436126709
71883675354003,5.038548946380615,-7.557051658630371,-3.697890043258667
71883695129394,5.074776649475098,-7.774537086486816,-3.1581010818481445
71883714935302,5.002101421356201,-7.974413871765137,-2.7491984367370605
71883734741210,5.013248443603516,-7.950501918792725,-2.7977218627929688
71883754516601,5.198101997375488,-7.72455358505249,-3.079186201095581
71883774322509,5.263321399688721,-7.64738130569458,-3.1599671840667725
71883794097900,5.135121822357178,-7.710360050201416,-3.217337131500244
71883813903808,4.847986221313477,-7.822281837463379,-3.388115406036377
71883833679199,4.468892574310303,-8.00684642791748,-3.4770374298095703
71883853485107,4.307444095611572,-8.1964693069458,-3.2302021980285645
71883873291015,4.296578884124756,-8.330612182617188,-2.882828950881958
71883893066406,4.254969120025635,-8.444354057312012,-2.5997118949890137
71883912872314,4.071996688842773,-8.574592590332031,-2.4628429412841797
71883932647705,3.7181880474090576,-8.748476028442383,-2.410318374633789
71883952453613,3.2788045406341553,-8.951229095458984,-2.3011550903320313
71883972229003,2.9500958919525146,-9.123086929321289,-2.058302640914917
71883992034912,2.805269479751587,-9.248218536376953,-1.6647236347198486
71884011810302,2.7942426204681396,-9.344928741455078,-1.0172985792160034
71884031616210,2.7334108352661133,-9.417004585266113,-0.13739480078220367
71884051422119,2.579083204269409,-9.439408302307129,0.6451959013938904
71884071197509,2.3773906230926514,-9.442533493041992,1.1648849248886108
71884091003417,2.216040849685669,-9.449381828308105,1.4031158685684204
71884110809326,2.1731302738189697,-9.451494216918945,1.4550480842590332
71884130584716,2.186199903488159,-9.440690040588379,1.5047543048858643
71884150390625,2.116713047027588,-9.430322647094727,1.6610044240951538
71884170196533,1.9373269081115723,-9.420310020446777,1.917008638381958
71884190002441,1.6923282146453857,-9.41733169555664,2.149482488632202
71884209777832,1.483866572380066,-9.4237699508667,2.2718021869659424
71884229583740,1.3734252452850342,-9.428398132324219,2.3215065002441406
71884249359130,1.262635350227356,-9.42251968383789,2.4067134857177734
71884269226074,1.0767608880996704,-9.407780647277832,2.5504190921783447
71884288940429,0.8739261627197266,-9.408924102783203,2.622744560241699
71884308746337,0.7374688982963562,-9.447700500488281,2.5233864784240723
71884328552246,0.679058313369751,-9.516937255859375,2.2665350437164307
71884348327636,0.6469861268997192,-9.581347465515137,1.9873522520065308
71884368133544,0.6538090109825134,-9.628809928894043,1.7403860092163086
71884387939453,0.8118507862091064,-9.668811798095703,1.4231559038162231
71884407714843,1.1879254579544067,-9.686212539672852,0.9677292704582214
71884427520751,1.734513282775879,-9.641712188720703,0.44636833667755127
71884447296142,2.3263845443725586,-9.52655029296875,-0.05622022971510887
71884467102050,2.8841309547424316,-9.358101844787598,-0.5273656249046326
71884486907958,3.40655255317688,-9.144197463989258,-0.9743937253952026
71884506683349,3.8718035221099854,-8.920353889465332,-1.2676008939743042
71884526489257,4.213615417480469,-8.736554145812988,-1.4451518058776855
71884546264648,4.420485496520996,-8.586298942565918,-1.7044563293457031
71884566040039,4.596669673919678,-8.410747528076172,-2.0737242698669434
71884585845947,4.803934574127197,-8.22952938079834,-2.316772222518921
71884605621337,5.070613384246826,-8.015569686889648,-2.491968870162964
71884625427246,5.326777935028076,-7.7746262550354,-2.7112741470336914
71884645202636,5.460679531097412,-7.568933010101318,-3.0104188919067383
71884665008544,5.441415786743164,-7.437011241912842,-3.3544368743896484
71884684814453,5.315032482147217,-7.369810104370117,-3.6887285709381104
71884704589843,5.14073371887207,-7.354846954345703,-3.9559409618377686
71884724395751,4.9769673347473145,-7.388621807098389,-4.09981107711792
71884744171142,4.863458633422852,-7.467289447784424,-4.093500137329102
71884763977050,4.810213565826416,-7.579992771148682,-3.946636915206909
71884783752441,4.791833877563477,-7.731022834777832,-3.666059732437134
71884803558349,4.772454738616943,-7.936890125274658,-3.2248778343200684
71884823333740,4.678001880645752,-8.15408706665039,-2.7924094200134277
71884843139648,4.585757255554199,-8.173128128051758,-2.888112783432007
71884862915039,4.660305976867676,-7.949033260345459,-3.3563082218170166
71884882720947,4.772374629974365,-7.800363540649414,-3.5424790382385254
71884902496337,4.691455841064453,-7.817165851593018,-3.612830638885498
71884922302246,4.473025321960449,-7.882965564727783,-3.7445006370544434
71884942077636,4.16801643371582,-8.006366729736328,-3.8335516452789307
71884961883544,4.027579307556152,-8.182141304016113,-3.6057662963867188
71884981689453,4.004733085632324,-8.321908950805664,-3.2982325553894043
71885001464843,3.973558187484741,-8.433638572692871,-3.0421974658966064
71885021270751,3.8166563510894775,-8.564972877502441,-2.871370315551758
71885041046142,3.560529947280884,-8.707517623901367,-2.7698636054992676
71885060821533,3.2736802101135254,-8.846923828125,-2.6805498600006104
71885080627441,3.008018732070923,-8.983561515808105,-2.5333447456359863
71885100402832,2.778057336807251,-9.13948917388916,-2.2186741828918457
71885120208740,2.6411681175231934,-9.306760787963867,-1.6058694124221802
71885139984130,2.5267388820648193,-9.447348594665527,-0.7304644584655762
71885159790039,2.3854944705963135,-9.511527061462402,0.10319967567920685
71885179565429,2.1906001567840576,-9.53292179107666,0.7036073803901672
71885199340820,2.018003225326538,-9.546751976013184,0.978558361530304
71885219146728,1.9699108600616455,-9.555008888244629,0.9958064556121826
71885238952636,1.9992356300354004,-9.551460266113281,0.971108615398407
71885258728027,1.9810333251953125,-9.544086456298828,1.0753238201141357
71885278503417,1.882448434829712,-9.530168533325195,1.342631459236145
71885298339843,1.6912410259246826,-9.513957977294922,1.671736478805542
71885318115234,1.412818431854248,-9.514093399047852,1.9121617078781128
71885337890625,1.1586658954620361,-9.528914451599121,2.006906509399414
71885357696533,1.001259207725525,-9.540322303771973,2.0371832847595215
71885377471923,0.8437699675559998,-9.53433895111084,2.134204626083374
71885397277832,0.6391536593437195,-9.511024475097656,2.3026671409606934
71885417053222,0.45748957991600037,-9.50154972076416,2.383617877960205
71885436859130,0.3628767132759094,-9.529664039611816,2.285653591156006
71885456634521,0.3280614912509918,-9.583316802978516,2.0549445152282715
71885476501464,0.29844626784324646,-9.632586479187012,1.815101146697998
71885496215820,0.3072601854801178,-9.67516803741455,1.5706977844238281
71885516021728,0.47231370210647583,-9.719991683959961,1.212050437927246
71885535827636,0.8828021287918091,-9.738948822021484,0.7375151515007019
71885555603027,1.473394513130188,-9.6921968460083,0.24661846458911896
71885575408935,2.106137752532959,-9.575738906860352,-0.1995098888874054
71885595214843,2.689072370529175,-9.411510467529297,-0.6022799015045166
71885614990234,3.232933759689331,-9.202971458435059,-1.0118556022644043
71885634796142,3.7279112339019775,-8.970134735107422,-1.345268964767456
71885654571533,4.094432830810547,-8.765944480895996,-1.601318359375
71885674377441,4.275477409362793,-8.617290496826172,-1.9060397148132324
71885694183349,4.429649353027344,-8.442861557006836,-2.294924020767212
71885713958740,4.629228591918945,-8.249415397644043,-2.5860748291015625
71885733734130,4.871891975402832,-8.041289329528809,-2.787959575653076
71885753540039,5.077001571655273,-7.819258213043213,-3.0419793128967285
71885773315429,5.190695285797119,-7.605546951293945,-3.373831272125244
71885793121337,5.177041530609131,-7.448537349700928,-3.7266504764556885
71885812927246,5.042174339294434,-7.379798412322998,-4.035521507263184
71885832702636,4.874950408935547,-7.367987155914307,-4.25652551651001
71885852508544,4.741945743560791,-7.393693923950195,-4.360920429229736
71885872314453,4.667914390563965,-7.463939666748047,-4.320946216583252
71885892089843,4.644718170166016,-7.5883564949035645,-4.124782562255859
71885911865234,4.633752822875977,-7.777797222137451,-3.7688989639282227
71885931671142,4.616560459136963,-8.027527809143066,-3.227468729019165
71885951446533,4.523226261138916,-8.265792846679688,-2.717991352081299
71885971252441,4.504863739013672,-8.263113975524902,-2.756363868713379
71885991027832,4.65614128112793,-8.050366401672363,-3.111644983291626
71886010833740,4.768009185791016,-7.9546403884887695,-3.187501907348633
71886030639648,4.736611366271973,-7.9430131912231445,-3.2624292373657227
71886050415039,4.593010902404785,-7.979583263397217,-3.3765196800231934
71886070220947,4.331761360168457,-8.14403247833252,-3.328810691833496
71886090026855,4.078127384185791,-8.400781631469727,-2.9943511486053467
71886109802246,3.922825813293457,-8.573813438415527,-2.696580648422241
71886129608154,3.8597519397735596,-8.66482162475586,-2.4886879920959473
71886149383544,3.71244478225708,-8.752761840820313,-2.403602361679077
71886169189453,3.4325215816497803,-8.859748840332031,-2.4275567531585693
71886188964843,3.0858724117279053,-8.97968578338623,-2.4521474838256836
71886208770751,2.7709476947784424,-9.105260848999023,-2.3635692596435547
71886228576660,2.555356025695801,-9.226018905639648,-2.126293659210205
71886248352050,2.450951099395752,-9.340718269348145,-1.7071099281311035
71886268127441,2.408395290374756,-9.444575309753418,-1.0816690921783447
71886287933349,2.3368587493896484,-9.518365859985352,-0.3319424092769623
71886307708740,2.2353458404541016,-9.542457580566406,0.3392840623855591
71886327514648,2.140719413757324,-9.53446102142334,0.825685977935791
71886347290039,2.09370493888855,-9.516347885131836,1.1072068214416504
71886367095947,2.0656864643096924,-9.499074935913086,1.2926292419433594
71886386871337,1.9514251947402954,-9.489562034606934,1.5200486183166504
71886406677246,1.694624900817871,-9.498225212097168,1.755667805671692
71886426483154,1.4079574346542358,-9.526361465454102,1.8537752628326416
71886446258544,1.2037053108215332,-9.556265830993652,1.843706488609314
71886466064453,1.0774444341659546,-9.564043998718262,1.881104826927185
71886485839843,0.955145001411438,-9.547764778137207,2.024420976638794
71886505645751,0.8070853352546692,-9.50998592376709,2.253700017929077
71886525421142,0.6224019527435303,-9.469626426696777,2.47167706489563
71886545227050,0.44056934118270874,-9.460578918457031,2.544353485107422
71886565002441,0.34138956665992737,-9.49634838104248,2.4234702587127686
71886584808349,0.33025553822517395,-9.552871704101563,2.1917946338653564
71886604614257,0.34532061219215393,-9.606947898864746,1.9384738206863403
71886624389648,0.41326186060905457,-9.661553382873535,1.6291074752807617
71886644195556,0.6369637250900269,-9.714628219604492,1.1792659759521484
71886663970947,1.1020869016647339,-9.723834991455078,0.634677529335022
71886683868408,1.7276244163513184,-9.65267562866211,0.10750971734523773
71886703582763,2.317528247833252,-9.521589279174805,-0.372554749250412
71886723388671,2.8019516468048096,-9.355964660644531,-0.886217474937439
71886743194580,3.292778968811035,-9.1297025680542,-1.4058903455734253
71886762969970,3.795992374420166,-8.884366035461426,-1.681925892829895
71886782775878,4.215595722198486,-8.659981727600098,-1.8449528217315674
71886802581787,4.429778575897217,-8.48796558380127,-2.121765375137329
71886822357177,4.5564656257629395,-8.308107376098633,-2.5267274379730225
71886842132568,4.656071186065674,-8.16238021850586,-2.80480694770813
71886861938476,4.789592266082764,-8.00805377960205,-3.016829252243042
71886881713867,4.949249744415283,-7.807408809661865,-3.2740931510925293
71886901519775,5.047818660736084,-7.610363483428955,-3.5738325119018555
71886921325683,5.045743465423584,-7.4748215675354,-3.851998805999756
71886941131591,4.961855411529541,-7.413370609283447,-4.073366641998291
71886960906982,4.858733177185059,-7.401418209075928,-4.216882705688477
71886980712890,4.780815124511719,-7.430222034454346,-4.25511360168457
71887000488281,4.738483905792236,-7.510312557220459,-4.160812854766846
71887020294189,4.71506929397583,-7.657008647918701,-3.9126362800598145
71887040100097,4.691531181335449,-7.87883186340332,-3.476193904876709
71887059875488,4.628228187561035,-8.163130760192871,-2.848367691040039
71887079650878,4.460036754608154,-8.360675811767578,-2.5253801345825195
71887099456787,4.438692569732666,-8.320289611816406,-2.6909451484680176
71887119232177,4.643467426300049,-8.146951675415039,-2.869802713394165
71887139038085,4.750293731689453,-8.074516296386719,-2.899533748626709
71887158843994,4.718268871307373,-8.057220458984375,-2.9982523918151855
71887178619384,4.544675350189209,-8.144801139831543,-3.0296077728271484
71887198425292,4.230335712432861,-8.364697456359863,-2.8820960521698
71887218200683,3.9464261531829834,-8.57504940032959,-2.65793776512146
71887238006591,3.7999608516693115,-8.696645736694336,-2.4696202278137207
71887257812500,3.6636879444122314,-8.797833442687988,-2.3121230602264404
71887277587890,3.399461507797241,-8.912775039672852,-2.275188684463501
71887297393798,2.986757755279541,-9.047341346740723,-2.3227732181549072
71887317169189,2.5574045181274414,-9.185441970825195,-2.2929725646972656
71887336944580,2.3034892082214355,-9.30917739868164,-2.050252914428711
71887356750488,2.290433883666992,-9.412919998168945,-1.523559331893921
71887376556396,2.3293139934539795,-9.496492385864258,-0.7492131590843201
71887396331787,2.2943809032440186,-9.534441947937012,-0.024873502552509308
71887416137695,2.2103757858276367,-9.540491104125977,0.5134756565093994
71887435913085,2.1361465454101563,-9.535268783569336,0.8281993269920349
71887455718994,2.1014387607574463,-9.530158996582031,0.9645795226097107
71887475494384,2.066755533218384,-9.525385856628418,1.0797791481018066
71887495300292,1.951535701751709,-9.523512840270996,1.2901947498321533
71887515106201,1.7076383829116821,-9.539361953735352,1.5016437768936157
71887534912109,1.4202396869659424,-9.579427719116211,1.5452731847763062
71887554656982,1.1989259719848633,-9.620683670043945,1.474923849105835
71887574462890,1.0730702877044678,-9.635061264038086,1.4780030250549316
71887594238281,0.9435763359069824,-9.627729415893555,1.608373999595642
71887614044189,0.7797571420669556,-9.600296020507813,1.8430066108703613
71887633819580,0.6039196252822876,-9.56362247467041,2.083937168121338
71887653625488,0.447884738445282,-9.54556941986084,2.202699899673462
71887673400878,0.3433329164981842,-9.568401336669922,2.120896577835083
71887693206787,0.2943982779979706,-9.623262405395508,1.8645446300506592
71887712982177,0.2879216969013214,-9.684027671813965,1.5189114809036255
71887732788085,0.3689400553703308,-9.735716819763184,1.1180753707885742
71887752563476,0.6209671497344971,-9.765089988708496,0.6540630459785461
71887772369384,1.091418981552124,-9.744173049926758,0.17401352524757385
71887792175292,1.6837493181228638,-9.657470703125,-0.2620027959346771
71887811950683,2.2433314323425293,-9.523219108581543,-0.6679466962814331
71887831756591,2.715231418609619,-9.358814239501953,-1.1002321243286133
71887851531982,3.2087979316711426,-9.14345932006836,-1.5070351362228394
71887871337890,3.724252462387085,-8.9015531539917,-1.75005042552948
71887891204833,4.128705978393555,-8.685638427734375,-1.9193358421325684
71887910919189,4.285193920135498,-8.541901588439941,-2.200777053833008
71887930725097,4.341407299041748,-8.403462409973145,-2.5892820358276367
71887950469970,4.414577484130859,-8.270668029785156,-2.8771419525146484
71887970275878,4.523135662078857,-8.127245903015137,-3.107973098754883
71887990051269,4.666296005249023,-7.940121650695801,-3.3690543174743652
71888009857177,4.771380424499512,-7.745667934417725,-3.6618218421936035
71888029663085,4.7723307609558105,-7.61414098739624,-3.9268453121185303
71888049468994,4.713675022125244,-7.551636695861816,-4.113930702209473
71888069244384,4.657331943511963,-7.542388439178467,-4.194284915924072
71888089050292,4.6165289878845215,-7.5855560302734375,-4.161416053771973
71888108825683,4.580886363983154,-7.684329032897949,-4.017083168029785
71888128631591,4.523697376251221,-7.8525567054748535,-3.747518539428711
71888148406982,4.445969104766846,-8.101310729980469,-3.282149314880371
71888168212890,4.2936601638793945,-8.401185035705566,-2.674875020980835
71888187988281,4.095767974853516,-8.532559394836426,-2.5671987533569336
71888207794189,4.15919303894043,-8.403477668762207,-2.8728156089782715
71888227569580,4.4504714012146,-8.217386245727539,-2.9729204177856445
71888247375488,4.564819812774658,-8.130126953125,-3.038724184036255
71888267150878,4.538965225219727,-8.101105690002441,-3.152820587158203
71888286956787,4.383103847503662,-8.170513153076172,-3.193979263305664
71888306732177,4.187051296234131,-8.322419166564941,-3.062077760696411
71888326538085,4.068080425262451,-8.437576293945313,-2.9031753540039063
71888346313476,4.040500640869141,-8.508406639099121,-2.7297921180725098
71888366119384,3.9120771884918213,-8.60761833190918,-2.602872133255005
71888385894775,3.5861613750457764,-8.760380744934082,-2.5623347759246826
71888405700683,3.1150336265563965,-8.944378852844238,-2.54264497756958
71888425476074,2.689680576324463,-9.105965614318848,-2.453040361404419
71888445251464,2.437178611755371,-9.227426528930664,-2.2550265789031982
71888465057373,2.3552041053771973,-9.345664024353027,-1.8116194009780884
71888484832763,2.3395371437072754,-9.45898723602295,-1.1065789461135864
71888504638671,2.279324531555176,-9.531815528869629,-0.34577760100364685
71888524414062,2.18853497505188,-9.555953025817871,0.25386136770248413
71888544219970,2.1213457584381104,-9.553946495056152,0.626412034034729
71888563995361,2.1031906604766846,-9.544994354248047,0.8000439405441284
71888583801269,2.0879926681518555,-9.539155960083008,0.9028763175010681
71888603576660,1.9963327646255493,-9.539861679077148,1.0844736099243164
71888623382568,1.776763677597046,-9.54915714263916,1.3517049551010132
71888643188476,1.4838663339614868,-9.57783317565918,1.494537353515625
71888662963867,1.2123197317123413,-9.616304397583008,1.4924333095550537
71888682739257,0.9940968751907349,-9.636494636535645,1.5231975317001343
71888702545166,0.7718348503112793,-9.628361701965332,1.6939045190811157
71888722320556,0.5533474087715149,-9.603954315185547,1.9048019647598267
71888742095947,0.3975861966609955,-9.593067169189453,1.9963399171829224
71888761901855,0.3378232419490814,-9.611732482910156,1.9159502983093262
71888781707763,0.33743715286254883,-9.645752906799316,1.7366580963134766
71888801483154,0.35735946893692017,-9.676460266113281,1.5520309209823608
71888821258544,0.3852106034755707,-9.707062721252441,1.339747428894043
71888841033935,0.45505475997924805,-9.750547409057617,0.9434717893600464
71888860839843,0.7313501834869385,-9.773089408874512,0.3496323823928833
71888880615234,1.2453840970993042,-9.72358226776123,-0.2671296298503876
71888900421142,1.8602373600006104,-9.599724769592285,-0.7451167106628418
71888920227050,2.4028749465942383,-9.441962242126465,-1.1162070035934448
71888940002441,2.854191541671753,-9.261392593383789,-1.500197172164917
71888959808349,3.3483481407165527,-9.026979446411133,-1.8634905815124512
71888979583740,3.90788197517395,-8.751708030700684,-2.075200080871582
71888999359130,4.370306015014648,-8.490340232849121,-2.232696056365967
71889019165039,4.530028820037842,-8.321157455444336,-2.531317949295044
71889038940429,4.5293288230896,-8.208210945129395,-2.8776450157165527
71889058715820,4.526153087615967,-8.09843635559082,-3.177995204925537
71889078521728,4.59316873550415,-7.945999622344971,-3.4546029567718506
71889098327636,4.695526123046875,-7.7536468505859375,-3.742109537124634
71889118103027,4.726814270019531,-7.588504791259766,-4.0301618576049805
71889137878417,4.651836395263672,-7.495363712310791,-4.283729076385498
71889157653808,4.532173156738281,-7.462202548980713,-4.466019153594971
71889177429199,4.442659854888916,-7.470890045166016,-4.540811061859131
71889197235107,4.393001079559326,-7.536247253417969,-4.480725288391113
71889217010498,4.36939001083374,-7.660844326019287,-4.288389205932617
71889236816406,4.350375175476074,-7.834674835205078,-3.982774496078491
71889256591796,4.3140459060668945,-8.070488929748535,-3.525139808654785
71889276367187,4.192168712615967,-8.3619384765625,-2.9451816082000732
71889296142578,4.023056507110596,-8.459691047668457,-2.901557683944702
71889315948486,4.032058238983154,-8.331866264343262,-3.2392752170562744
71889335723876,4.262826442718506,-8.19124698638916,-3.301844358444214
71889355560302,4.395086765289307,-8.126006126403809,-3.2896227836608887
71889375305175,4.426180839538574,-8.089960098266602,-3.3364417552948
71889395111083,4.317499160766602,-8.149590492248535,-3.3337302207946777
71889414886474,4.141801834106445,-8.303298950195313,-3.1734986305236816
71889434692382,4.01075553894043,-8.451743125915527,-2.9414725303649902
71889454467773,3.9509334564208984,-8.550079345703125,-2.7306876182556152
71889474243164,3.8513879776000977,-8.641817092895508,-2.579961061477661
71889494049072,3.6097428798675537,-8.76546573638916,-2.5113251209259033
71889513824462,3.227783203125,-8.922709465026855,-2.477311134338379
71889533630371,2.818453311920166,-9.080873489379883,-2.4009273052215576
71889553405761,2.5189340114593506,-9.205554008483887,-2.2545793056488037
71889573181152,2.362412929534912,-9.298859596252441,-2.0299246311187744
71889592987060,2.2977492809295654,-9.376837730407715,-1.722108006477356
71889612762451,2.2514991760253906,-9.450008392333984,-1.3410791158676147
71889632537841,2.1893198490142822,-9.514780044555664,-0.9199082851409912
71889652313232,2.1371161937713623,-9.556899070739746,-0.518454909324646
71889672119140,2.1107208728790283,-9.575130462646484,-0.17922134697437286
71889691894531,2.1032471656799316,-9.577916145324707,0.10134884715080261
71889711700439,2.071408271789551,-9.57583999633789,0.42771440744400024
71889731475830,1.94556725025177,-9.571558952331543,0.8777261972427368
71889751281738,1.6562633514404297,-9.57214069366455,1.3421235084533691
71889771087646,1.3098543882369995,-9.606571197509766,1.4725682735443115
71889790832519,1.0512330532073975,-9.656596183776855,1.3473820686340332
71889810638427,0.8718292713165283,-9.678494453430176,1.3179689645767212
71889830413818,0.6922157406806946,-9.668970108032227,1.4839950799942017
71889850219726,0.5358270406723022,-9.650848388671875,1.656622290611267
71889869995117,0.42865967750549316,-9.644495010375977,1.723473072052002
71889889801025,0.38601425290107727,-9.659836769104004,1.6458848714828491
71889909576416,0.38117823004722595,-9.687459945678711,1.4758777618408203
71889929351806,0.40368491411209106,-9.71393871307373,1.2832869291305542
71889949157714,0.4798387885093689,-9.736638069152832,1.066780924797058
71889968933105,0.6521324515342712,-9.761220932006836,0.6809383630752563
71889988739013,1.036102533340454,-9.751057624816895,0.11736110597848892
71890008514404,1.611358642578125,-9.661568641662598,-0.4774987995624542
71890028320312,2.241938591003418,-9.500011444091797,-0.9454503059387207
71890048095703,2.743859052658081,-9.317259788513184,-1.3528879880905151
71890067901611,3.1462438106536865,-9.11236572265625,-1.7989798784255981
71890087677001,3.594330072402954,-8.859590530395508,-2.181476354598999
71890107482910,4.092160224914551,-8.585368156433105,-2.3908286094665527
71890127258300,4.52380895614624,-8.3209810256958,-2.5429928302764893
71890147033691,4.751479148864746,-8.109283447265625,-2.798813819885254
71890166809082,4.824419975280762,-7.957738399505615,-3.093503713607788
71890186614990,4.816100597381592,-7.85223913192749,-3.3642101287841797
71890206390380,4.795000076293945,-7.727322578430176,-3.669719934463501
71890226196289,4.779294013977051,-7.551973819732666,-4.036883354187012
71890245971679,4.757805347442627,-7.3754425048828125,-4.374531269073486
71890265747070,4.696803092956543,-7.268364906311035,-4.613165855407715
71890285552978,4.5896687507629395,-7.248643398284912,-4.749999523162842
71890305389404,4.488964080810547,-7.295168399810791,-4.7749457359313965
71890325134277,4.438816547393799,-7.408146381378174,-4.646144866943359
71890344909667,4.406498432159424,-7.589942455291748,-4.375606536865234
71890364685058,4.352954864501953,-7.837990760803223,-3.9734208583831787
71890384490966,4.247312545776367,-8.164913177490234,-3.385989189147949
71890404266357,4.028659820556641,-8.461540222167969,-2.8883588314056396
71890424072265,3.8816232681274414,-8.501839637756348,-2.9702036380767822
71890443817138,4.032485485076904,-8.321452140808105,-3.2654082775115967
71890463653564,4.174605846405029,-8.259456634521484,-3.244137763977051
71890483428955,4.248187065124512,-8.214512825012207,-3.2626779079437256
71890503204345,4.238569259643555,-8.205175399780273,-3.2984869480133057
71890523010253,4.098985195159912,-8.294899940490723,-3.2501296997070313
71890542785644,3.914257287979126,-8.450706481933594,-3.0715699195861816
71890562561035,3.794652223587036,-8.566659927368164,-2.895399570465088
71890582366943,3.7107093334198,-8.660870552062988,-2.718517780303955
71890602142333,3.451329231262207,-8.799459457397461,-2.6130895614624023
71890621948242,2.990368127822876,-8.97731876373291,-2.5760111808776855
71890641723632,2.4783852100372314,-9.143719673156738,-2.533848285675049
71890661499023,2.10451602935791,-9.266307830810547,-2.4242379665374756
71890681274414,1.9900763034820557,-9.379066467285156,-2.0598790645599365
71890701080322,2.056116819381714,-9.485448837280273,-1.4032210111618042
71890720886230,2.109133005142212,-9.554415702819824,-0.6596011519432068
71890740661621,2.1032328605651855,-9.578300476074219,-0.054426755756139755
71890760437011,2.077282428741455,-9.577275276184082,0.3620541989803314
71890780212402,2.0614731311798096,-9.567776679992676,0.6151136159896851
71890800018310,2.0530600547790527,-9.55783748626709,0.776576578617096
71890819824218,1.9964027404785156,-9.555035591125488,0.9413059949874878
71890839599609,1.8443140983581543,-9.567988395690918,1.1056597232818604
71890859375000,1.6400103569030762,-9.59421157836914,1.1966016292572021
71890879150390,1.4664019346237183,-9.619275093078613,1.2204864025115967
71890898925781,1.3410444259643555,-9.631104469299316,1.270358681678772
71890918731689,1.2398004531860352,-9.628472328186035,1.3877341747283936
71890938507080,1.135237216949463,-9.613347053527832,1.570093035697937
71890958312988,1.0215632915496826,-9.591402053833008,1.7696881294250488
71890978088378,0.9189348220825195,-9.58031177520752,1.88243567943573
71890997863769,0.8349592685699463,-9.595794677734375,1.8422657251358032
71891017669677,0.7602657079696655,-9.635187149047852,1.659988522529602
71891037445068,0.6944457292556763,-9.683643341064453,1.3839012384414673
71891057220458,0.6928924918174744,-9.732748985290527,0.9817737340927124
71891077026367,0.8652926087379456,-9.757769584655762,0.45560628175735474
71891096801757,1.232647180557251,-9.728487968444824,-0.08653640002012253
71891116607666,1.7169058322906494,-9.638998031616211,-0.5588763356208801
71891136383056,2.2194273471832275,-9.499704360961914,-1.0000758171081543
71891156188964,2.6889026165008545,-9.322152137756348,-1.4274678230285645
71891175964355,3.1333298683166504,-9.11270523071289,-1.8196781873703003
71891195770263,3.648407220840454,-8.855938911437988,-2.1052000522613525
71891215545654,4.2059526443481445,-8.561288833618164,-2.276991844177246
71891235321044,4.604189872741699,-8.299272537231445,-2.4685826301574707
71891255126953,4.713012218475342,-8.135968208312988,-2.786381959915161
71891274902343,4.659281253814697,-8.082618713378906,-3.022045850753784
71891294677734,4.666133403778076,-8.024179458618164,-3.16387939453125
71891314483642,4.775537014007568,-7.890277862548828,-3.332887649536133
71891334259033,4.857912540435791,-7.719939708709717,-3.6018879413604736
71891354034423,4.827173709869385,-7.592856407165527,-3.900938034057617
71891373840332,4.717607021331787,-7.525765895843506,-4.15661096572876
71891393615722,4.566082000732422,-7.505896091461182,-4.3569254875183105
71891413421630,4.400629043579102,-7.535435676574707,-4.474601745605469
71891433197021,4.26857328414917,-7.622097015380859,-4.4557061195373535
71891452972412,4.188755512237549,-7.767022609710693,-4.27762508392334
71891472778320,4.140296936035156,-7.956558704376221,-3.9650344848632813
71891492553710,4.101430892944336,-8.18980884552002,-3.503666639328003
71891512390136,4.054283142089844,-8.442808151245117,-2.9072608947753906
71891532104492,3.9204533100128174,-8.592765808105469,-2.639091730117798
71891551910400,3.913472890853882,-8.489249229431152,-2.9644157886505127
71891571685791,4.099881172180176,-8.278388977050781,-3.2908389568328857
71891591491699,4.231647491455078,-8.215693473815918,-3.2811455726623535
71891611267089,4.29603385925293,-8.203128814697266,-3.2284908294677734
71891631042480,4.2548604011535645,-8.23498821258545,-3.2017972469329834
71891650817871,4.125588417053223,-8.315057754516602,-3.1638171672821045
71891670623779,4.022039890289307,-8.392070770263672,-3.0930116176605225
71891690399169,3.988600015640259,-8.450668334960938,-2.9745032787323
71891710174560,3.91753888130188,-8.551616668701172,-2.7736496925354004
71891729980468,3.7312488555908203,-8.711894989013672,-2.5201292037963867
71891749755859,3.4392011165618896,-8.889955520629883,-2.3045542240142822
71891769531250,3.10810923576355,-9.04382038116455,-2.1724088191986084
71891789337158,2.8429837226867676,-9.16372013092041,-2.0283162593841553
71891809112548,2.7269139289855957,-9.270414352416992,-1.6714510917663574
71891828887939,2.659308433532715,-9.380552291870117,-1.050574541091919
71891848693847,2.5372865200042725,-9.463639259338379,-0.4148319959640503
71891868469238,2.3866982460021973,-9.511529922485352,0.06960944086313248
71891888244628,2.261746883392334,-9.535408020019531,0.3617837429046631
71891908020019,2.196749687194824,-9.54381275177002,0.5102114081382751
71891927825927,2.152785062789917,-9.545568466186523,0.6465528011322021
71891947601318,2.07135009765625,-9.54532241821289,0.8756193518638611
71891967376708,1.9405159950256348,-9.535526275634766,1.2159470319747925
71891987182617,1.7411255836486816,-9.52155876159668,1.5744165182113647
71892006988525,1.466050624847412,-9.519725799560547,1.8427999019622803
71892026763916,1.2150323390960693,-9.528748512268066,1.9740921258926392
71892046539306,1.0344526767730713,-9.531497955322266,2.061755895614624
71892066314697,0.844760537147522,-9.523449897766113,2.181896924972534
71892086120605,0.6638395190238953,-9.513326644897461,2.2861154079437256
71892105926513,0.5858330726623535,-9.527634620666504,2.2475240230560303
71892125701904,0.5971548557281494,-9.570908546447754,2.0521955490112305
71892145477294,0.6182591319084167,-9.621901512145996,1.7908551692962646
71892165252685,0.6641169786453247,-9.672210693359375,1.4756933450698853
71892185058593,0.8233278393745422,-9.72037124633789,1.0034456253051758
71892204833984,1.155227780342102,-9.731077194213867,0.37681204080581665
71892224639892,1.641672134399414,-9.664582252502441,-0.2667299509048462
71892244415283,2.2008719444274902,-9.520414352416992,-0.8296135067939758
71892264221191,2.709007740020752,-9.32730484008789,-1.3539018630981445
71892283996582,3.119040012359619,-9.108591079711914,-1.8642832040786743
71892303802490,3.5622785091400146,-8.855892181396484,-2.248049736022949
71892323577880,4.0763726234436035,-8.60763168334961,-2.337146043777466
71892343353271,4.5276055335998535,-8.37544059753418,-2.350142240524292
71892363159179,4.747908115386963,-8.183770179748535,-2.5794677734375
71892382934570,4.8463053703308105,-8.011290550231934,-2.915980815887451
71892402709960,4.958687782287598,-7.8591156005859375,-3.1330668926239014
71892422485351,5.075204849243164,-7.704843044281006,-3.3238651752471924
71892442291259,5.1402435302734375,-7.555164337158203,-3.5591814517974854
71892462097167,5.112936019897461,-7.452788829803467,-3.8058125972747803
71892481872558,5.016295433044434,-7.407120704650879,-4.017676830291748
71892501647949,4.882168292999268,-7.411872863769531,-4.171205520629883
71892521453857,4.751437664031982,-7.464463233947754,-4.22800350189209
71892541259765,4.656676769256592,-7.572017669677734,-4.141292572021484
71892561004638,4.6009650230407715,-7.738643169403076,-3.887789487838745
71892580810546,4.550374507904053,-7.969616889953613,-3.456831932067871
71892600585937,4.455830097198486,-8.257472038269043,-2.8513360023498535
71892620361328,4.233644962310791,-8.520458221435547,-2.3766443729400635
71892640167236,4.064288139343262,-8.56709098815918,-2.5013792514801025
71892659942626,4.238613605499268,-8.382261276245117,-2.8181965351104736
71892679718017,4.437929630279541,-8.294153213500977,-2.7716763019561768
71892699523925,4.529419422149658,-8.2511568069458,-2.751936674118042
71892719360351,4.535192012786865,-8.2669677734375,-2.6943752765655518
71892739105224,4.404979228973389,-8.347600936889648,-2.661597728729248
71892758880615,4.213756084442139,-8.445277214050293,-2.663069486618042
71892778656005,4.078437805175781,-8.502703666687012,-2.6908655166625977
71892798431396,3.9574525356292725,-8.593914031982422,-2.5794575214385986
71892818237304,3.723304271697998,-8.75696849822998,-2.3712644577026367
71892838012695,3.352653980255127,-8.955740928649902,-2.173661231994629
71892857788085,2.9330086708068848,-9.133639335632324,-2.035799264907837
71892877563476,2.625180244445801,-9.263344764709473,-1.8625953197479248
71892897338867,2.5491247177124023,-9.351652145385742,-1.4896150827407837
71892917144775,2.5600602626800537,-9.424949645996094,-0.8870213031768799
71892936920166,2.500936985015869,-9.477422714233398,-0.30686017870903015
71892956695556,2.3818182945251465,-9.511714935302734,0.15684570372104645
71892976470947,2.265709638595581,-9.528693199157715,0.49088117480278015
71892996276855,2.207761526107788,-9.530007362365723,0.6893057227134705
71893016052246,2.1892035007476807,-9.524643898010254,0.8117443919181824
71893035858154,2.1282742023468018,-9.522972106933594,0.9766446352005005
71893055633544,1.9919224977493286,-9.52039623260498,1.2508764266967773
71893075439453,1.7718172073364258,-9.519689559936523,1.5513114929199219
71893095214843,1.4962637424468994,-9.52906608581543,1.7687499523162842
71893114990234,1.2633386850357056,-9.546370506286621,1.8550418615341187
71893134765625,1.106371283531189,-9.55424690246582,1.913818359375
71893154541015,0.9656321406364441,-9.546456336975098,2.0256128311157227
71893174346923,0.8370007872581482,-9.526949882507324,2.1695728302001953
71893194122314,0.7527139186859131,-9.520951271057129,2.2260518074035645
71893213928222,0.711189329624176,-9.546733856201172,2.1270787715911865
71893233703613,0.699682891368866,-9.58896541595459,1.9319889545440674
71893253479003,0.6947677135467529,-9.6321382522583,1.7057514190673828
71893273254394,0.7288236618041992,-9.680908203125,1.3853579759597778
71893293029785,0.9018837213516235,-9.722521781921387,0.9107996225357056
71893312835693,1.250784993171692,-9.720763206481934,0.335684597492218
71893332611083,1.6988897323608398,-9.655376434326172,-0.2405555248260498
71893352386474,2.1940512657165527,-9.527887344360352,-0.7588707804679871
71893372192382,2.668381929397583,-9.357251167297363,-1.221463918685913
71893391967773,3.0986757278442383,-9.16036319732666,-1.629831075668335
71893411773681,3.561237335205078,-8.94079875946045,-1.8841711282730103
71893431549072,4.0086140632629395,-8.731538772583008,-1.965104103088379
71893451324462,4.310434818267822,-8.563365936279297,-2.0638089179992676
71893471130371,4.463019371032715,-8.410439491271973,-2.34869384765625
71893490905761,4.597456932067871,-8.269314765930176,-2.579188346862793
71893510650634,4.752086162567139,-8.132476806640625,-2.7296319007873535
71893530456542,4.909535884857178,-7.97029447555542,-2.922541618347168
71893550231933,5.012200355529785,-7.806212902069092,-3.1798226833343506
71893570007324,5.030701637268066,-7.691523551940918,-3.420949935913086
71893589813232,4.969925880432129,-7.637075901031494,-3.6256439685821533
71893609588623,4.860891819000244,-7.626736640930176,-3.7914390563964844
71893629394531,4.7328410148620605,-7.663414478302002,-3.8784902095794678
71893649169921,4.6226983070373535,-7.7598700523376465,-3.8190927505493164
71893668975830,4.538856029510498,-7.918152332305908,-3.587761163711548
71893688751220,4.464207649230957,-8.12680721282959,-3.1931562423706055
71893708526611,4.371697425842285,-8.380253791809082,-2.6134254932403564
71893728302001,4.196171283721924,-8.623948097229004,-2.046959638595581
71893748077392,4.064719200134277,-8.67233943939209,-2.1068880558013916
71893767852783,4.194248199462891,-8.504721641540527,-2.4996767044067383
71893787658691,4.407808303833008,-8.38603687286377,-2.5329818725585938
71893807434082,4.513478755950928,-8.327301025390625,-2.540658950805664
71893827209472,4.507340431213379,-8.328741073608398,-2.5468316078186035
71893847015380,4.386009216308594,-8.413551330566406,-2.4790029525756836
71893866790771,4.200833320617676,-8.541848182678223,-2.358011245727539
71893886596679,4.059701919555664,-8.637140274047852,-2.2558817863464355
71893906372070,3.9792232513427734,-8.718311309814453,-2.0801968574523926
71893926208496,3.8247501850128174,-8.833176612854004,-1.8752745389938354
71893945953369,3.55527925491333,-8.9670991897583,-1.7667769193649292
71893965728759,3.1941184997558594,-9.100918769836426,-1.7723615169525146
71893985504150,2.844102144241333,-9.214993476867676,-1.7791469097137451
71894005279541,2.5962095260620117,-9.30504035949707,-1.6871016025543213
71894025085449,2.483098030090332,-9.390323638916016,-1.351457118988037
71894044860839,2.432544469833374,-9.468582153320313,-0.7740006446838379
71894064666748,2.3833563327789307,-9.510761260986328,-0.1881946474313736
71894084411621,2.3339128494262695,-9.521449089050293,0.2554323673248291
71894104217529,2.290708541870117,-9.521354675292969,0.5165733098983765
71894123992919,2.27020263671875,-9.519696235656738,0.6260547637939453
71894143798828,2.2677769660949707,-9.5176362991333,0.6649585366249084
71894163543701,2.2253482341766357,-9.519715309143066,0.7702177166938782
71894183349609,2.1008589267730713,-9.520627975463867,1.0556663274765015
71894203125000,1.873896598815918,-9.511971473693848,1.4769186973571777
71894222930908,1.5965441465377808,-9.499897003173828,1.8366795778274536
71894242706298,1.2972314357757568,-9.489252090454102,2.1075243949890137
71894262481689,0.9410122632980347,-9.50355052947998,2.2287678718566895
71894282257080,0.6353980898857117,-9.54484748840332,2.1592915058135986
71894302062988,0.5155134797096252,-9.586892127990723,1.999033808708191
71894321838378,0.5263817310333252,-9.609002113342285,1.8868992328643799
71894341613769,0.5720841884613037,-9.61746883392334,1.8295930624008179
71894361389160,0.6338142156600952,-9.615110397338867,1.8216272592544556
71894381195068,0.6726379990577698,-9.622481346130371,1.7679929733276367
71894400970458,0.7136836051940918,-9.670136451721191,1.4661163091659546
71894420745849,0.9362030029296875,-9.721612930297852,0.8855217099189758
71894440521240,1.3575927019119263,-9.709988594055176,0.20841817557811737
71894460327148,1.8880548477172852,-9.616693496704102,-0.3533328175544739
71894480102539,2.4349730014801025,-9.46920108795166,-0.7586265802383423
71894499908447,2.922980785369873,-9.294363975524902,-1.1141680479049683
71894519683837,3.3810625076293945,-9.085952758789063,-1.4779291152954102
71894539459228,3.8815901279449463,-8.831634521484375,-1.7623482942581177
71894559265136,4.355273723602295,-8.573304176330566,-1.92365300655365
71894579040527,4.623197078704834,-8.39786148071289,-2.0669684410095215
71894598815917,4.671656131744385,-8.282918930053711,-2.3956778049468994
71894618591308,4.66601037979126,-8.187382698059082,-2.7139456272125244
71894638366699,4.723165512084961,-8.075045585632324,-2.9420623779296875
71894658172607,4.8217267990112305,-7.93285608291626,-3.1608762741088867
71894677947998,4.895601749420166,-7.7851715087890625,-3.405081033706665
71894697753906,4.889615058898926,-7.678671836853027,-3.6469228267669678
71894717529296,4.822795867919922,-7.621885776519775,-3.849400758743286
71894737304687,4.735358238220215,-7.611907958984375,-3.975628137588501
71894757110595,4.676033973693848,-7.650864601135254,-3.9710659980773926
71894776885986,4.65646505355835,-7.743101119995117,-3.812100410461426
71894796661376,4.642753601074219,-7.887052059173584,-3.5227315425872803
71894816436767,4.589446067810059,-8.093902587890625,-3.0977602005004883
71894836242675,4.470630645751953,-8.369831085205078,-2.4758388996124268
71894856018066,4.248013973236084,-8.63315200805664,-1.8956384658813477
71894875793457,4.0921311378479,-8.71330738067627,-1.8716650009155273
71894895568847,4.311647415161133,-8.554210662841797,-2.0989432334899902
71894915344238,4.5811567306518555,-8.433298110961914,-2.0156593322753906
71894935150146,4.700596332550049,-8.36487102508545,-2.025761604309082
71894954925537,4.676383018493652,-8.376923561096191,-2.031989097595215
71894974731445,4.492989540100098,-8.491847038269043,-1.9677304029464722
71894994506835,4.238646030426025,-8.638656616210938,-1.8915259838104248
71895014282226,4.044609069824219,-8.74030876159668,-1.8489245176315308
71895034088134,3.911191463470459,-8.822529792785645,-1.7423948049545288
71895053863525,3.751662015914917,-8.919557571411133,-1.592765212059021
71895073669433,3.540294647216797,-9.024237632751465,-1.4831819534301758
71895093444824,3.2879955768585205,-9.126985549926758,-1.434436321258545
71895113220214,3.050095558166504,-9.2144775390625,-1.4002525806427002
71895133087158,2.8715474605560303,-9.278359413146973,-1.3552266359329224
71895152801513,2.767613410949707,-9.323039054870605,-1.261608600616455
71895172576904,2.706207752227783,-9.364094734191895,-1.0772886276245117
71895192352294,2.6352453231811523,-9.41186237335205,-0.8016963005065918
71895212158203,2.5131094455718994,-9.467570304870605,-0.46879902482032776
71895231964111,2.3588969707489014,-9.518044471740723,-0.11319734901189804
71895251739501,2.2242660522460938,-9.54783821105957,0.2486504167318344
71895271514892,2.117388963699341,-9.55534553527832,0.6184057593345642
71895291290283,2.007944345474243,-9.544690132141113,1.0185503959655762
71895311096191,1.8321589231491089,-9.516528129577637,1.4997586011886597
71895330871582,1.5297263860702515,-9.482039451599121,1.9802172183990479
71895350646972,1.1533198356628418,-9.474602699279785,2.2521445751190186
71895370422363,0.8521621227264404,-9.501500129699707,2.2728185653686523
71895390197753,0.5938987731933594,-9.547517776489258,2.159299612045288
71895410003662,0.3763907849788666,-9.580914497375488,2.057859420776367
71895429779052,0.28812599182128906,-9.592986106872559,2.015436887741089
71895449554443,0.29346203804016113,-9.600064277648926,1.980662226676941
71895469329833,0.3271695375442505,-9.608664512634277,1.9331101179122925
71895489135742,0.3772859275341034,-9.619429588317871,1.8693883419036865
71895508911132,0.43653014302253723,-9.635354042053223,1.7719413042068481
71895528717041,0.5499445199966431,-9.665905952453613,1.5614780187606812
71895548492431,0.8167566657066345,-9.702851295471191,1.1653211116790771
71895568267822,1.2705423831939697,-9.704853057861328,0.6098598837852478
71895588287353,1.8577930927276611,-9.62905216217041,0.018425147980451584
71895608062744,2.4548046588897705,-9.48347282409668,-0.4561429023742676
71895627838134,2.9602293968200684,-9.310324668884277,-0.8516396880149841
71895647644042,3.4153554439544678,-9.109027862548828,-1.237473487854004
71895667419433,3.9308319091796875,-8.845975875854492,-1.5708807706832886
71895687194824,4.43166446685791,-8.563882827758789,-1.7862361669540405
71895707000732,4.731500625610352,-8.354042053222656,-1.9983164072036743
71895726776123,4.7721028327941895,-8.244861602783203,-2.328019857406616
71895746551513,4.751481533050537,-8.158308982849121,-2.6525075435638428
71895766326904,4.76884651184082,-8.057587623596191,-2.9161219596862793
71895786102294,4.784502983093262,-7.950721740722656,-3.1725282669067383
71895805877685,4.748640537261963,-7.855430603027344,-3.4515221118927
71895825653076,4.663031101226807,-7.77386474609375,-3.7407960891723633
71895845458984,4.557143211364746,-7.70379114151001,-4.006798267364502
71895865264892,4.461905002593994,-7.661696434020996,-4.190488815307617
71895885040283,4.406409740447998,-7.675528526306152,-4.223766326904297
71895904815673,4.393189430236816,-7.754222869873047,-4.091734886169434
71895924621582,4.396659851074219,-7.878292560577393,-3.8434720039367676
71895944183349,4.366349697113037,-8.04001522064209,-3.5303735733032227
71895964172363,4.277417182922363,-8.261218070983887,-3.1026365756988525
71895983947753,4.152446746826172,-8.521635055541992,-2.5118348598480225
71896003723144,3.967395544052124,-8.688209533691406,-2.22377872467041
71896023498535,3.974277973175049,-8.630512237548828,-2.426884174346924
71896043273925,4.250359535217285,-8.42197322845459,-2.678654193878174
71896063079833,4.4200358390808105,-8.313591957092285,-2.7418699264526367
71896082855224,4.505823612213135,-8.249842643737793,-2.79428768157959
71896102630615,4.472566604614258,-8.242400169372559,-2.868687868118286
71896122406005,4.268298625946045,-8.35318660736084,-2.8594212532043457
71896142211914,3.92759108543396,-8.564447402954102,-2.7193102836608887
71896161987304,3.6805191040039063,-8.7288179397583,-2.536121368408203
71896181762695,3.6005382537841797,-8.799827575683594,-2.4019880294799805
71896201538085,3.5507612228393555,-8.837858200073242,-2.335541009902954
71896221343994,3.41200852394104,-8.891336441040039,-2.339383125305176
71896241119384,3.1726629734039307,-8.977224349975586,-2.3481993675231934
71896260894775,2.8804869651794434,-9.092827796936035,-2.278959274291992
71896280670166,2.6289443969726563,-9.211983680725098,-2.09723162651062
71896300445556,2.478131055831909,-9.3152494430542,-1.8042680025100708
71896320251464,2.4005770683288574,-9.40534782409668,-1.3953639268875122
71896340087890,2.3430633544921875,-9.479538917541504,-0.9048685431480408
71896359832763,2.285534143447876,-9.527682304382324,-0.4122990369796753
71896379577636,2.2363669872283936,-9.548235893249512,0.015945937484502792
71896399353027,2.2065510749816895,-9.549134254455566,0.33993396162986755
71896419158935,2.1817753314971924,-9.541937828063965,0.6013873219490051
71896438934326,2.1198511123657227,-9.533933639526367,0.8835887312889099
71896458709716,1.9936429262161255,-9.523924827575684,1.2209155559539795
71896478485107,1.8064818382263184,-9.517939567565918,1.521788239479065
71896498260498,1.541992425918579,-9.542699813842773,1.6521283388137817
71896518035888,1.3232640027999878,-9.585916519165039,1.5904624462127686
71896537811279,1.212567687034607,-9.611586570739746,1.5223255157470703
71896557586669,1.116371989250183,-9.610289573669434,1.602007269859314
71896577362060,0.9970067143440247,-9.590837478637695,1.7866733074188232
71896597137451,0.8836972117424011,-9.561583518981934,1.9913769960403442
71896616912841,0.7964188456535339,-9.54377269744873,2.1100969314575195
71896636688232,0.7491336464881897,-9.555825233459473,2.0725321769714355
71896656463623,0.7319995164871216,-9.591318130493164,1.9081865549087524
71896676879882,0.7128630876541138,-9.632673263549805,1.6952314376831055
71896697875976,0.6782599687576294,-9.677703857421875,1.4326214790344238
71896716430664,0.717801034450531,-9.725691795349121,1.0325032472610474
71896736236572,0.9354680180549622,-9.751896858215332,0.4424758851528168
71896755981445,1.30680251121521,-9.717544555664063,-0.1788419485092163
71896775756835,1.7773325443267822,-9.620190620422363,-0.6807445883750916
71896795562744,2.3003885746002197,-9.473058700561523,-1.0675897598266602
71896815338134,2.7904698848724365,-9.288726806640625,-1.4502516984939575
71896835113525,3.2264721393585205,-9.068005561828613,-1.879239559173584
71896854888916,3.649742364883423,-8.822872161865234,-2.2375636100769043
71896874664306,4.084837436676025,-8.594405174255371,-2.370798349380493
71896894439697,4.444569110870361,-8.402406692504883,-2.411585569381714
71896914215087,4.587782859802246,-8.251219749450684,-2.6533002853393555
71896933959960,4.621855735778809,-8.130644798278809,-2.9498205184936523
71896953735351,4.689924240112305,-8.017858505249023,-3.1446692943573
71896973510742,4.792793273925781,-7.8835296630859375,-3.324075222015381
71896993316650,4.855396270751953,-7.746109962463379,-3.5487029552459717
71897013092041,4.824642181396484,-7.650484561920166,-3.78989577293396
71897032867431,4.719521999359131,-7.610492706298828,-3.997110605239868
71897052642822,4.595324516296387,-7.6151909828186035,-4.1306471824646
71897072387695,4.508887767791748,-7.658510208129883,-4.145785808563232
71897092163085,4.478248119354248,-7.74390172958374,-4.0184149742126465
71897111938476,4.464567184448242,-7.879749774932861,-3.7613260746002197
71897131713867,4.411473274230957,-8.0845308303833,-3.368924617767334
71897151489257,4.303714752197266,-8.363051414489746,-2.776292324066162
71897171264648,4.101449012756348,-8.635910034179688,-2.1839308738708496
71897191040039,3.9205591678619385,-8.730937957763672,-2.1378321647644043
71897210784912,4.062047481536865,-8.603531837463379,-2.3768460750579834
71897230590820,4.3135457038879395,-8.495861053466797,-2.3203561305999756
71897250366210,4.482839107513428,-8.410116195678711,-2.3118155002593994
71897270141601,4.548294544219971,-8.374143600463867,-2.3145463466644287
71897289916992,4.452414512634277,-8.44046401977539,-2.2594170570373535
71897309692382,4.243923664093018,-8.568198204040527,-2.178408622741699
71897329467773,4.0861968994140625,-8.655692100524902,-2.1336276531219482
71897349243164,4.0228190422058105,-8.69636058807373,-2.08821177482605
71897369018554,3.925999164581299,-8.763480186462402,-1.9895565509796143
71897388793945,3.7391834259033203,-8.87983226776123,-1.8268718719482422
71897408569335,3.473552942276001,-9.025425910949707,-1.6268097162246704
71897428344726,3.1920251846313477,-9.162040710449219,-1.4277170896530151
71897448120117,2.9659199714660645,-9.26153564453125,-1.2639845609664917
71897467895507,2.8256664276123047,-9.32257080078125,-1.1294522285461426
71897487670898,2.748527765274048,-9.36278247833252,-0.976871907711029
71897507446289,2.6852967739105225,-9.40135669708252,-0.7576751112937927
71897527221679,2.6019256114959717,-9.443367958068848,-0.4724040925502777
71897547058105,2.505929946899414,-9.479494094848633,-0.17289374768733978
71897566772460,2.417736530303955,-9.503288269042969,0.11152256280183792
71897586547851,2.3367247581481934,-9.514235496520996,0.43524977564811707
71897606323242,2.2337353229522705,-9.512463569641113,0.8329734802246094
71897626098632,2.0860755443573,-9.493977546691895,1.2973285913467407
71897645904541,1.850464105606079,-9.469322204589844,1.7544560432434082
71897665679931,1.5108246803283691,-9.473270416259766,2.0359137058258057
71897685668945,1.1994147300720215,-9.510251998901367,2.070483446121216
71897705200195,0.980275571346283,-9.546661376953125,2.0176007747650146
71897724975585,0.7928152680397034,-9.564120292663574,2.0172832012176514
71897744750976,0.6683709025382996,-9.571904182434082,2.0254197120666504
71897764648437,0.6226707100868225,-9.588759422302246,1.9591732025146484
71897784301757,0.6190041303634644,-9.615962028503418,1.822218894958496
71897804077148,0.6416106820106506,-9.641758918762207,1.6718876361846924
71897823852539,0.6878198385238647,-9.661039352416992,1.5367554426193237
71897843627929,0.7822599411010742,-9.688751220703125,1.2986756563186646
71897863586425,0.9952244758605957,-9.720523834228516,0.8314591646194458
71897883178710,1.3892848491668701,-9.705219268798828,0.22133439779281616
71897902954101,1.9083139896392822,-9.612719535827637,-0.35263919830322266
71897922729492,2.433595895767212,-9.462745666503906,-0.8393125534057617
71897942504882,2.864602565765381,-9.282809257507324,-1.339363932609558
71897962280273,3.235952138900757,-9.068900108337402,-1.8585047721862793
71897982055664,3.635176420211792,-8.827735900878906,-2.24208664894104
71898001770019,4.068450927734375,-8.620260238647461,-2.3041722774505615
71898021606445,4.4034199714660645,-8.463314056396484,-2.269934892654419
71898041381835,4.584308624267578,-8.317606925964355,-2.443749189376831
71898061096191,4.7032551765441895,-8.149972915649414,-2.7618329524993896
71898080932617,4.824563026428223,-8.00365924835205,-2.9724440574645996
71898100708007,4.9325270652771,-7.872273921966553,-3.1413159370422363
71898120483398,4.98957633972168,-7.744199275970459,-3.361828565597534
71898140289306,4.95898962020874,-7.655790328979492,-3.6010665893554688
71898160064697,4.887258529663086,-7.612979412078857,-3.7851858139038086
71898179840087,4.811480522155762,-7.6204142570495605,-3.86643648147583
71898199554443,4.759876251220703,-7.6791486740112305,-3.813743829727173
71898219390869,4.715967655181885,-7.790735244750977,-3.6379220485687256
71898239166259,4.647547245025635,-7.955982685089111,-3.3575334548950195
71898258880615,4.523427963256836,-8.189981460571289,-2.9382290840148926
71898278717041,4.337211608886719,-8.487249374389648,-2.3077237606048584
71898298431396,4.0210280418396,-8.724106788635254,-1.972737431526184
71898318267822,3.822479009628296,-8.76830768585205,-2.162365674972534
71898337982177,4.00583028793335,-8.633535385131836,-2.363424301147461
71898357849121,4.2315874099731445,-8.548205375671387,-2.2786471843719482
71898377624511,4.369927406311035,-8.493325233459473,-2.2220571041107178
71898397399902,4.376467227935791,-8.506503105163574,-2.15785551071167
71898417114257,4.229056358337402,-8.588569641113281,-2.126483678817749
71898438018798,3.999323844909668,-8.699627876281738,-2.119497776031494
71898456665039,3.805609703063965,-8.781732559204102,-2.137500286102295
71898476501464,3.647308349609375,-8.872570037841797,-2.035935401916504
71898496276855,3.4721570014953613,-8.978017807006836,-1.8734209537506104
71898516052246,3.263072967529297,-9.083306312561035,-1.7367483377456665
71898535827636,2.987729072570801,-9.194113731384277,-1.6468576192855835
71898555603027,2.6644532680511475,-9.308506965637207,-1.5565290451049805
71898575378417,2.373682975769043,-9.405257225036621,-1.4412310123443604
71898595123291,2.165966033935547,-9.479083061218262,-1.2751363515853882
71898614959716,2.0295908451080322,-9.545165061950684,-0.9700344800949097
71898634704589,1.951300859451294,-9.598918914794922,-0.47281914949417114
71898654449462,1.907906174659729,-9.618220329284668,0.14184698462486267
71898674224853,1.9155867099761963,-9.595330238342285,0.6561607122421265
71898694030761,1.929114818572998,-9.563719749450684,0.9920538067817688
71898713775634,1.9141825437545776,-9.542370796203613,1.2039309740066528
71898733581542,1.8212203979492188,-9.526745796203613,1.4472945928573608
71898753417968,1.5710105895996094,-9.521015167236328,1.747169017791748
71898773132324,1.2170722484588623,-9.54952335357666,1.8696879148483276
71898792877197,0.9463622570037842,-9.593488693237305,1.7999330759048462
71898812652587,0.7813261151313782,-9.615206718444824,1.7628668546676636
71898832427978,0.6230059266090393,-9.600506782531738,1.9006651639938354
71898852203369,0.46328601241111755,-9.56749439239502,2.102097988128662
71898871978759,0.3578152656555176,-9.556565284729004,2.171267509460449
71898891754150,0.32648709416389465,-9.586180686950684,2.041795492172241
71898911529541,0.3282782733440399,-9.63081169128418,1.8193622827529907
71898931304931,0.32589614391326904,-9.668143272399902,1.6097164154052734
71898951080322,0.36043035984039307,-9.703048706054688,1.3752535581588745
71898972442626,0.5164563655853271,-9.74829387664795,0.9351049661636353
71898990631103,0.8429127335548401,-9.762214660644531,0.3988182246685028
71899010406494,1.3585981130599976,-9.709928512573242,-0.20466740429401398
71899030181884,1.9549930095672607,-9.58376693725586,-0.7069684267044067
71899049987792,2.532369375228882,-9.405294418334961,-1.1392701864242554
71899069763183,3.0209338665008545,-9.191110610961914,-1.60244619846344
71899089477539,3.5141196250915527,-8.927544593811035,-2.029850482940674
71899109252929,4.059690475463867,-8.649133682250977,-2.209477424621582
71899603607177,3.2123324871063232,-8.961530685424805,-2.3542022705078125
71899623565673,2.9265811443328857,-9.099291801452637,-2.1928062438964844
71899643341064,2.565232753753662,-9.231050491333008,-2.0922887325286865
71899664001464,2.232012987136841,-9.34997844696045,-1.9407241344451904
71899682891845,2.0801734924316406,-9.439979553222656,-1.6522880792617798
71899702606201,2.0641419887542725,-9.514948844909668,-1.1727993488311768
71899722442626,2.0732858180999756,-9.568382263183594,-0.5638523101806641
71899742218017,2.066403388977051,-9.586447715759277,-0.01948215253651142
71899762176513,2.062126874923706,-9.578506469726563,0.4125886857509613
71899781768798,2.0616953372955322,-9.560140609741211,0.723540186882019
71899801544189,2.0514650344848633,-9.54393482208252,0.9355124235153198
71899821319580,2.015382766723633,-9.532600402832031,1.1127252578735352
71899842712402,1.903705358505249,-9.521417617797852,1.374375820159912
71899860900878,1.7307783365249634,-9.52287483215332,1.5778615474700928
71899880676269,1.536855697631836,-9.537364959716797,1.687342643737793
71899902343750,1.3863626718521118,-9.566107749938965,1.654677152633667
71899920196533,1.3085168600082397,-9.57979965209961,1.6387819051742554
71899939941406,1.217692494392395,-9.58285140991211,1.6901384592056274
71899959838867,1.1005505323410034,-9.570891380310059,1.8322677612304688
71899979553222,0.9699702858924866,-9.544084548950195,2.0346975326538086
71899999328613,0.8313738703727722,-9.515703201293945,2.220491647720337
71900019104003,0.6836336851119995,-9.505805969238281,2.3114240169525146
71900038818359,0.5336344838142395,-9.528477668762207,2.2569289207458496
71900058654785,0.41662198305130005,-9.582122802734375,2.0444416999816895
71900078430175,0.3744145333766937,-9.650178909301758,1.7041879892349243
71900098205566,0.469550222158432,-9.70895767211914,1.2984765768051147
71900117980957,0.7447798848152161,-9.738824844360352,0.8780607581138611
71900137756347,1.1752701997756958,-9.725104331970215,0.4598645269870758
71900157531738,1.6779996156692505,-9.662018775939941,0.010314226150512695
71900177246093,2.1898882389068604,-9.547616004943848,-0.4667058289051056
71900197082519,2.660226821899414,-9.389791488647461,-0.9619700908660889
71900216888427,3.098869800567627,-9.192458152770996,-1.4373975992202759
71900236633300,3.521610736846924,-8.986934661865234,-1.733107566833496
71900256439208,3.9208900928497314,-8.793986320495605,-1.860864520072937
71900276214599,4.19384241104126,-8.637044906616211,-1.9958785772323608
71900295989990,4.352774620056152,-8.474159240722656,-2.3264505863189697
71900315673828,4.4785261154174805,-8.328516006469727,-2.597886085510254
71900335510253,4.629003047943115,-8.186588287353516,-2.778937578201294
71900355285644,4.765898704528809,-8.03322982788086,-2.9872753620147705
71900375061035,4.831631183624268,-7.903432369232178,-3.2189266681671143
71900394866943,4.824137210845947,-7.819324493408203,-3.4287397861480713
71900414581298,4.761051654815674,-7.781853199005127,-3.597989320755005
71900434356689,4.6832122802734375,-7.779664039611816,-3.7033417224884033
71900454803466,4.616476535797119,-7.8224406242370605,-3.69701886177063
71900473876953,4.570370197296143,-7.909548282623291,-3.56667160987854
71933725646972,2.8007280826568604,-9.31477165222168,-1.2495352029800415
71933742187500,2.820436954498291,-9.304510116577148,-1.2812542915344238
71933764587402,2.942523717880249,-9.263981819152832,-1.3002220392227173
71933785247802,3.175658702850342,-9.17188549041748,-1.4007502794265747
71933804962158,3.468658447265625,-9.034692764282227,-1.5852818489074707
71933824768066,3.7829644680023193,-8.870305061340332,-1.7824887037277222
71933844573974,4.058298587799072,-8.70717716217041,-1.971211314201355
71933864349365,4.295433521270752,-8.549139976501465,-2.152169704437256
71933884155273,4.499664783477783,-8.397261619567871,-2.3258135318756104
71933903930664,4.679351329803467,-8.244690895080566,-2.509807825088501
71933923706054,4.832147121429443,-8.09992790222168,-2.6855030059814453
71933943511962,4.95845365524292,-7.9741950035095215,-2.8277790546417236
71933963287353,5.063818454742432,-7.869800090789795,-2.9316153526306152
71933983001708,5.151079177856445,-7.786564826965332,-3.001028299331665
71941620269775,0.4193151891231537,3.399404525756836,9.189048767089844
71941639923095,0.38758161664009094,3.384094476699829,9.196090698242188
71941660339355,0.3690674304962158,3.1189937591552734,9.290104866027832
71941680145263,0.555303156375885,2.689284324645996,9.414339065551758
71941699920654,0.7762609720230103,2.1618902683258057,9.533836364746094
71941719299316,0.8440587520599365,1.776602029800415,9.60737419128418
71941739562988,0.6484470367431641,1.6913135051727295,9.63791275024414
71941758666992,0.3855738937854767,1.8147752285003662,9.62955379486084
71941778472900,0.2951379120349884,1.9290457963943481,9.610518455505371
71941798248291,0.39855900406837463,1.9049034118652344,9.611601829528809
71941818054199,0.5110129714012146,1.7546757459640503,9.634851455688477
71941837829589,0.4715384244918823,1.6202038526535034,9.660381317138672
71941857635498,0.2850835621356964,1.6245331764221191,9.666954040527344
71941877410888,0.13023632764816284,1.7116929292678833,9.655233383178711
71941897216796,0.12909722328186035,1.7703688144683838,9.644662857055664
71941916992187,0.22701354324817657,1.77889084815979,9.64128589630127
71941936798095,0.268237441778183,1.7544724941253662,9.64470100402832
71941956573486,0.19119489192962646,1.714498519897461,9.65372085571289
71941976379394,0.1066838875412941,1.6803748607635498,9.661022186279297
71941996154785,0.1462661474943161,1.6804537773132324,9.660490036010742
71942015960693,0.2657366693019867,1.7246038913726807,9.650156021118164
71942035766601,0.31055566668510437,1.789218783378601,9.637044906616211
71942055541992,0.26289308071136475,1.8149148225784302,9.633657455444336
71942075347900,0.21912957727909088,1.8097150325775146,9.635730743408203
71942095153808,0.24978721141815186,1.8384488821029663,9.62954330444336
71942114929199,0.3493930995464325,1.946542501449585,9.605169296264648
71942134735107,0.4776325523853302,2.0979673862457275,9.567694664001465
71942154510498,0.6621795892715454,2.2857112884521484,9.51353931427002
71942174285888,0.8963256478309631,2.5824131965637207,9.41796875
71942194152832,1.0725291967391968,3.014035701751709,9.270148277282715
71942213897705,1.1522986888885498,3.480325222015381,9.095599174499512
71942233703613,1.0961450338363647,3.741006851196289,8.998539924621582
71942253479003,0.8869381546974182,3.7766811847686768,9.00668716430664
71942273284912,0.5749690532684326,3.7434134483337402,9.045808792114258
71942293090820,0.24298089742660522,3.7126688957214355,9.073446273803711
71942312866210,-0.060589324682950974,3.656554698944092,9.099248886108398
71942332672119,-0.3097262382507324,3.5743837356567383,9.126787185668945
71942352447509,-0.5102556943893433,3.538513422012329,9.131754875183105
71942372253417,-0.7029783129692078,3.5981602668762207,9.095573425292969
71942392028808,-0.9886415004730225,3.597496747970581,9.069233894348145
71942411834716,-1.1796995401382446,3.3827402591705322,9.1288423538208
71942431640625,-1.2108198404312134,3.2527225017547607,9.171918869018555
71942451416015,-1.1458684206008911,3.3273351192474365,9.153480529785156
71942471191406,-0.9647798538208008,3.365797281265259,9.160294532775879
71942490997314,-0.7469955086708069,3.2430200576782227,9.224706649780273
71942510772705,-0.6088994741439819,3.0438945293426514,9.302383422851563
