71878745788574,5.964724063873291,1.7746946811676025,0.5749568939208984
71878765594482,3.755655288696289,-0.5556352138519287,0.41230201721191406
71878785400390,2.166451930999756,-4.35136604309082,-5.056931495666504
71878805206298,-2.604149341583252,-5.543858528137207,-13.96424674987793
71878825012207,-3.0294055938720703,-8.823729515075684,-9.999469757080078
71878844818115,-0.3385831117630005,-8.973416328430176,-12.775778770446777
71878864593505,1.718393325805664,-9.711237907409668,-0.18439674377441406
71878884368896,3.9862890243530273,-7.904129505157471,-6.765485763549805
71878904205322,-10.976806640625,-16.381677627563477,-14.857329368591309
71878923980712,-4.429458141326904,-14.343695640563965,-9.121621131896973
71878943786621,-7.1371564865112305,-19.57114601135254,-1.6864924430847168
71878963562011,10.866679191589355,-8.590619087219238,-6.308382034301758
71878983337402,6.018165588378906,-10.67027473449707,-2.306583881378174
71879003143310,10.731175422668457,-8.185564041137695,6.174211502075195
71879022949218,11.039694786071777,-7.033380031585693,8.102113723754883
71879042755126,11.499846458435059,0.2135152816772461,9.91950798034668
71879062561035,11.952188491821289,3.103306770324707,2.3015451431274414
71879082336425,12.285228729248047,2.009176731109619,-4.743463516235352
71879102142333,12.563230514526367,3.079753875732422,10.151925086975098
71879121948242,12.828405380249023,6.1064581871032715,9.712953567504883
71879141723632,7.333493709564209,10.468013763427734,-6.253337860107422
71879161529541,8.432558059692383,7.500588417053223,-12.973677635192871
71879181335449,3.4131340980529785,7.53890323638916,-9.793403625488281
71879201141357,5.586704730987549,5.724943161010742,-2.788823127746582
71879220947265,3.2513322830200195,1.5191988945007324,-4.806878089904785
71879240722656,-2.4231505393981934,-6.547525882720947,1.582374095916748
71879260528564,-3.526668071746826,2.729038715362549,3.692331314086914
71879280303955,-2.678356170654297,-1.3888797760009766,2.590287685394287
71879300109863,0.9819450378417969,1.6444544792175293,-0.673949122428894
71879319946289,-3.910942554473877,-1.3946661949157715,-2.873600721359253
71879339752197,-5.569767951965332,-2.910886287689209,0.615601658821106
71879359497070,-2.234950065612793,-0.6130681037902832,2.0427932739257813
71879379333496,1.7851734161376953,3.307992696762085,-0.009567111730575562
71879399139404,2.91934871673584,3.220660924911499,-0.19099102914333344
71879418914794,-3.068636894226074,-3.317715883255005,-0.8665449619293213
71879438781738,-5.024701118469238,-5.717606544494629,1.4392549991607666
71879458526611,-1.6000947952270508,-1.8115270137786865,-0.10618381202220917
71879478332519,-2.8711442947387695,-0.4377337694168091,-0.9847571849822998
71879498138427,-3.271669387817383,0.07098019123077393,-2.616623640060425
71879517944335,-2.6429147720336914,0.42748892307281494,-1.5527819395065308
71879537719726,-1.982325553894043,0.08468091487884521,-1.3462204933166504
71879557525634,4.884477615356445,-1.8940978050231934,3.740408420562744
71879577331542,0.5988330841064453,2.267282485961914,2.610520839691162
71879597106933,3.707058906555176,-9.161283493041992,6.230804443359375
71879616912841,2.684701919555664,-7.676882266998291,-4.153696060180664
71879636718750,-0.0625772476196289,-6.815740585327148,-4.797122478485107
71879656524658,0.3492908477783203,-6.599052429199219,-3.2121894359588623
71879676330566,1.9701833724975586,-3.2424628734588623,-3.177497625350952
71879696136474,4.263448715209961,-0.3190469741821289,0.36896026134490967
71879715942382,0.7367143630981445,1.0615758895874023,0.8141197562217712
71879735748291,-0.062262535095214844,3.1171984672546387,-0.01632598042488098
71879755523681,1.856602668762207,0.28194427490234375,-3.6015772819519043
71879775329589,3.493191719055176,3.363483428955078,-2.7334089279174805
71879795135498,0.013561248779296875,1.3995542526245117,-2.6325767040252686
71879814941406,-2.6416172981262207,-1.834610939025879,0.4233507215976715
71879834716796,-1.8229293823242188,-0.10288810729980469,-1.4005846977233887
71879854522705,1.157576560974121,0.3611769676208496,-0.8389403820037842
71879874328613,4.566829204559326,0.4492182731628418,-3.0446207523345947
71879894134521,0.3476848602294922,-1.4939966201782227,-0.0028278157114982605
71879913909912,1.0666751861572266,-1.413787841796875,-0.8641473650932312
71879933715820,-0.5110330581665039,0.8380379676818848,-1.5136514902114868
71879953521728,-2.863266944885254,-1.2155981063842773,0.24311816692352295
71879973327636,-2.0664215087890625,-2.268130302429199,1.198446273803711
71879993133544,-0.7264509201049805,-0.33652782440185547,0.3079965114593506
71880012908935,-3.0723304748535156,-0.9957275390625,-1.3633803129196167
71880032714843,-4.142759323120117,0.9373621940612793,-0.13650095462799072
71880052520751,-7.821551322937012,2.8281331062316895,-1.8325555324554443
71880072326660,1.2321505546569824,2.416543483734131,4.840280532836914
71880092102050,-0.5365262031555176,1.5235018730163574,1.903588056564331
71880111907958,-4.524083614349365,0.9411311149597168,-4.331149578094482
71880131713867,-16.995704650878906,-6.564953804016113,3.727731704711914
71880151489257,3.971039295196533,3.359067916870117,-1.9564440250396729
71880171295166,3.430972099304199,1.5062265396118164,-0.5973544120788574
71880191101074,4.8673200607299805,2.063581943511963,-2.4940154552459717
71880210876464,0.1944890022277832,0.17053747177124023,-7.12932014465332
71880230682373,1.6503901481628418,1.0828518867492676,-7.8118414878845215
71880250488281,5.67017126083374,-0.21295881271362305,-7.238877773284912
71880270324707,8.113661766052246,0.6638369560241699,-6.85674524307251
71880290100097,9.475479125976563,-0.75042724609375,-4.691426753997803
71880309906005,1.8181157112121582,-2.7249627113342285,-5.609055042266846
71880329711914,-4.188117027282715,-3.31654691696167,-5.186306953430176
71880349487304,7.544475555419922,-1.1760261058807373,-0.15479373931884766
71880369323730,10.484091758728027,-0.5906972885131836,3.101574182510376
71880389099121,-3.068833351135254,-3.3090944290161133,-8.356701850891113
71880408905029,-6.053497314453125,-1.026279091835022,-3.5020811557769775
71880428741455,-10.9556245803833,-5.753903388977051,0.11931824684143066
71880448516845,-11.88424015045166,-7.557848930358887,16.796615600585938
71880468322753,-2.982661247253418,2.326087713241577,22.301427841186523
71880488128662,-14.471753120422363,-5.872658729553223,-0.1494455337524414
71880507904052,-5.155320167541504,2.7033162117004395,-10.714365005493164
71880527709960,-4.548521995544434,1.253755807876587,-0.23530840873718262
71880547515869,-6.611177444458008,2.253718614578247,-0.9028184413909912
71880567291259,-9.878804206848145,0.049102187156677246,3.327320098876953
71880587097167,-9.94223690032959,-5.546133518218994,2.8390979766845703
71880606903076,-6.79366397857666,-5.296590805053711,7.584908485412598
71880626678466,-1.8367633819580078,-5.481184005737305,8.713083267211914
71880646545410,3.845240592956543,-5.522164344787598,-1.877791404724121
71880666290283,2.5105843544006348,-4.537693977355957,-1.2811294794082642
71880686096191,8.21391487121582,-4.247847080230713,1.8904979228973389
71880705871582,11.692251205444336,-1.5585627555847168,-1.7192658185958862
71880725708007,12.599185943603516,0.6749229431152344,-1.6957569122314453
71880745483398,4.8220438957214355,-2.177185535430908,-3.0836868286132813
71880765289306,2.8243699073791504,-3.803025245666504,-3.0917768478393555
71880785064697,-1.5546965599060059,-1.3094191551208496,-3.1866352558135986
71880804870605,-3.177432060241699,-0.2927374839782715,-5.489012241363525
71880824676513,-2.1564993858337402,-0.7758851051330566,-4.20751953125
71880844482421,-2.416323661804199,-2.255290985107422,-3.0113086700439453
71880864288330,-2.7733659744262695,-1.673025131225586,-2.0499534606933594
71880884063720,-2.524050235748291,0.3848228454589844,-1.6667860746383667
71880903869628,0.33657360076904297,0.4681711196899414,-2.439117431640625
71880923645019,4.6404805183410645,-3.2893476486206055,-6.2461256980896
71880943450927,8.984308242797852,-8.256729125976563,-4.865699768066406
71880963256835,11.061087608337402,-7.375554084777832,1.0311317443847656
71880983032226,13.993398666381836,-6.376605033874512,3.2955713272094727
71881002838134,12.763998031616211,-4.903792381286621,0.29972535371780396
71881022644042,5.2415618896484375,-6.929154396057129,-3.1120853424072266
71881042449951,-0.18230366706848145,-7.76651668548584,1.0129406452178955
71881062255859,-3.021444082260132,-8.748833656311035,11.730361938476563
71881082031250,-1.3405508995056152,-1.483586311340332,3.8397576808929443
71881101837158,-2.6928977966308594,0.05879020690917969,8.79268741607666
71881121643066,-4.781686305999756,-0.154998779296875,10.844223022460938
71881141418457,-7.045782089233398,0.6569795608520508,6.975996017456055
71881161224365,-6.84284782409668,1.8632831573486328,4.172695636749268
71881181030273,-4.943630218505859,3.935696601867676,2.13181209564209
71881200836181,-3.4128270149230957,4.272497177124023,-0.7607684135437012
71881220611572,-2.244138240814209,3.556741714477539,-3.545681953430176
71881240417480,-1.5535593032836914,2.343778610229492,-1.0501651763916016
71881260192871,-0.8452262878417969,2.250250816345215,2.5492420196533203
71881279998779,1.2531678676605225,2.806553840637207,2.995028495788574
71881299774169,1.8933780193328857,2.0224151611328125,3.1445999145507813
71881319580078,-3.724381923675537,2.053304672241211,5.271472454071045
71881339385986,-4.670707702636719,3.7518320083618164,7.748486042022705
71881359191894,-5.560092926025391,5.13031005859375,7.290419578552246
71881378967285,-5.029600143432617,5.98427677154541,5.5325469970703125
71881398773193,-3.6327614784240723,6.671309947967529,4.967903137207031
71881418548583,-2.5597383975982666,4.500321388244629,3.6531147956848145
71881438354492,3.3659634590148926,-0.6176376342773438,-16.222192764282227
71881458129882,17.000146865844727,-5.403319358825684,-12.058123588562012
71881477935791,16.11953353881836,-11.125764846801758,-0.26671338081359863
71881497741699,1.8936114311218262,-11.4013032913208,-10.596319198608398
71881517547607,-5.883347988128662,-2.28957462310791,-0.13416337966918945
71881537353515,-7.089731693267822,5.870832920074463,0.07656025886535645
71881557128906,-9.424728393554688,-0.3014411926269531,5.003724098205566
71881576934814,-5.244572162628174,-8.334160804748535,8.877517700195313
71881596740722,6.961631774902344,-11.455385208129883,4.855924606323242
71881616516113,1.3477444648742676,-2.29067325592041,4.496548652648926
71881636322021,-4.418887615203857,-2.2441978454589844,1.9465456008911133
71881656127929,-5.667727947235107,2.106454849243164,2.364403247833252
71881675933837,-6.159635066986084,2.732980728149414,1.4652361869812012
71881695709228,-5.8119401931762695,1.5440912246704102,2.8357651233673096
71881715515136,-5.245203971862793,-0.7771291732788086,3.275994062423706
71881735290527,-0.11646127700805664,-2.587554931640625,2.6747233867645264
71881755126953,1.2097926139831543,-3.762722969055176,2.9225597381591797
71881774902343,-0.5556676387786865,-2.697978973388672,4.172039031982422
71881794677734,-2.4499619007110596,-0.13980674743652344,4.758828163146973
71881814483642,-2.359856128692627,2.1539363861083984,4.491994857788086
71881834289550,-1.5571413040161133,2.240817070007324,3.8398549556732178
71881854156494,-0.7205400466918945,0.31894779205322266,2.915858507156372
71881873870849,0.4564521312713623,-0.17573833465576172,1.167075514793396
71881893676757,0.2623627185821533,-0.2919197082519531,-0.37330949306488037
71881913452148,0.6727705001831055,-1.2365236282348633,-0.6430307626724243
71881933258056,3.558274984359741,-3.574662208557129,-15.740915298461914
71881953063964,4.622372627258301,-0.09612464904785156,-14.556922912597656
71881972839355,2.711670398712158,1.2138757705688477,-3.4096851348876953
71881992645263,3.3027503490448,-0.2121734619140625,-0.3969874382019043
71882012451171,5.292699813842773,-2.1159257888793945,-1.6564934253692627
71882032226562,7.132502555847168,-2.7063827514648438,-2.8357913494110107
71882052032470,5.781747817993164,-0.8479318618774414,-5.546392440795898
71882071838378,6.551603317260742,-0.47692298889160156,-4.897590637207031
71882091613769,6.687967300415039,-2.403172492980957,-9.158869743347168
71882111419677,9.009538650512695,-3.520016670227051,-7.747434616088867
71882131225585,8.499198913574219,-1.8734254837036133,-5.0961761474609375
71882151031494,6.7927703857421875,-1.1123266220092773,-2.2523903846740723
71882170806884,8.582472801208496,-2.35958194732666,1.9004390239715576
71882190612792,7.2385759353637695,-5.294255256652832,5.413584232330322
71882210418701,2.9243969917297363,-8.179218292236328,8.16292667388916
71882230224609,2.4006264209747314,-10.119864463806152,8.49658489227295
71882250030517,-0.828855037689209,-10.862476348876953,7.934046745300293
71882269805908,-2.96714448928833,-9.70918083190918,-10.559399604797363
71882289611816,-4.1530232429504395,-5.67459774017334,-0.36695027351379395
71882309417724,-5.169167995452881,-0.748469352722168,3.3575570583343506
71882329223632,-7.357748031616211,0.4434013366699219,4.418853759765625
71882348999023,-3.8306260108947754,2.103442668914795,6.927725791931152
71882368804931,-1.2115354537963867,4.800380706787109,7.501031875610352
71882388580322,-2.9034805297851563,5.971682548522949,5.800482273101807
71882408386230,-5.339653968811035,6.48813533782959,5.195374488830566
71882428192138,-5.318488121032715,4.304555892944336,6.320506572723389
71882447998046,-8.042024612426758,1.8506674766540527,7.185690402984619
71882467803955,-10.31974983215332,2.129204750061035,7.0333356857299805
71882487579345,-10.865209579467773,4.132026672363281,7.961246490478516
71882507385253,-10.014200210571289,4.478078842163086,8.796279907226563
71882527191162,-7.193219184875488,4.130874156951904,7.916893005371094
71882546966552,-4.787796497344971,0.25818729400634766,-0.856795072555542
71882566772460,2.636645793914795,-7.933627605438232,-17.064815521240234
71882586547851,14.905149459838867,-11.70579719543457,-0.8120241165161133
71882606353759,14.781614303588867,-11.79058837890625,7.097527027130127
71882626159667,0.1744556427001953,-0.41334104537963867,-4.537841796875
71882645965576,-7.84063196182251,3.6902575492858887,-1.5353000164031982
71882665802001,-9.054604530334473,-3.7607760429382324,1.683105707168579
71882685546875,-7.78553581237793,-9.578614234924316,7.109505653381348
71882705352783,-0.8687148094177246,-11.738689422607422,6.383033752441406
71882725158691,-0.28202009201049805,-6.348221302032471,7.194955825805664
71882744934082,-4.618857383728027,0.005733966827392578,5.934048175811768
71882764739990,-5.76806116104126,3.2321434020996094,4.383014678955078
71882784545898,-5.503488540649414,4.6763410568237305,3.6264703273773193
71882804351806,-3.2646005153656006,3.4062881469726563,3.7055885791778564
71882824127197,-0.9197466373443604,0.5250682830810547,3.895338296890259
71882843933105,1.6039056777954102,-3.0060606002807617,4.221235752105713
71882863739013,2.505904197692871,-3.820699691772461,4.166964054107666
71882883514404,3.264116048812866,-0.04345893859863281,4.208086013793945
71882903320312,1.5152220726013184,2.54119873046875,3.471212863922119
71882923126220,0.8170952796936035,3.211237907409668,2.474879741668701
71882942901611,-0.36719465255737305,2.5299205780029297,1.357782006263733
71882962707519,0.3852815628051758,0.6710414886474609,-0.037893716245889664
71882982482910,2.071380853652954,-0.31372642517089844,-0.5798739790916443
71883002288818,1.9161977767944336,-0.6920919418334961,2.467738628387451
71883022094726,2.1127138137817383,-0.5947818756103516,-3.2197091579437256
71883041900634,0.6032958030700684,-1.6069660186767578,-21.58987045288086
71883061737060,4.533964157104492,1.8533010482788086,-3.6679255962371826
71883081481933,2.747309684753418,1.715179443359375,2.2702560424804688
71883101287841,3.08843994140625,0.7326011657714844,1.4643357992172241
71883121063232,3.9322197437286377,-0.7198324203491211,0.2807539701461792
71883140869140,4.79319429397583,-2.1328353881835938,-0.7805321216583252
71883160644531,4.35450553894043,-2.4846181869506836,-2.4872851371765137
71883180450439,5.376810550689697,-0.8230257034301758,-2.455042600631714
71883200256347,7.756901741027832,-1.1559696197509766,-2.830152988433838
71883220031738,10.303841590881348,-2.800797462463379,-9.293600082397461
71883239837646,11.803936004638672,-0.9640130996704102,-4.606174468994141
71883259643554,9.076043128967285,-3.1593551635742188,-2.9419918060302734
71883279418945,7.2842583656311035,-3.06301212310791,-2.481595039367676
71883299224853,6.068230628967285,-2.444408416748047,0.8699655532836914
71883319030761,3.2994837760925293,-4.321566581726074,3.6512937545776367
71883338836669,2.0786383152008057,-8.770456314086914,2.2937097549438477
71883358642578,-4.462701320648193,-10.63264274597168,0.628769040107727
71883378448486,-10.980538368225098,-10.779119491577148,-2.045520305633545
71883398223876,-9.480443954467773,-8.564472198486328,-0.5535158514976501
71883418029785,-7.64176607131958,-2.8422412872314453,8.138944625854492
71883437805175,-2.3317089080810547,2.0612802505493164,2.08001708984375
71883457580566,2.386444091796875,5.199029922485352,1.4181578159332275
71883477416992,-2.8626346588134766,1.6295156478881836,3.3475475311279297
71883497222900,-0.5800857543945313,2.73520565032959,6.025693893432617
71883516967773,-0.43964576721191406,3.597050666809082,5.082127571105957
71883536773681,-2.8797731399536133,3.562808036804199,5.92609977722168
71883556579589,-4.156047821044922,3.3926706314086914,6.529452323913574
71883576385498,-6.601922512054443,3.599031925201416,6.591642379760742
71883596191406,-8.635626792907715,4.113109588623047,6.35941743850708
71883615966796,-9.53915023803711,5.23683500289917,6.485454559326172
71883635772705,-9.048215866088867,5.971093654632568,6.6324143409729
71883655548095,-7.492618083953857,5.849264621734619,5.38492488861084
71883675354003,-4.743876934051514,4.375569820404053,4.009774208068848
71883695129394,-2.3765382766723633,0.9170851707458496,-7.281214714050293
71883714935302,14.605892181396484,-11.979080200195313,-17.12071418762207
71883734741210,14.551738739013672,-11.932119369506836,0.2323746681213379
71883754516601,1.4314794540405273,-8.336935043334961,-1.6031935214996338
71883774322509,-7.565931797027588,3.0097193717956543,-5.828122138977051
71883794097900,-15.084741592407227,-1.4404306411743164,-14.451438903808594
71883813903808,-10.571844100952148,-12.048202514648438,12.015666007995605
71883833679199,-6.530008316040039,-11.867156982421875,14.109231948852539
71883853485107,-2.080134868621826,-1.7048797607421875,12.046573638916016
71883873291015,-4.210057735443115,2.741091728210449,7.493503093719482
71883893066406,-4.359133720397949,5.079142093658447,4.886645317077637
71883912872314,-4.3870849609375,3.161198616027832,5.467353820800781
71883932647705,-0.4446392059326172,0.41564178466796875,9.908731460571289
71883952453613,2.531545639038086,-2.3130292892456055,7.546961307525635
71883972229003,2.705296277999878,-3.414854049682617,5.002583026885986
71883992034912,2.631527900695801,-2.741344451904297,11.115318298339844
71884011810302,4.985461711883545,-1.3088035583496094,2.5677132606506348
71884031616210,5.250266075134277,0.32111358642578125,-1.7839903831481934
71884051422119,4.248966217041016,2.031770706176758,-3.3596959114074707
71884071197509,2.5165083408355713,3.255190849304199,-8.681219100952148
71884091003417,5.048823356628418,1.3763294219970703,-5.48499059677124
71884110809326,2.8917717933654785,0.32405567169189453,-1.8320716619491577
71884130584716,1.5557293891906738,0.21785736083984375,1.1205179691314697
71884150390625,1.308010220527649,1.7889375686645508,0.011681318283081055
71884170196533,-1.0222365856170654,0.605198860168457,-4.458024978637695
71884190002441,0.6019245386123657,-0.46794795989990234,-6.22360897064209
71884209777832,3.9004111289978027,0.0253753662109375,-3.000227689743042
71884229583740,3.04758358001709,-1.2660207748413086,0.7027440071105957
71884249359130,3.209085702896118,-1.929886817932129,-0.35779571533203125
71884269226074,4.821651458740234,-2.818293571472168,-3.7204248905181885
71884288940429,5.544249057769775,-2.4704408645629883,-7.50496768951416
71884308746337,7.402599811553955,-0.38112735748291016,-4.507584095001221
71884328552246,9.370728492736816,-0.3232688903808594,0.3447718620300293
71884348327636,10.540346145629883,-1.2536487579345703,-0.21453142166137695
71884368133544,7.63942289352417,-1.1877861022949219,-9.271240234375
71884387939453,8.161870956420898,-2.2276525497436523,-8.277632713317871
71884407714843,9.07538890838623,-2.9225378036499023,-0.22085106372833252
71884427520751,5.691118240356445,-3.922962188720703,2.36291766166687
71884447296142,3.54209041595459,-6.164467811584473,3.484379291534424
71884467102050,4.271911144256592,-10.27357006072998,4.947134494781494
71884486907958,-0.556556224822998,-10.696991920471191,7.919299602508545
71884506683349,-11.603333473205566,-10.88988208770752,4.803542137145996
71884526489257,-6.6610188484191895,-6.504331588745117,-10.780985832214355
71884546264648,-7.255897045135498,-3.5046815872192383,2.4002037048339844
71884566040039,-4.6725077629089355,1.265852928161621,5.47099494934082
71884585845947,-0.2139115333557129,5.530491352081299,2.498377561569214
71884605621337,0.1408534049987793,4.92119836807251,2.852646827697754
71884625427246,-0.951256275177002,2.6872715950012207,5.514825344085693
71884645202636,-2.188788414001465,2.354094982147217,5.6563029289245605
71884665008544,-3.6765084266662598,2.923976421356201,5.838611602783203
71884684814453,-4.478997230529785,3.6054325103759766,6.495021820068359
71884704589843,-6.349256992340088,4.229730606079102,7.075196266174316
71884724395751,-8.386411666870117,5.017323017120361,6.977488040924072
71884744171142,-9.788503646850586,6.12531042098999,5.968087196350098
71884763977050,-9.347040176391602,6.194940090179443,4.952315807342529
71884783752441,-7.5297417640686035,4.7482218742370605,4.403630256652832
71884803558349,-4.738954544067383,1.4430561065673828,1.1872994899749756
71884823333740,3.3393211364746094,-8.424032211303711,-17.12605094909668
71884843139648,15.02532958984375,-11.84623908996582,-8.266977310180664
71884862915039,5.9206461906433105,-12.00559139251709,1.5222218036651611
71884882720947,-7.708048343658447,2.5585408210754395,-0.9652338027954102
71884902496337,-14.860221862792969,0.32298946380615234,-15.91801643371582
71884922302246,-12.11376953125,-12.097156524658203,11.454611778259277
71884942077636,-7.745397567749023,-11.874238014221191,12.639988899230957
71884961883544,-0.5004134178161621,-2.3158140182495117,12.817143440246582
71884981689453,-2.941528081893921,0.8267707824707031,9.967819213867188
71885001464843,-2.8103063106536865,2.883448600769043,7.0503411293029785
71885021270751,-1.4653501510620117,-0.0885000228881836,6.74582576751709
71885041046142,1.499434471130371,-2.8294363021850586,6.615621089935303
71885060821533,2.2526638507843018,-2.596677780151367,6.201700210571289
71885080627441,2.3233370780944824,-1.6711616516113281,5.238275527954102
71885100402832,1.0300984382629395,-0.24192523956298828,11.592935562133789
71885120208740,5.351143836975098,1.0781726837158203,3.682742118835449
71885139984130,4.030219078063965,0.4520559310913086,-0.9920220375061035
71885159790039,1.5615606307983398,0.4230155944824219,-3.038888931274414
71885179565429,2.5141139030456543,0.9427528381347656,-8.149823188781738
71885199340820,5.902181625366211,1.3494939804077148,-6.106536388397217
71885219146728,3.076233386993408,0.8793706893920898,-0.9949781894683838
71885238952636,2.4091358184814453,1.0507545471191406,2.343844413757324
71885258728027,2.5433778762817383,1.6209373474121094,2.6193599700927734
71885278503417,1.4927253723144531,1.2797365188598633,0.08093714714050293
71885298339843,-1.3151860237121582,-0.36702537536621094,-5.085190773010254
71885318115234,0.720054030418396,-0.9664373397827148,-7.4321980476379395
71885337890625,3.6992225646972656,0.22588539123535156,-3.0416622161865234
71885357696533,3.276998519897461,-0.9555978775024414,1.522896409034729
71885377471923,4.673409461975098,-1.992640495300293,-0.29487526416778564
71885397277832,7.811228275299072,-2.06149959564209,-4.094278812408447
71885417053222,6.981963157653809,-0.9804658889770508,-7.491426467895508
71885436859130,7.271795749664307,-0.47721290588378906,-4.106153964996338
71885456634521,9.215070724487305,-1.581669807434082,0.944233775138855
71885476501464,9.575285911560059,-3.112009048461914,-2.433255672454834
71885496215820,9.278987884521484,-1.8195695877075195,-8.605727195739746
71885516021728,10.384695053100586,-2.2225522994995117,-5.130023956298828
71885535827636,10.380276679992676,-3.333545684814453,0.25759267807006836
71885555603027,5.727662563323975,-4.680080413818359,3.210575819015503
71885575408935,3.319944143295288,-7.1461181640625,4.029933452606201
71885595214843,4.155915260314941,-10.57022476196289,5.2771735191345215
71885614990234,0.6824913024902344,-10.720568656921387,4.513857841491699
71885634796142,-12.875097274780273,-10.921056747436523,4.5852861404418945
71885654571533,-7.1692304611206055,-6.806800842285156,-6.910429000854492
71885674377441,-8.043966293334961,-3.191812515258789,1.493377685546875
71885694183349,-5.267460823059082,1.7323570251464844,6.03950309753418
71885713958740,-2.235165596008301,4.348906517028809,2.7903473377227783
71885733734130,0.13555479049682617,4.506945610046387,5.294859886169434
71885753540039,-1.7009587287902832,3.5027236938476563,5.162081718444824
71885773315429,-2.96170711517334,3.616664409637451,6.241360187530518
71885793121337,-3.3348302841186523,3.882894992828369,6.196768760681152
71885812927246,-4.516592025756836,2.844721794128418,6.246870994567871
71885832702636,-6.45107364654541,3.327503204345703,6.555174827575684
71885852508544,-8.682306289672852,4.448563098907471,7.08254861831665
71885872314453,-9.25444507598877,6.095622539520264,6.6265106201171875
71885892089843,-8.647125244140625,6.049050807952881,5.835504055023193
71885911865234,-5.583106994628906,5.3257904052734375,5.673296928405762
71885931671142,-1.977433204650879,2.000278949737549,-0.9991633892059326
71885951446533,15.154091835021973,-11.889226913452148,-17.210039138793945
71885971252441,15.133333206176758,-11.822820663452148,2.1807701587677
71885991027832,4.336900234222412,-9.436901092529297,-1.3791279792785645
71886010833740,-7.559315204620361,4.686917304992676,-8.26734447479248
71886030639648,-13.357309341430664,1.5146899223327637,-5.3848466873168945
71886050415039,-13.403867721557617,-8.719705581665039,13.299552917480469
71886070220947,-12.738903045654297,-11.939332962036133,4.167401313781738
71886090026855,1.8593249320983887,-8.893787384033203,10.877182006835938
71886109802246,-1.0474836826324463,-0.8892683982849121,8.009685516357422
71886129608154,-4.256908416748047,1.3029732704162598,4.301782608032227
71886149383544,-2.742692232131958,0.8244524002075195,3.679788827896118
71886169189453,-0.01239156723022461,-0.22754383087158203,5.595107555389404
71886188964843,1.6033048629760742,0.3188505172729492,6.506170749664307
71886208770751,1.5240721702575684,-0.4961204528808594,5.369841575622559
71886228576660,2.5402908325195313,-0.8261327743530273,4.75257682800293
71886248352050,2.2028446197509766,-0.7110185623168945,6.631500720977783
71886268127441,3.388629913330078,0.0961446762084961,2.0656511783599854
71886287933349,4.249298095703125,0.9973516464233398,-0.7152410745620728
71886307708740,4.2720842361450195,1.7604236602783203,-2.724094867706299
71886327514648,3.094449043273926,2.1137819290161133,-3.6197924613952637
71886347290039,3.1434783935546875,1.523036003112793,-2.3087158203125
71886367095947,2.6924355030059814,0.2771615982055664,2.4244842529296875
71886386871337,2.4978485107421875,0.9583444595336914,-0.9018795490264893
71886406677246,0.2637549638748169,-0.4813718795776367,-11.311589241027832
71886426483154,1.73392915725708,-0.3014564514160156,-8.543954849243164
71886446258544,3.1425158977508545,0.9786891937255859,-1.3737993240356445
71886466064453,3.867203712463379,0.22106266021728516,0.7792065143585205
71886485839843,4.559145450592041,-0.9738883972167969,0.9606348276138306
71886505645751,4.596254825592041,-2.07388973236084,-0.9680883884429932
71886525421142,5.693465709686279,-2.446408271789551,-4.799921989440918
71886545227050,7.928963661193848,-1.0545196533203125,-6.646637916564941
71886565002441,8.893644332885742,-0.043381690979003906,-3.3120930194854736
71886584808349,10.776829719543457,-1.7896499633789063,0.749337911605835
71886604614257,9.04629898071289,-3.191473960876465,-4.4882330894470215
71886624389648,8.364568710327148,-3.0545501708984375,-10.022708892822266
71886644195556,10.449872016906738,-3.1512956619262695,-4.133349418640137
71886663970947,8.556514739990234,-4.0720672607421875,1.4302809238433838
71886683868408,3.232888698577881,-6.06928825378418,1.0176743268966675
71886703582763,3.4078001976013184,-8.548755645751953,2.119581699371338
71886723388671,3.7904980182647705,-10.663819313049316,6.952477931976318
71886743194580,-0.983717679977417,-10.835189819335938,6.851258277893066
71886762969970,-12.938528060913086,-11.050002098083496,7.535923480987549
71886782775878,-3.8877475261688232,-3.060011863708496,-13.79194164276123
71886802581787,-8.636381149291992,-3.9306812286376953,3.590625047683716
71886822357177,-4.028512001037598,1.91884183883667,10.52346420288086
71886842132568,-1.09814453125,5.598685264587402,4.542058944702148
71886861938476,-0.8364300727844238,5.91057014465332,3.888601779937744
71886881713867,-0.5594830513000488,4.647675037384033,5.274221897125244
71886901519775,-2.223904609680176,2.394937038421631,5.406699180603027
71886921325683,-3.9482979774475098,1.4058380126953125,5.609806060791016
71886941131591,-5.022218227386475,2.2255635261535645,5.941640853881836
71886960906982,-7.370757102966309,3.3613438606262207,6.350177764892578
71886980712890,-8.562162399291992,5.1357645988464355,6.8991875648498535
71887000488281,-8.373408317565918,6.453701496124268,6.642621994018555
71887020294189,-7.832890033721924,6.105842590332031,6.128670692443848
71887040100097,-3.6464548110961914,4.8751325607299805,5.844847679138184
71887059875488,-2.9967055320739746,-1.0693564414978027,-8.558221817016602
71887079650878,15.226784706115723,-11.830564498901367,-17.394500732421875
71887099456787,15.212257385253906,-11.80367660522461,6.948885917663574
71887119232177,2.236203670501709,-3.629751682281494,-5.07101583480835
71887139038085,-10.08781623840332,3.226962089538574,-9.216513633728027
71887158843994,-11.094027519226074,-4.858398914337158,4.899617671966553
71887178619384,-13.866002082824707,-11.97233772277832,9.739700317382813
71887198425292,-8.393775939941406,-11.746150016784668,2.121840000152588
71887218200683,-0.25873851776123047,-3.751204013824463,10.792304992675781
71887238006591,-4.391541481018066,1.591374397277832,7.889412879943848
71887257812500,-3.999056816101074,3.408879280090332,4.12257719039917
71887277587890,-2.530754804611206,1.193044662475586,5.103919506072998
71887297393798,0.8998897075653076,-0.27602577209472656,8.178262710571289
71887317169189,3.559581756591797,-1.1360321044921875,6.76378059387207
71887336944580,2.061073064804077,-1.9384489059448242,12.178729057312012
71887356750488,3.475367546081543,-1.5688247680664063,3.6991004943847656
71887376556396,3.82810378074646,-0.9029808044433594,-0.13284307718276978
71887396331787,4.654151439666748,0.3019695281982422,-2.299424409866333
71887416137695,4.186241626739502,1.1343050003051758,-2.925022602081299
71887435913085,3.850771427154541,1.9020452499389648,-2.1839919090270996
71887455718994,4.6931986808776855,2.257676124572754,-0.9178488254547119
71887475494384,4.313903331756592,2.1209211349487305,3.357273578643799
71887495300292,4.115190505981445,1.4654407501220703,-1.4855005741119385
71887515106201,-0.6030682325363159,-0.8981895446777344,-11.282449722290039
71887534912109,2.1448192596435547,0.24039077758789063,-6.639265060424805
71887554656982,3.363600730895996,1.3366384506225586,-1.2470577955245972
71887574462890,4.189427852630615,-0.3188953399658203,1.3321082592010498
71887594238281,5.227704048156738,-1.2158393859863281,1.4711741209030151
71887614044189,5.617036819458008,-1.0819673538208008,-0.8721843957901001
71887633819580,6.070057392120361,-1.310704231262207,-3.199794292449951
71887653625488,6.443455696105957,-1.186182975769043,-5.836362838745117
71887673400878,8.190913200378418,-0.7646245956420898,-3.914644479751587
71887693206787,9.984837532043457,-2.19303035736084,-0.3858755826950073
71887712982177,9.054985046386719,-2.422825813293457,-4.2440185546875
71887732788085,8.997125625610352,-2.333573341369629,-7.824573516845703
71887752563476,10.05981159210205,-3.456430435180664,-3.7823283672332764
71887772369384,7.680290222167969,-3.802454948425293,0.6501280665397644
71887792175292,2.395495891571045,-5.143124580383301,0.8715218305587769
71887811950683,3.155324697494507,-7.2490434646606445,3.5294954776763916
71887831756591,3.3100497722625732,-10.710221290588379,6.09537935256958
71887851531982,0.27269792556762695,-10.866744041442871,4.72076416015625
71887871337890,-10.873048782348633,-11.069302558898926,2.94442081451416
71887891204833,-5.633270263671875,-4.925870895385742,-6.871614933013916
71887910919189,-7.354183673858643,-3.2140579223632813,2.8329250812530518
71887930725097,-4.5572614669799805,1.634997844696045,8.21156120300293
71887950469970,0.16619634628295898,5.638819694519043,6.253701210021973
71887970275878,0.5545425415039063,5.08417272567749,3.0983145236968994
71887990051269,-0.43836545944213867,3.6444520950317383,5.251904487609863
71888009857177,-2.114008903503418,2.4772586822509766,5.386388301849365
71888029663085,-3.5886106491088867,2.0972061157226563,5.875467300415039
71888049468994,-5.057339191436768,2.5808768272399902,6.3572998046875
71888069244384,-7.450035095214844,3.3469295501708984,6.723833084106445
71888089050292,-8.161386489868164,5.014285564422607,6.57369327545166
71888108825683,-8.26053237915039,5.794713973999023,5.993732452392578
71888128631591,-7.379085063934326,5.307825565338135,5.599846839904785
71888148406982,-4.194382667541504,3.251908779144287,6.5403642654418945
71888168212890,-4.076210975646973,-6.4903974533081055,-17.28195571899414
71888187988281,15.550176620483398,-11.65694808959961,-17.351272583007813
71888207794189,15.458449363708496,-11.706307411193848,2.238504648208618
71888227569580,-2.2594895362854004,0.4811062812805176,-4.60105037689209
71888247375488,-9.663738250732422,1.1826286315917969,-5.707922458648682
71888267150878,-11.204017639160156,-9.924433708190918,8.938658714294434
71888286956787,-12.503172874450684,-11.927809715270996,6.789867877960205
71888306732177,-0.8416447639465332,-6.333743572235107,9.87551498413086
71888326538085,-3.2444629669189453,0.3935666084289551,7.983131408691406
71888346313476,-5.419849872589111,2.982957363128662,5.265694618225098
71888366119384,-5.818058013916016,1.6371541023254395,5.180751323699951
71888385894775,-2.8303792476654053,-1.3961095809936523,6.553326606750488
71888405700683,1.0701324939727783,-2.602972984313965,5.408769607543945
71888425476074,2.274691104888916,-2.5233678817749023,4.6984405517578125
71888445251464,2.5614285469055176,-1.6252975463867188,5.711093902587891
71888465057373,1.9273693561553955,-0.5760917663574219,7.069422721862793
71888484832763,4.145260810852051,0.3513069152832031,0.9220714569091797
71888504638671,4.750645160675049,1.6179466247558594,-1.794339656829834
71888524414062,3.4929428100585938,2.4150218963623047,-3.0752453804016113
71888544219970,3.33457088470459,2.134349822998047,-2.5746147632598877
71888563995361,3.5275588035583496,0.9870967864990234,-0.6310269236564636
71888583801269,1.796708345413208,0.8456344604492188,3.824115753173828
71888603576660,2.714181423187256,1.3521032333374023,0.30257952213287354
71888623382568,0.5102663040161133,-0.6061019897460938,-5.618154525756836
71888643188476,1.521915316581726,-1.6889543533325195,-8.655203819274902
71888662963867,3.1212079524993896,-0.5678558349609375,-2.231502056121826
71888682739257,3.8839619159698486,-0.3546409606933594,0.9484856128692627
71888702545166,5.381338119506836,-0.8166446685791016,-1.374293327331543
71888722320556,8.001588821411133,-0.8158969879150391,-4.625965595245361
71888742095947,9.236334800720215,-1.1804800033569336,-4.94572639465332
71888761901855,8.453014373779297,-0.36049461364746094,-2.4087517261505127
71888781707763,9.355386734008789,-0.3039684295654297,1.232051968574524
71888801483154,7.687129974365234,-2.3298683166503906,-0.6435055732727051
71888821258544,5.385565280914307,-3.2001285552978516,-8.282145500183105
71888841033935,5.830338001251221,-3.461226463317871,-10.548196792602539
71888860839843,10.993545532226563,-1.749898910522461,-1.0677062273025513
71888880615234,7.195003509521484,-4.137210845947266,4.496209144592285
71888900421142,2.5949058532714844,-6.011054039001465,2.6610476970672607
71888920227050,3.599743604660034,-9.618276596069336,3.0669307708740234
71888940002441,2.38981294631958,-10.784674644470215,6.9496588706970215
71888959808349,-1.8241028785705566,-10.963854789733887,4.272044658660889
71888979583740,-10.665138244628906,-11.193730354309082,-3.3585076332092285
71888999359130,-7.229269504547119,-4.979958534240723,-2.2918128967285156
71889019165039,-8.031201362609863,-3.010085105895996,4.965925216674805
71889038940429,-3.2069292068481445,3.6946635246276855,6.813051223754883
71889058715820,0.2879509925842285,7.3563103675842285,3.6913182735443115
71889078521728,1.2831811904907227,6.4589457511901855,5.273833274841309
71889098327636,-0.7496166229248047,3.2200441360473633,5.548719882965088
71889118103027,-3.0687437057495117,1.2933988571166992,5.772991180419922
71889137878417,-3.0240955352783203,1.7736811637878418,6.340888977050781
71889157653808,-5.081518173217773,2.7620596885681152,6.506591796875
71889177429199,-7.784239292144775,3.4029674530029297,7.067694664001465
71889197235107,-8.552913665771484,4.693113803863525,6.828976154327393
71889217010498,-8.874249458312988,5.409881114959717,5.559515953063965
71889236816406,-7.244070529937744,4.761265754699707,5.381011009216309
71889256591796,-3.9392330646514893,2.460785388946533,6.434195518493652
71889276367187,-4.947320938110352,-7.495082378387451,-17.039268493652344
71889296142578,15.617090225219727,-11.724637985229492,-17.0466251373291
71889315948486,15.579239845275879,-11.779998779296875,6.060059547424316
71889335723876,1.7880301475524902,0.34603404998779297,-4.466933250427246
71889355560302,-10.73130989074707,3.309947967529297,-4.495560169219971
71889375305175,-9.439506530761719,-3.7707295417785645,7.840178966522217
71889395111083,-9.217968940734863,-11.756391525268555,11.037717819213867
71889414886474,-4.027259826660156,-11.808202743530273,8.084037780761719
71889434692382,-1.7614035606384277,-4.127097129821777,6.612767219543457
71889454467773,-4.4864606857299805,0.9224534034729004,3.6168859004974365
71889474243164,-4.722894668579102,3.073733329772949,2.3053133487701416
71889494049072,-4.020442485809326,1.7450218200683594,4.134370803833008
71889513824462,-1.6455137729644775,0.016992568969726563,4.520092487335205
71889533630371,0.5828683376312256,-0.5049037933349609,4.385591506958008
71889553405761,1.7217280864715576,-1.2167091369628906,4.238525867462158
71889573181152,1.5876424312591553,-1.1690149307250977,4.100866794586182
71889592987060,1.258863925933838,-0.25602149963378906,4.026860237121582
71889612762451,2.701611280441284,1.0067672729492188,2.9906740188598633
71889632537841,3.713794708251953,1.5735797882080078,1.3825674057006836
71889652313232,3.5907504558563232,1.4848823547363281,0.192732572555542
71889672119140,3.855473756790161,1.074289321899414,0.30246078968048096
71889691894531,4.200174808502197,0.8084039688110352,0.7870561480522156
71889711700439,2.5103282928466797,0.6124143600463867,7.016536712646484
71889731475830,4.149975776672363,-0.18222332000732422,-1.3111628293991089
71889751281738,1.6336946487426758,-1.1228561401367188,-11.129870414733887
71889771087646,2.740370273590088,-0.6905717849731445,-11.77906322479248
71889790832519,3.334909439086914,-0.8677692413330078,-0.37803781032562256
71889810638427,3.840792655944824,-0.989628791809082,-1.142277479171753
71889830413818,5.722923278808594,-1.0138330459594727,-1.3208940029144287
71889850219726,7.046236038208008,-0.7915554046630859,-2.995389938354492
71889869995117,7.425018787384033,-0.34964942932128906,-3.4635438919067383
71889889801025,8.411317825317383,-0.19153976440429688,-1.4457309246063232
71889909576416,9.317551612854004,-1.2548742294311523,1.2719358205795288
71889929351806,9.132291793823242,-1.884474754333496,-1.1288325786590576
71889949157714,6.927073955535889,-1.5055122375488281,-5.80145788192749
71889968933105,5.39716911315918,-3.2947397232055664,-11.437891960144043
71889988739013,9.832286834716797,-2.406402587890625,-1.3517783880233765
71890008514404,4.131138324737549,-4.92348575592041,3.4145171642303467
71890028320312,1.8546581268310547,-6.177173614501953,0.9189004302024841
71890048095703,4.071039199829102,-9.477624893188477,2.888047218322754
71890067901611,2.29807710647583,-10.918112754821777,6.556462287902832
71890087677001,-2.712947368621826,-11.11899471282959,5.330540180206299
71890107482910,-10.661843299865723,-10.497672080993652,-3.523313283920288
71890127258300,-6.382383823394775,-4.3378071784973145,-2.4641036987304688
71890147033691,-7.123517990112305,-3.653931140899658,8.099196434020996
71890166809082,-5.900588512420654,1.042922019958496,8.238033294677734
71890186614990,-2.194028377532959,5.673307418823242,2.9034199714660645
71890206390380,0.9343347549438477,6.454918384552002,3.018718957901001
71890226196289,1.3040170669555664,4.272602081298828,5.71185302734375
71890245971679,-1.577287197113037,1.4377408027648926,7.15692138671875
71890265747070,-4.628675937652588,1.4055547714233398,6.422983169555664
71890285552978,-5.744509696960449,3.3328418731689453,7.473010540008545
71890305389404,-7.971999645233154,4.418656826019287,7.733968734741211
71890325134277,-9.09721851348877,5.703878879547119,6.612824440002441
71890344909667,-9.794822692871094,5.968202114105225,4.849693775177002
71890364685058,-6.825192451477051,4.087969779968262,6.213813781738281
71890384490966,-4.032099723815918,-0.2627401351928711,0.501624345779419
71890404266357,15.630796432495117,-11.762472152709961,-17.072154998779297
71890424072265,15.737014770507813,-11.666265487670898,8.492332458496094
71890443817138,15.45079517364502,-6.254688739776611,-1.5339150428771973
71890463653564,-7.238030433654785,2.5250349044799805,-7.956271171569824
71890483428955,-9.022850036621094,0.09384393692016602,-0.1524972915649414
71890503204345,-11.554564476013184,-8.215831756591797,10.912581443786621
71890523010253,-13.023689270019531,-11.825750350952148,3.487492322921753
71890542785644,-1.66302490234375,-7.598848342895508,8.779468536376953
71890562561035,-3.5760953426361084,-0.8979530334472656,6.633152961730957
71890582366943,-4.799005508422852,1.8521642684936523,4.980988025665283
71890602142333,-3.6529910564422607,1.2728071212768555,4.184602737426758
71890621948242,-0.3864922523498535,0.6957607269287109,4.445712089538574
71890641723632,2.795661211013794,0.3060178756713867,4.679920196533203
71890661499023,3.5872130393981934,-0.22661113739013672,5.483938217163086
71890681274414,3.9492876529693604,-0.5524511337280273,8.833293914794922
71890701080322,4.6635823249816895,-0.6271953582763672,1.3416872024536133
71890720886230,5.040124893188477,0.11934471130371094,-1.4292106628417969
71890740661621,4.960010528564453,1.2733592987060547,-2.420042037963867
71890760437011,3.330995798110962,2.200350761413574,-2.4883534908294678
71890780212402,3.4423727989196777,2.314554214477539,-1.6428605318069458
71890800018310,3.3164162635803223,0.41461753845214844,0.29499924182891846
71890819824218,1.7375520467758179,0.25723934173583984,-1.2715380191802979
71890839599609,0.11803090572357178,-0.26155567169189453,-10.421077728271484
71890859375000,0.5947690010070801,-0.8096199035644531,-8.275856971740723
71890879150390,3.295243740081787,0.3581066131591797,-1.2302944660186768
71890898925781,3.8853561878204346,0.3013792037963867,0.5997837781906128
71890918731689,3.9034066200256348,-0.00699615478515625,1.475382685661316
71890938507080,3.6077733039855957,-0.6393232345581055,-9.535551071166992E-4
71890958312988,4.915157318115234,-1.254018783569336,-1.065205693244934
71890978088378,4.688867092132568,-2.341093063354492,-2.605672836303711
71890997863769,4.353527545928955,-1.0211915969848633,-3.2599568367004395
71891017669677,6.861089706420898,-1.3792724609375,-1.290304183959961
71891037445068,9.429408073425293,-2.4869556427001953,-4.835917949676514
71891057220458,10.058993339538574,-1.3314533233642578,-12.356146812438965
71891077026367,10.114169120788574,-1.5146121978759766,-5.604135990142822
71891096801757,8.996196746826172,-2.4925098419189453,1.0685453414916992
71891116607666,6.285470962524414,-3.436634063720703,2.5588927268981934
71891136383056,3.1502814292907715,-4.766664505004883,3.1754767894744873
71891156188964,2.711455821990967,-8.860586166381836,4.269694805145264
71891175964355,1.290919542312622,-10.930365562438965,6.692331790924072
71891195770263,-2.124338388442993,-11.131772994995117,3.5975441932678223
71891215545654,-7.958234786987305,-8.636783599853516,-11.25598430633545
71891235321044,-10.09451675415039,-4.708348751068115,1.2914531230926514
71891255126953,-4.650466442108154,-1.8302497863769531,8.120342254638672
71891274902343,-1.800175666809082,3.018357276916504,5.979563236236572
71891294677734,4.134653568267822,6.865586280822754,0.7907421588897705
71891314483642,3.5925731658935547,4.690035820007324,3.3047027587890625
71891334259033,-0.5826482772827148,1.7845745086669922,6.514170169830322
71891354034423,-2.285672664642334,1.8192901611328125,6.993885517120361
71891373840332,-3.9031739234924316,2.3693270683288574,6.9386444091796875
71891393615722,-5.158075332641602,3.3244643211364746,7.003615856170654
71891413421630,-6.75868034362793,3.4334001541137695,7.376913547515869
71891433197021,-8.606342315673828,3.5366458892822266,7.1373982429504395
71891452972412,-10.23539924621582,4.0452680587768555,5.667652130126953
71891472778320,-9.778112411499023,4.820124626159668,4.1292195320129395
71891492553710,-7.348154067993164,2.7280163764953613,4.396038055419922
71891512390136,-1.3728077411651611,-2.6448817253112793,-11.839710235595703
71891532104492,15.714973449707031,-11.612632751464844,-17.2889404296875
71891551910400,15.692877769470215,-11.645224571228027,6.886896133422852
71891571685791,2.4774820804595947,-1.9809513092041016,0.8018796443939209
71891591491699,-8.357465744018555,5.705023288726807,-5.045476913452148
71891611267089,-8.505722999572754,-0.044591426849365234,3.52945613861084
71891631042480,-8.459415435791016,-9.144968032836914,10.870561599731445
71891650817871,-3.7258434295654297,-11.818328857421875,8.409945487976074
71891670623779,-1.7838761806488037,-5.201205730438232,7.8375654220581055
71891690399169,-4.69637393951416,0.37608766555786133,6.282388210296631
71891710174560,-4.133024215698242,2.3478569984436035,5.105752944946289
71891729980468,-2.779587507247925,1.1563072204589844,2.319145441055298
71891749755859,-0.3993828296661377,-0.4341115951538086,1.7630596160888672
71891769531250,1.945117473602295,-1.3141908645629883,2.7294507026672363
71891789337158,1.9190294742584229,-2.3981704711914063,9.259223937988281
71891809112548,2.8466103076934814,-1.5825796127319336,5.300004005432129
71891828887939,3.508650779724121,-0.5040664672851563,0.21119147539138794
71891848693847,2.5425100326538086,1.2903528213500977,-1.7218655347824097
71891868469238,2.7204248905181885,2.562837600708008,-3.9305543899536133
71891888244628,2.8874311447143555,3.2503890991210938,-2.4233107566833496
71891908020019,1.9776740074157715,2.4629249572753906,-0.1657697558403015
71891927825927,2.3802196979522705,1.3616275787353516,2.4192116260528564
71891947601318,2.9285502433776855,1.301772117614746,1.5707054138183594
71891967376708,1.3653489351272583,0.972752571105957,-0.35705554485321045
71891987182617,-2.087862730026245,-0.9436445236206055,-5.610055923461914
71892006988525,0.6825953722000122,-1.6639251708984375,-6.197308540344238
71892026763916,3.4335098266601563,-1.0326547622680664,-2.8255529403686523
71892046539306,3.4991941452026367,-1.394639015197754,0.8084574937820435
71892066314697,6.418476104736328,-0.997314453125,-2.3989078998565674
71892086120605,8.082870483398438,-1.150350570678711,-5.788640975952148
71892105926513,7.577836990356445,-0.9766025543212891,-4.920629024505615
71892125701904,8.688236236572266,-1.0610971450805664,-0.5689159631729126
71892145477294,8.494316101074219,-2.78106689453125,-2.1636338233947754
71892165252685,6.5685529708862305,-4.232206344604492,-11.013744354248047
71892185058593,7.197560787200928,-3.4421472549438477,-9.016844749450684
71892204833984,9.252729415893555,-2.1357192993164063,0.4786224365234375
71892224639892,7.36928129196167,-3.3221817016601563,2.215198278427124
71892244415283,3.358333110809326,-5.307283401489258,1.6147089004516602
71892264221191,2.2560267448425293,-8.780197143554688,3.7829575538635254
71892283996582,2.310533046722412,-10.946269989013672,8.112140655517578
71892303802490,-3.8327932357788086,-11.151469230651855,8.332618713378906
71892323577880,-8.014448165893555,-11.356016159057617,1.1491758823394775
71892343353271,-1.6789650917053223,-4.168580055236816,-7.1740312576293945
71892363159179,-6.7829179763793945,-2.3141326904296875,5.825434684753418
71892382934570,-2.401407241821289,3.1600117683410645,5.210290908813477
71892402709960,0.18140459060668945,6.033297061920166,3.64046311378479
71892422485351,-0.6654739379882813,4.7250075340271,4.137946128845215
71892442291259,-1.6566638946533203,3.421802043914795,5.415985107421875
71892462097167,-4.112443447113037,1.9158291816711426,6.318803787231445
71892481872558,-5.091962814331055,2.781209945678711,6.407005310058594
71892501647949,-6.769486904144287,3.601714611053467,6.515325546264648
71892521453857,-7.8914008140563965,4.22559928894043,7.012179374694824
71892541259765,-9.258995056152344,4.994661331176758,6.795207500457764
71892561004638,-9.771066665649414,5.250627517700195,5.122865676879883
71892580810546,-9.325599670410156,4.0120849609375,4.496912002563477
71892600585937,-4.554921627044678,-1.3548541069030762,-1.1644999980926514
71892620361328,15.44788932800293,-11.715302467346191,-17.538328170776367
71892640167236,15.570951461791992,-11.608692169189453,7.346449851989746
71892659942626,14.309252738952637,-0.2982940673828125,-1.9086616039276123
71892679718017,-5.302217960357666,6.03291654586792,-4.245480537414551
71892699523925,-7.558149337768555,-0.03130626678466797,3.8114142417907715
71892719360351,-9.924514770507813,-9.720113754272461,9.461166381835938
71892739105224,-7.362110137939453,-11.788519859313965,-4.368936538696289
71892758880615,-2.4056107997894287,-6.541088104248047,7.038022041320801
71892778656005,-4.563532829284668,0.9696545600891113,7.630532264709473
71892798431396,-5.391057968139648,3.4796743392944336,6.055567741394043
71892818237304,-3.534900426864624,1.7808613777160645,3.578258514404297
71892838012695,-0.7336263656616211,-0.9189815521240234,3.1626009941101074
71892857788085,2.7898831367492676,-1.9214668273925781,3.2319588661193848
71892877563476,3.763242721557617,-2.778593063354492,10.304884910583496
71892897338867,3.86777925491333,-1.8708887100219727,3.6108222007751465
71892917144775,2.7874205112457275,-0.45320606231689453,-0.5356523394584656
71892936920166,2.0720157623291016,2.039674758911133,-1.0612709522247314
71892956695556,2.2223496437072754,3.4448375701904297,-3.015024423599243
71892976470947,1.8392226696014404,3.5682716369628906,-3.8804922103881836
71892996276855,1.6269335746765137,1.6583433151245117,-2.1515002250671387
71893016052246,1.8858568668365479,-0.1452178955078125,1.2907891273498535
71893035858154,1.2607017755508423,0.594996452331543,1.126611590385437
71893055633544,0.050397276878356934,0.9755258560180664,-0.9002634286880493
71893075439453,-1.5059947967529297,-1.114079475402832,-6.814599990844727
71893095214843,2.3525567054748535,-1.283177375793457,-5.115664482116699
71893114990234,4.575479507446289,-0.06818580627441406,-1.3430523872375488
71893134765625,4.9465837478637695,0.5306081771850586,1.188321590423584
71893154541015,7.085331439971924,-0.8290739059448242,-0.6881303787231445
71893174346923,5.426004409790039,-2.0105905532836914,-4.024820804595947
71893194122314,5.9381537437438965,-1.3893613815307617,-5.1291046142578125
71893213928222,7.239509582519531,-1.2120847702026367,-1.94343101978302
71893233703613,6.2944464683532715,-2.8090896606445313,-1.6088756322860718
71893253479003,5.967118740081787,-3.3944873809814453,-6.196239471435547
71893273254394,6.330791473388672,-1.9698200225830078,-10.783519744873047
71893293029785,6.550098419189453,-1.7470779418945313,-6.479523181915283
71893312835693,8.201807975769043,-2.1116104125976563,0.09530487656593323
71893332611083,6.382662773132324,-3.0466480255126953,2.1575570106506348
71893352386474,3.0292553901672363,-4.838131904602051,2.310178279876709
71893372192382,2.1019275188446045,-8.645291328430176,4.065555572509766
71893391967773,0.6483027935028076,-10.910039901733398,6.793970584869385
71893411773681,-4.958775043487549,-11.081323623657227,5.281145095825195
71893431549072,-6.845584869384766,-7.188266754150391,-10.66210651397705
71893451324462,-2.4800667762756348,-3.2085275650024414,-2.6428730487823486
71893471130371,-4.613675594329834,-1.0036864280700684,7.221127510070801
71893490905761,-2.371344566345215,2.5204052925109863,6.742691993713379
71893510650634,0.37062978744506836,5.241844654083252,1.3688268661499023
71893530456542,0.4129471778869629,4.102090835571289,3.7061798572540283
71893550231933,-1.658609390258789,1.5094585418701172,4.732419013977051
71893570007324,-2.6358370780944824,1.4073238372802734,5.346304893493652
71893589813232,-4.554442882537842,1.9930753707885742,5.563046932220459
71893609588623,-6.454668998718262,3.032808303833008,6.402752876281738
71893629394531,-8.41689395904541,4.084072113037109,6.979413986206055
71893649169921,-9.392111778259277,5.363690376281738,6.125085830688477
71893668975830,-9.755852699279785,5.2890400886535645,4.479412078857422
71893688751220,-7.469705581665039,3.511531352996826,3.273031234741211
71893708526611,-4.064602851867676,-0.20941400527954102,-0.011820316314697266
71893728302001,6.637946128845215,-11.618490219116211,-17.836589813232422
71893748077392,15.564146995544434,-11.498783111572266,-2.2015366554260254
71893767852783,15.42501449584961,-3.607938289642334,0.5484282970428467
71893787658691,-5.047794818878174,4.092996120452881,-3.2525649070739746
71893807434082,-9.24344253540039,1.1623282432556152,0.22291064262390137
71893827209472,-9.678876876831055,-5.663284778594971,11.87921142578125
71893847015380,-8.06046199798584,-11.729488372802734,5.641698837280273
71893866790771,-2.8999950885772705,-9.905281066894531,5.818868637084961
71893886596679,-4.301148414611816,-1.340947151184082,6.493741989135742
71893906372070,-4.525638580322266,1.6758532524108887,4.292613983154297
71893926208496,-3.813004493713379,0.7756490707397461,0.6677111387252808
71893945953369,-1.503347635269165,-0.008012771606445313,1.9339361190795898
71893965728759,-0.04423046112060547,-0.34621524810791016,3.1218535900115967
71893985504150,1.4083821773529053,-0.6517372131347656,3.340287685394287
71894005279541,1.0121476650238037,-0.6382522583007813,7.7212443351745605
71894025085449,1.6936922073364258,-0.5494270324707031,4.912662982940674
71894044860839,3.588517427444458,0.08770275115966797,0.3023824691772461
71894064666748,3.821962594985962,1.300694465637207,-1.3834906816482544
71894084411621,2.1764800548553467,1.9580631256103516,-1.99632728099823
71894104217529,2.379502534866333,1.9653778076171875,-1.0683318376541138
71894123992919,3.4623401165008545,0.8995094299316406,0.12421208620071411
71894143798828,2.67680025100708,0.8208379745483398,0.7885442972183228
71894163543701,1.1477758884429932,1.5568761825561523,6.2151594161987305
71894183349609,1.8964855670928955,-0.08478164672851563,-0.06093472242355347
71894203125000,3.3578338623046875,-0.23349475860595703,-2.981081962585449
71894222930908,3.453364372253418,-0.7376432418823242,-1.9870960712432861
71894242706298,2.8255715370178223,-3.2351837158203125,-5.169835567474365
71894262481689,5.98512077331543,-0.6412496566772461,-13.141056060791016
71894282257080,9.235626220703125,0.5237264633178711,-5.678021430969238
71894302062988,9.204394340515137,-1.048111915588379,-1.2672312259674072
71894321838378,9.237064361572266,-0.39748477935791016,0.1412564516067505
71894341613769,8.942800521850586,0.2671985626220703,1.2739206552505493
71894361389160,5.800686836242676,-1.936152458190918,-1.0677636861801147
71894381195068,4.588624954223633,-3.1848716735839844,-9.327690124511719
71894400970458,4.866952419281006,-3.287417411804199,-12.256157875061035
71894420745849,7.917960166931152,-1.8789644241333008,-3.116915702819824
71894440521240,8.111231803894043,-2.694181442260742,3.010723829269409
71894460327148,5.285256385803223,-4.039279937744141,3.5575106143951416
71894480102539,2.8314502239227295,-6.700304985046387,1.8707201480865479
71894499908447,2.8116204738616943,-10.121210098266602,3.8913159370422363
71894519683837,1.2680487632751465,-10.927200317382813,5.43746280670166
71894539459228,-6.699855804443359,-11.136902809143066,5.595452785491943
71894559265136,-6.693351745605469,-6.6401567459106445,-8.271276473999023
71894579040527,-5.564075946807861,-3.558967113494873,-0.3804119825363159
71894598815917,-5.083749771118164,0.3363003730773926,5.097208023071289
71894618591308,-0.42376041412353516,4.391715049743652,5.589067459106445
71894638366699,1.3675527572631836,5.184567451477051,4.53872013092041
71894658172607,0.04613971710205078,3.9599552154541016,3.900726795196533
71894677947998,-1.5718717575073242,3.097731113433838,4.955477714538574
71894697753906,-4.754968643188477,1.1239957809448242,5.125690460205078
71894717529296,-5.652337074279785,2.187683582305908,5.662192344665527
71894737304687,-8.143366813659668,2.3504624366760254,6.466412544250488
71894757110595,-9.35979175567627,3.3921947479248047,7.053672790527344
71894776885986,-8.598406791687012,4.747284412384033,6.371502876281738
71894796661376,-7.944605350494385,4.5688066482543945,5.538931846618652
71894816436767,-5.283368110656738,3.099630355834961,5.607659339904785
71894836242675,-3.2473373413085938,-1.7161426544189453,1.3116769790649414
71894856018066,15.413680076599121,-11.570066452026367,-17.965065002441406
71894875793457,15.523303985595703,-11.427752494812012,5.6192097663879395
71894895568847,15.301669120788574,-2.2038769721984863,-1.548435091972351
71894915344238,-3.8068747520446777,3.8064393997192383,-5.60467529296875
71894935150146,-10.663843154907227,-0.1563735008239746,-1.9724422693252563
71894954925537,-10.603584289550781,-7.514728546142578,6.090888023376465
71894974731445,-5.895534992218018,-11.602330207824707,5.3715386390686035
71894994506835,-2.00534987449646,-9.346039772033691,7.523013114929199
71895014282226,-4.8765974044799805,-0.6109809875488281,6.052849769592285
71895034088134,-5.558554649353027,2.970071792602539,3.6880197525024414
71895053863525,-4.506070137023926,3.656139373779297,2.14837646484375
71895073669433,-2.728698968887329,1.3476362228393555,3.085817337036133
71895093444824,-2.025406837463379,-0.9609661102294922,3.0766055583953857
71895113220214,0.09441018104553223,-2.2385120391845703,2.3181304931640625
71895133087158,1.0386736392974854,-2.1728219985961914,2.768494129180908
71895152801513,1.6157777309417725,-1.2286157608032227,3.287783622741699
71895172576904,2.262089490890503,-0.0964040756225586,2.9945881366729736
71895192352294,2.4350430965423584,0.8859653472900391,2.2503957748413086
71895212158203,2.9058175086975098,1.763014793395996,1.3344132900238037
71895231964111,4.4078826904296875,1.9599905014038086,0.6645205616950989
71895251739501,5.333957672119141,1.3513050079345703,0.34854066371917725
71895271514892,4.433265209197998,1.7639551162719727,0.265953004360199
71895291290283,3.41163969039917,2.233377456665039,1.6794639825820923
71895311096191,0.3616141080856323,-0.4425811767578125,-1.0573253631591797
71895330871582,3.995702028274536,-0.545750617980957,-5.718954086303711
71895350646972,4.498748779296875,-0.7237043380737305,-7.160749435424805
71895370422363,3.258650541305542,-1.8690509796142578,-5.892783164978027
71895390197753,5.212151527404785,-0.853734016418457,-5.619388580322266
71895410003662,7.544869899749756,-0.14799118041992188,-5.1993913650512695
71895429779052,7.79725456237793,-0.47360992431640625,-1.9829223155975342
71895449554443,7.928041458129883,0.008783340454101563,-1.2249399423599243
71895469329833,7.582821846008301,-0.2743654251098633,-0.7722020149230957
71895489135742,6.89137601852417,-1.8840522766113281,-1.8531672954559326
71895508911132,7.584146499633789,-1.3079500198364258,-3.871030807495117
71895528717041,6.310816287994385,-1.634852409362793,-6.570318698883057
71895548492431,7.225764274597168,-3.0107336044311523,-6.895319938659668
71895568267822,7.4450507164001465,-3.442084312438965,-0.6528021693229675
71895588287353,3.326442241668701,-5.268763542175293,2.3143746852874756
71895608062744,1.6250004768371582,-8.125117301940918,1.4635859727859497
71895627838134,1.9692106246948242,-10.723546028137207,2.648103713989258
71895647644042,0.9570040702819824,-10.86640453338623,4.998453140258789
71895667419433,-4.283449172973633,-11.078374862670898,2.3646252155303955
71895687194824,-12.894866943359375,-8.204445838928223,-3.1120285987854004
71895707000732,-6.73616886138916,-3.380156993865967,0.49211668968200684
71895726776123,-4.499462127685547,0.6666259765625,3.917956590652466
71895746551513,-1.597421646118164,3.7852087020874023,3.482213020324707
71895766326904,-0.7211408615112305,4.198692798614502,3.5946619510650635
71895786102294,-0.7387685775756836,3.6581125259399414,4.042198657989502
71895805877685,-0.2759737968444824,3.2305283546447754,4.234248161315918
71895825653076,0.05943918228149414,1.8939146995544434,4.7244977951049805
71895845458984,-1.5130319595336914,2.099240303039551,6.44542121887207
71895865264892,-5.928928852081299,3.000030517578125,6.811117649078369
71895885040283,-7.765210151672363,3.765913963317871,7.014277935028076
71895904815673,-8.610980987548828,4.571845054626465,6.338177680969238
71895924621582,-8.863991737365723,4.66362190246582,4.677907943725586
71895944183349,-5.517111778259277,3.5236473083496094,4.14449405670166
71895964172363,-2.6094040870666504,2.744006633758545,4.924051284790039
71895983947753,0.20711851119995117,-1.4887943267822266,-4.707714080810547
71896003723144,15.648130416870117,-11.472955703735352,-17.65385627746582
71896023498535,15.609212875366211,-11.455070495605469,1.4328529834747314
71896043273925,10.243578910827637,-2.8479676246643066,-3.0176942348480225
71896063079833,-5.590096473693848,4.250923156738281,-5.110271453857422
71896082855224,-9.087181091308594,4.909951686859131,-2.8777167797088623
71896102630615,-12.450233459472656,-4.4947123527526855,4.962632179260254
71896122406005,-8.876791954040527,-11.73231315612793,10.07406234741211
71896142211914,-4.124166488647461,-11.50871467590332,6.611791610717773
71896161987304,0.02802729606628418,-4.45989990234375,6.552170753479004
71896181762695,-3.4724113941192627,0.9698696136474609,3.3153610229492188
71896201538085,-3.3583900928497314,3.100271224975586,2.600835084915161
71896221343994,-1.5634334087371826,1.7504463195800781,3.7956883907318115
71896241119384,-0.48065662384033203,0.31498050689697266,5.275205612182617
71896260894775,1.1774566173553467,-1.6029634475708008,4.486327171325684
71896280670166,2.004302978515625,-2.3368139266967773,4.304136276245117
71896300445556,2.258654832839966,-1.405527114868164,4.306275844573975
71896320251464,2.6345748901367188,-0.09747600555419922,3.14829158782959
71896340087890,3.704758644104004,1.3465356826782227,1.4907557964324951
71896359832763,4.1542253494262695,2.078516960144043,-0.0947256088256836
71896379577636,3.0279600620269775,2.4154348373413086,-1.1585843563079834
71896399353027,3.511336088180542,1.896693229675293,-1.2974579334259033
71896419158935,3.029336929321289,0.7387399673461914,3.4057459831237793
71896438934326,3.1175537109375,0.8469295501708984,-0.7554905414581299
71896458709716,2.6343202590942383,0.7858314514160156,-1.268220067024231
71896478485107,0.11891555786132813,-1.3795642852783203,-6.713254928588867
71896498260498,2.8337204456329346,-1.147542953491211,-12.207700729370117
71896518035888,4.834891319274902,0.7542219161987305,-1.7531648874282837
71896537811279,3.8272347450256348,0.1659832000732422,0.9990066289901733
71896557586669,4.322474956512451,-0.01776123046875,0.7918297052383423
71896577362060,4.444433689117432,0.5700817108154297,-0.7705230712890625
71896597137451,5.0888471603393555,-0.7631692886352539,-2.968651533126831
71896616912841,5.542422771453857,-1.9323902130126953,-4.6528520584106445
71896636688232,6.925717830657959,-1.2301149368286133,-2.669919967651367
71896656463623,6.571910858154297,-1.2269010543823242,0.32926905155181885
71896676879882,5.20560359954834,-2.7750864028930664,-2.375739097595215
71896697875976,5.198944568634033,-2.596799850463867,-8.603968620300293
71896716430664,7.061305999755859,-2.437410354614258,-12.340641975402832
71896736236572,8.303478240966797,-1.6162452697753906,-2.2898008823394775
71896755981445,9.349984169006348,-1.2695121765136719,3.468731641769409
71896775756835,5.872597694396973,-2.5359458923339844,2.652994155883789
71896795562744,3.5894103050231934,-5.024094581604004,1.668641448020935
71896815338134,4.528051853179932,-8.987029075622559,3.8583474159240723
71896835113525,-0.11095046997070313,-10.895974159240723,6.7399396896362305
71896854888916,-7.407556533813477,-11.105446815490723,10.491787910461426
71896874664306,-8.138452529907227,-7.538818359375,-2.564958095550537
71896894439697,-4.568640232086182,-2.3782958984375,-5.40738582611084
71896914215087,-6.470425128936768,-0.44419240951538086,5.339663505554199
71896933959960,-0.8766388893127441,4.070051193237305,5.76397705078125
71896953735351,1.3107104301452637,4.900862693786621,4.471177101135254
71896973510742,0.36437225341796875,3.6041836738586426,3.602416515350342
71896993316650,-1.249518871307373,2.5244359970092773,5.123727798461914
71897013092041,-3.7913098335266113,0.9732093811035156,5.8969011306762695
71897032867431,-5.28886079788208,2.00528621673584,6.017342567443848
71897052642822,-7.133999347686768,3.1907644271850586,6.178429126739502
71897072387695,-8.447426795959473,4.0512919425964355,6.754584312438965
71897092163085,-8.720776557922363,5.294275760650635,6.191598892211914
71897111938476,-8.51171588897705,5.049888610839844,5.268290042877197
71897131713867,-6.32772970199585,3.5409183502197266,5.288530349731445
71897151489257,-2.879727840423584,-0.36742210388183594,2.3522610664367676
71897171264648,15.531393051147461,-11.534017562866211,-17.693716049194336
71897191040039,15.665234565734863,-11.37618637084961,2.375908851623535
71897210784912,15.516594886779785,-2.305757522583008,-0.896702766418457
71897230590820,-2.5846009254455566,4.871525764465332,-6.94972562789917
71897250366210,-9.695483207702637,3.1131181716918945,-1.2552037239074707
71897270141601,-9.245922088623047,-4.520885944366455,7.685279846191406
71897289916992,-6.639026641845703,-11.640384674072266,7.6761674880981445
71897309692382,0.2779829502105713,-11.483377456665039,5.65214729309082
71897329467773,-2.6281988620758057,-2.8781585693359375,4.294755458831787
71897349243164,-5.501642227172852,2.006275177001953,3.381011486053467
71897369018554,-4.907060146331787,3.9076156616210938,2.816894054412842
71897388793945,-3.38179087638855,2.5444717407226563,2.6271159648895264
71897408569335,-2.377187490463257,0.43838024139404297,2.212902069091797
71897428344726,-0.2730884552001953,-1.785933494567871,1.359352469444275
71897448120117,1.1517088413238525,-3.103182792663574,1.6460888385772705
71897467895507,1.2236218452453613,-1.9069957733154297,2.0919461250305176
71897487670898,1.3615670204162598,0.11053848266601563,2.9245381355285645
71897507446289,2.0240073204040527,1.7300081253051758,2.4810996055603027
71897527221679,2.334028720855713,2.284658432006836,0.6938982605934143
71897547058105,2.805800199508667,2.6327667236328125,0.6293169260025024
71897566772460,2.8050696849823,1.818772315979004,1.002856731414795
71897586547851,3.244509220123291,1.443018913269043,2.237807035446167
71897606323242,2.9708592891693115,1.1941213607788086,0.6578365564346313
71897626098632,1.5401215553283691,-0.08283329010009766,-0.5005699396133423
71897645904541,0.9089950323104858,-1.3711004257202148,-4.668694496154785
71897665679931,2.519045352935791,-1.8028278350830078,-9.871983528137207
71897685668945,3.962360143661499,-1.2733116149902344,-5.436456680297852
71897705200195,4.5305328369140625,-0.5728549957275391,-2.1034159660339355
71897724975585,6.640805721282959,-0.6650352478027344,-4.457569122314453
71897744750976,6.819592475891113,-0.9028415679931641,-3.887183904647827
71897764648437,7.442431449890137,-0.37390995025634766,-2.4672460556030273
71897784301757,8.826175689697266,-0.3115863800048828,-0.24935472011566162
71897804077148,9.425873756408691,-1.5337457656860352,0.601553201675415
71897823852539,6.4856038093566895,-2.272902488708496,-4.8023681640625
71897843627929,7.019115924835205,-2.125155448913574,-11.355123519897461
71897863586425,7.739529609680176,-2.4179534912109375,-5.408686637878418
71897883178710,7.328876972198486,-2.739537239074707,1.233302116394043
71897902954101,4.32403564453125,-3.8644657135009766,0.9553623199462891
71897922729492,3.26548433303833,-5.76131534576416,1.0802114009857178
71897942504882,2.010946273803711,-10.047106742858887,3.7247655391693115
71897962280273,0.30988264083862305,-10.804500579833984,6.636693000793457
71897982055664,-6.952625274658203,-11.022202491760254,10.784149169921875
71898001770019,-5.767075061798096,-5.535040855407715,6.680641174316406
71898021606445,-0.760650634765625,0.4960899353027344,-10.797905921936035
71898041381835,-4.790874481201172,-0.3684720993041992,3.9404847621917725
71898061096191,-1.51448392868042,2.0911288261413574,7.631568431854248
71898080932617,0.09035158157348633,3.633425235748291,3.9344675540924072
71898100708007,-0.777101993560791,3.3102259635925293,3.053866147994995
71898120483398,-1.0826659202575684,3.401832103729248,4.52147102355957
71898140289306,-4.756424903869629,1.2465262413024902,5.0953288078308105
71898160064697,-5.976382732391357,2.305220127105713,5.7250871658325195
71898179840087,-7.957879066467285,2.9330148696899414,6.209666728973389
71898199554443,-8.193045616149902,4.388634204864502,6.351022720336914
71898219390869,-8.674959182739258,5.249697685241699,5.541282653808594
71898239166259,-7.999752044677734,4.73931360244751,4.947127342224121
71898258880615,-6.574982643127441,2.9915943145751953,5.69209098815918
71898278717041,-1.189960241317749,-1.629465103149414,0.5244958400726318
71898298431396,15.596251487731934,-11.434200286865234,-17.882795333862305
71898318267822,15.748628616333008,-11.325119018554688,4.368839740753174
71898337982177,12.10464096069336,-0.31845951080322266,-1.5463385581970215
71898357849121,-6.124445915222168,3.1727795600891113,-4.529448509216309
71898377624511,-8.110021591186523,-1.351311206817627,1.7609467506408691
71898397399902,-9.16363525390625,-8.296689987182617,8.601160049438477
71898417114257,-8.999489784240723,-11.46304702758789,-4.0219550132751465
71898438018798,-3.5924041271209717,-4.977014541625977,7.4630303382873535
71898456665039,-5.151939392089844,0.49482154846191406,6.535270690917969
71898476501464,-4.450955867767334,2.4899988174438477,4.417458534240723
71898496276855,-2.5371315479278564,1.3783931732177734,2.162759304046631
71898516052246,-2.309866428375244,0.5980682373046875,3.1512064933776855
71898535827636,-1.3163981437683105,-0.003894805908203125,3.181713104248047
71898555603027,1.5016820430755615,-0.7282218933105469,2.575256109237671
71898575378417,3.5799996852874756,-0.7545204162597656,2.56734561920166
71898595123291,3.3949549198150635,-0.38549041748046875,3.3379993438720703
71898614959716,2.3154819011688232,1.0591278076171875,7.811469554901123
71898634704589,6.196447372436523,1.3034296035766602,1.0183054208755493
71898654449462,4.716197967529297,1.6864051818847656,-1.843672275543213
71898674224853,2.7156314849853516,1.6636810302734375,-2.8938112258911133
71898694030761,2.349349021911621,1.1351299285888672,-2.2532825469970703
71898713775634,2.025137424468994,0.7653388977050781,2.5312294960021973
71898733581542,1.0485129356384277,-0.5239505767822266,-0.08819591999053955
71898753417968,0.8929463624954224,-1.9918813705444336,-7.35169792175293
71898773132324,2.4265666007995605,-1.2185630798339844,-10.620515823364258
71898792877197,4.309078216552734,-0.0830221176147461,-2.6295764446258545
71898812652587,4.11329984664917,-0.4460792541503906,1.3289268016815186
71898832427978,6.2730183601379395,-0.19594383239746094,-1.0408642292022705
71898852203369,6.4369916915893555,-1.1369295120239258,-5.399762153625488
71898871978759,7.138941764831543,-1.1020526885986328,-6.158597946166992
71898891754150,7.717667102813721,-0.5067672729492188,-2.1284825801849365
71898911529541,8.720314025878906,-0.7781963348388672,1.3628937005996704
71898931304931,7.55111026763916,-1.8357009887695313,-2.9079720973968506
71898951080322,7.528683662414551,-1.2219266891479492,-9.30639362335205
71898972442626,7.253386497497559,-1.0869770050048828,-9.323468208312988
71898990631103,8.74774169921875,-1.5130109786987305,-0.9894472360610962
71899010406494,7.453558921813965,-2.89208984375,2.8450698852539063
71899030181884,4.219192981719971,-4.90313720703125,1.8753437995910645
71899049987792,4.284083366394043,-8.740644454956055,2.409175157546997
71899069763183,1.2297446727752686,-10.800626754760742,6.116044044494629
71899089477539,-1.7617056369781494,-11.01260757446289,7.385335445404053
71899109252929,-9.527036666870117,-11.2560453414917,6.791041374206543
71899603607177,-2.270324468612671,2.0023841857910156,4.2424821853637695
71899623565673,0.32546472549438477,0.274810791015625,4.2398529052734375
71899643341064,3.648275136947632,1.4788751602172852,5.506966590881348
71899664001464,4.234752178192139,0.6659383773803711,5.514100551605225
71899682891845,2.737666606903076,-0.23998069763183594,8.79456615447998
71899702606201,3.206423282623291,-0.1512584686279297,1.64790940284729
71899722442626,3.7424888610839844,0.25310230255126953,-0.6981269717216492
71899742218017,3.6824727058410645,1.0753374099731445,-1.823390245437622
71899762176513,2.3973093032836914,1.4582490921020508,-1.8689489364624023
71899781768798,1.8061003684997559,1.2791051864624023,-2.4048187732696533
71899801544189,2.1043055057525635,1.0892419815063477,-1.126086711883545
71899821319580,2.522815704345703,0.37326812744140625,1.2148842811584473
71899842712402,2.172729969024658,-0.3792695999145508,-1.5161136388778687
71899860900878,0.2732808589935303,-2.0822267532348633,-15.421076774597168
71899880676269,2.4232094287872314,-0.11331462860107422,-6.8852081298828125
71899902343750,3.7473032474517822,0.8349161148071289,-0.45165789127349854
71899920196533,3.892507314682007,0.3964681625366211,0.7386505603790283
71899939941406,4.356505870819092,0.21903514862060547,1.743006706237793
71899959838867,4.373224258422852,-0.48424625396728516,0.516291618347168
71899979553222,5.321012020111084,-1.386728286743164,-1.4164987802505493
71899999328613,4.855421543121338,-1.5920295715332031,-2.6984469890594482
71900019104003,6.412713050842285,-0.6155910491943359,-4.279561996459961
71900038818359,8.798171997070313,-0.2177734375,-4.276554107666016
71900058654785,8.7034912109375,-1.8843612670898438,-5.602790832519531
71900078430175,8.287714004516602,-1.5606632232666016,-8.71694564819336
71900098205566,9.783010482788086,0.1598644256591797,-5.626355171203613
71900117980957,8.750054359436035,-1.457315444946289,-1.771283745765686
71900137756347,7.662782669067383,-2.232736587524414,0.42554521560668945
71900157531738,5.301843166351318,-3.317807197570801,1.2531033754348755
71900177246093,2.677943229675293,-5.933013916015625,1.9705477952957153
71900197082519,2.688523530960083,-10.1947660446167,4.41191291809082
71900216888427,-0.7328236103057861,-10.801494598388672,6.450892448425293
71900236633300,-9.33725357055664,-10.971503257751465,9.02560806274414
71900256439208,-3.168714761734009,-4.84999942779541,-11.984227180480957
71900276214599,-5.925424575805664,-3.492842674255371,-1.277430534362793
71900295989990,-3.954482078552246,-0.07657241821289063,6.938776016235352
71900315673828,1.0017457008361816,3.1718826293945313,3.2608699798583984
71900335510253,1.4298896789550781,3.8115792274475098,3.3099350929260254
71900355285644,1.3913817405700684,3.861097812652588,4.3522233963012695
71900375061035,-2.330125331878662,3.0465688705444336,5.14411735534668
71900394866943,-4.094244480133057,2.4045791625976563,5.1185760498046875
71900414581298,-5.372544765472412,3.050736904144287,5.587158203125
71900434356689,-7.5835466384887695,3.4972691535949707,6.068475723266602
71900454803466,-8.48146915435791,4.380220413208008,6.422329902648926
71900473876953,-9.227670669555664,5.704034328460693,5.430379867553711
71933725646972,0.20645713806152344,-0.45361900329589844,4.473172187805176
71933742187500,2.447347402572632,1.151869773864746,2.199207305908203
71933764587402,4.644646644592285,1.505441665649414,-4.075819969177246
71933785247802,6.595512390136719,0.15226173400878906,-3.6840100288391113
71933804962158,7.230607032775879,-1.295074462890625,-1.642979383468628
71933824768066,6.022493362426758,-1.673746109008789,-1.819130301475525
71933844573974,-1.1648364067077637,-0.7735872268676758,1.5087960958480835
71933864349365,-1.3604340553283691,-0.28084850311279297,1.9338748455047607
71933884155273,-2.6741065979003906,-0.05683708190917969,1.7032780647277832
71933903930664,-3.4258265495300293,0.5913143157958984,1.464594841003418
71933923706054,-4.1110711097717285,1.0633673667907715,1.316331386566162
71933943511962,-4.449731826782227,1.45430326461792,1.46043062210083
71933963287353,-4.514253616333008,1.9050359725952148,1.42818284034729
71933983001708,-4.239439964294434,2.0193681716918945,1.6241414546966553
71941620269775,-1.0344561338424683,-2.294186592102051,-1.9142141342163086
71941639923095,-2.7135958671569824,0.4915430545806885,-8.95383358001709
71941660339355,-2.201836585998535,1.5067265033721924,-7.088554382324219
71941680145263,4.335569381713867,3.109866142272949,-5.170533180236816
71941699920654,5.236326217651367,0.7948760986328125,9.828486442565918
71941719299316,0.05880051851272583,-3.4366116523742676,10.010049819946289
71941739562988,-3.4420554637908936,-3.9529948234558105,2.616990089416504
71941758666992,-1.7676963806152344,0.18628013134002686,-5.567198753356934
71941778472900,-0.7179051041603088,2.5353071689605713,-5.858522415161133
71941798248291,0.5680298805236816,1.9022575616836548,-1.1167850494384766
71941818054199,0.6510530710220337,-0.5720947980880737,6.079933166503906
71941837829589,-0.578569769859314,-1.0944583415985107,6.017473220825195
71941857635498,-1.0167814493179321,-0.08878016471862793,-0.6789617538452148
71941877410888,-1.537888765335083,0.8464798927307129,-3.8629331588745117
71941897216796,-0.8630245923995972,0.8294942378997803,-1.9609994888305664
71941916992187,0.5133686065673828,0.6772335767745972,1.2158679962158203
71941936798095,-0.8049026727676392,-0.7524423599243164,1.560439109802246
71941956573486,-1.9419560432434082,-0.7202467918395996,-0.6343183517456055
71941976379394,-1.4055373668670654,0.0927424430847168,-1.9269027709960938
71941996154785,0.2985556423664093,1.6074888706207275,1.454787254333496
71942015960693,0.8708029985427856,0.6753581762313843,1.6891307830810547
71942035766601,-0.6435403227806091,0.2371845245361328,-0.4858865737915039
71942055541992,-2.0421578884124756,-0.557642936706543,-1.216226577758789
71942075347900,-1.8832805156707764,0.11350786685943604,0.43650054931640625
71942095153808,0.055571407079696655,1.0729546546936035,0.48436450958251953
71942114929199,1.9016938209533691,2.358788013458252,-0.7479286193847656
71942134735107,0.6043012142181396,2.317565441131592,-0.9359302520751953
71942154510498,-0.4591289758682251,-1.561506986618042,-0.8893623352050781
71942174285888,-1.469114065170288,-3.049790143966675,2.566202163696289
71942194152832,-1.9559880495071411,-3.728290557861328,5.966579437255859
71942213897705,-0.619192361831665,-2.1943414211273193,-3.6777753829956055
71942233703613,-1.9672919511795044,1.2539997100830078,0.3789539337158203
71942253479003,-0.3473244309425354,1.8150179386138916,1.7175350189208984
71942273284912,0.2975335717201233,-0.09703588485717773,-0.2638826370239258
71942293090820,-0.33073508739471436,0.5516412258148193,-1.5820655822753906
71942312866210,-1.453428864479065,1.3659915924072266,-0.9791603088378906
71942332672119,-1.1692662239074707,1.0792624950408936,2.1084537506103516
71942352447509,-0.32937857508659363,-0.011543750762939453,2.5850629806518555
71942372253417,0.2193506956100464,-0.12918448448181152,0.2437725067138672
71942392028808,-2.8512728214263916,-0.41771697998046875,-12.033707618713379
71942411834716,0.9690160751342773,2.387690544128418,5.7546892166137695
71942431640625,-3.0128960609436035,-0.5393085479736328,2.032672882080078
71942451416015,-3.1717100143432617,-2.8924753665924072,-4.992071151733398
71942471191406,-0.14227420091629028,-0.36818766593933105,-4.402776718139648
71942490997314,1.978999137878418,2.672593116760254,1.12298583984375
71942510772705,0.10723191499710083,1.6981573104858398,4.318147659301758
