71754601715087,0.48457831144332886,2.0033931732177734,7.060977935791016
71754621520996,0.1853962540626526,2.6049139499664307,4.030597686767578
71754641326904,0.531765878200531,1.7794727087020874,1.8585081100463867
71754661163330,-0.8334583640098572,-0.030267417430877686,-0.27916908264160156
71754680938720,-2.5582191944122314,-1.2709294557571411,0.30266761779785156
71754700744628,-2.6559109687805176,-1.3622889518737793,1.9395713806152344
71754720550537,-1.0779685974121094,-0.14743530750274658,2.764303207397461
71754740325927,-0.14363211393356323,0.6595518589019775,0.1282939910888672
71754760162353,0.15686488151550293,1.1304247379302979,-2.936224937438965
71754779937744,0.039023756980895996,0.985592246055603,-4.151198387145996
71754799743652,-0.4358041286468506,0.5881676077842712,-3.1288843154907227
71754819549560,-0.2877044975757599,-0.10349112749099731,-1.7457208633422852
71754839355468,-0.5405203104019165,-1.1236296892166138,-0.9917640686035156
71754859161376,-0.12827956676483154,-0.8510096669197083,-2.838163375854492
71754878967285,-0.10606956481933594,0.018143951892852783,-4.181621551513672
71754898773193,0.015030713751912117,0.5301758050918579,-3.7829227447509766
71754918579101,-0.5678993463516235,0.2867058515548706,-3.785843849182129
71754938385009,-1.1300175189971924,-0.046636223793029785,-3.3377199172973633
71754958160400,-0.5924299359321594,0.29614681005477905,-2.201406478881836
71754977996826,0.20116570591926575,0.8466041684150696,-1.280308723449707
71754997772216,0.10459917038679123,0.6140652298927307,-1.2447919845581055
71755017578125,-0.5155117511749268,0.28078949451446533,-0.9079465866088867
71755037384033,-1.0469093322753906,0.23684453964233398,-0.05085563659667969
71755057189941,-1.276462435722351,0.10497927665710449,0.7808132171630859
71755076995849,-0.23619796335697174,0.5344759225845337,0.6733083724975586
71755096862792,0.29726821184158325,1.2284152507781982,0.28847217559814453
71755116607666,0.377045214176178,1.3197684288024902,1.514739990234375
71755136383056,0.7696932554244995,0.589663565158844,3.3865814208984375
71755156188964,0.3718721270561218,-0.2865886092185974,4.393424987792969
71755176025390,0.2648358643054962,-0.9350078105926514,4.546181678771973
71755195800781,0.7826446294784546,0.021222300827503204,6.349271774291992
71755215606689,1.0365173816680908,-0.170759379863739,5.751736640930176
71755235382080,0.4033554196357727,-0.7757596969604492,5.699236869812012
71755255187988,-0.3037196695804596,-0.9492073655128479,5.623396873474121
71755274993896,-0.5634577870368958,-0.9643285870552063,4.076418876647949
71755294799804,0.16632968187332153,-0.10964009165763855,0.651524543762207
71755314605712,0.7733728289604187,0.7806246280670166,-2.398932456970215
71755334411621,0.9160900712013245,1.1434848308563232,-4.611188888549805
71755354187011,1.4154261350631714,1.6120929718017578,-4.7235260009765625
71755373992919,1.2339709997177124,0.9796483516693115,-4.637519836425781
71755393798828,0.44624385237693787,0.42611753940582275,-4.524175643920898
71755413635253,0.08495768904685974,0.21390104293823242,-4.20681095123291
71755433410644,-0.044800564646720886,0.027051031589508057,-3.8048200607299805
71755453216552,-0.3324848711490631,-0.3988609313964844,-3.8858022689819336
71755473022460,-0.46347153186798096,-0.7906444072723389,-4.653078079223633
71755492828369,-0.09852388501167297,-0.572406530380249,-4.34808349609375
71755512634277,0.23319265246391296,0.03783774375915527,-3.263381004333496
71755532440185,0.32742130756378174,0.7860002517700195,-1.9568347930908203
71755552246093,0.00575631856918335,0.3533508777618408,-1.958608627319336
71755572052001,-0.19777265191078186,-0.13201773166656494,-3.3387184143066406
71755591827392,-0.32086533308029175,-0.08637344837188721,-4.017126083374023
71755611633300,-0.22921296954154968,0.5585145950317383,-3.1324386596679688
71755631439208,0.5354787111282349,1.429457664489746,-1.6184968948364258
71755651245117,1.047661542892456,1.435208797454834,-1.4802980422973633
71755671051025,0.7240495681762695,0.9816057085990906,-0.32491207122802734
71755690856933,0.07801154255867004,-0.054829955101013184,3.9534072875976563
71755710662841,-0.06031019985675812,-0.5053906440734863,9.823515892028809
71755730468750,-0.6196874380111694,-0.7092645764350891,9.767294883728027
71755750244140,-0.8999347686767578,-0.09073048830032349,9.71771240234375
71755770050048,-0.18750549852848053,0.6489429473876953,9.014498710632324
71755789855957,0.0841171145439148,0.5552303194999695,7.7046308517456055
71755809661865,-0.16955840587615967,0.39325112104415894,6.629631042480469
71755829467773,-0.33339112997055054,-0.2867029309272766,3.9978771209716797
71755849273681,-0.022352904081344604,-0.5238316059112549,1.2091426849365234
71755869049072,0.1997849941253662,-0.3491058349609375,-2.0936222076416016
71755888854980,0.11346578598022461,0.013103365898132324,-4.607657432556152
71755908660888,-0.0016514360904693604,-0.36746150255203247,-4.808159828186035
71755928466796,-0.31579840183258057,-0.8532003164291382,-4.253020286560059
71755948272705,-0.6209443211555481,-1.0917153358459473,-3.0991010665893555
71755968078613,-0.6685651540756226,-1.2371928691864014,-2.5339784622192383
71755987884521,-0.5690698623657227,-1.4696060419082642,-3.9171361923217773
71756007690429,-0.5340981483459473,-1.6162714958190918,-6.388542175292969
71756027496337,-0.6818529367446899,-1.6269738674163818,-7.545838356018066
71756047271728,-0.7920304536819458,-1.4155346155166626,-7.544040679931641
71756067108154,-0.5924174785614014,-0.8664878606796265,-6.6001434326171875
71756086883544,-0.40692833065986633,-0.7747839689254761,-5.61469841003418
71756106689453,-0.42670938372612,-0.7229874134063721,-5.59625244140625
71756126495361,-0.4749574661254883,-0.5780102014541626,-5.255894660949707
71756146301269,-0.18976914882659912,-0.24362504482269287,-4.052461624145508
71756166107177,-0.26432156562805176,-0.26375627517700195,-1.0858745574951172
71756185882568,0.04269494116306305,-1.1958304643630981,2.7735824584960938
71756205688476,1.0728216171264648,-0.3495364189147949,6.096668243408203
71756225494384,1.1253485679626465,0.9822935461997986,8.314925193786621
71756245300292,0.22523550689220428,0.7101861238479614,9.832965850830078
71756265106201,-1.3272044658660889,-1.2247686386108398,9.614376068115234
71756284912109,-1.4773263931274414,-2.3059332370758057,8.685556411743164
71756304779052,-0.8805434703826904,-1.2622509002685547,7.036566734313965
71756324523925,0.20900464057922363,0.7040616273880005,5.999495506286621
71756344299316,0.9890129566192627,1.0800306797027588,3.804811477661133
71756364135742,0.529437780380249,0.47460317611694336,2.075563430786133
71756383941650,-0.234424889087677,-0.05616038292646408,0.8032760620117188
71756403717041,-0.3289787769317627,-0.5431125164031982,-0.2010517120361328
71756423522949,0.4582388401031494,-0.18886524438858032,-0.5714855194091797
71756443328857,1.0981714725494385,0.5836157202720642,-2.295443534851074
71756463134765,1.3137598037719727,0.7764137387275696,-4.753113746643066
71756482910156,2.1263251304626465,1.2090208530426025,-4.9206342697143555
71756502716064,1.2972687482833862,1.2219457626342773,-4.5708160400390625
71756522552490,0.541159987449646,0.5787270665168762,-4.302549362182617
71756542358398,0.009374439716339111,-0.04744154214859009,-3.634608268737793
71756562164306,0.10535788536071777,-0.01689547300338745,-4.068767547607422
71756581939697,0.25097590684890747,0.1258169412612915,-5.0904645919799805
71756601745605,0.6523633599281311,0.48210495710372925,-5.848311424255371
71756621551513,0.8802788853645325,1.2798359394073486,-4.635963439941406
71756641357421,0.8589146733283997,1.0633448362350464,-2.8512096405029297
71756661163330,0.2960638999938965,0.46321237087249756,-2.1267175674438477
71756680969238,-0.10896152257919312,0.3134021759033203,-1.9595699310302734
71756700775146,0.40253764390945435,0.9622811675071716,-1.0800552368164063
71756720581054,0.97463059425354,1.356110692024231,0.037283897399902344
71756740386962,0.7169162034988403,1.0508781671524048,-0.03123188018798828
71756760192871,0.00841301679611206,0.24976956844329834,0.3721027374267578
71756779998779,-0.8002773523330688,-0.26598724722862244,3.988499641418457
71756799774169,-1.9082095623016357,-0.6835862398147583,8.001351356506348
71756819580078,-1.4605880975723267,-1.087170124053955,9.79443645477295
71756839385986,-0.4591881036758423,-0.5271310806274414,9.625658988952637
71756859191894,0.21841701865196228,-0.34004729986190796,9.014181137084961
71756878997802,0.4864305555820465,-0.3358629643917084,9.282928466796875
71756898803710,-0.6111403703689575,-1.1017987728118896,8.280519485473633
71756918609619,-0.8333448767662048,-1.707551121711731,5.225165367126465
71756938415527,-0.017529666423797607,-1.487002968788147,-0.7246503829956055
71756958190917,0.36747562885284424,-0.42816513776779175,-5.636208534240723
71756977996826,0.6784040927886963,0.7721806764602661,-6.415096282958984
71756997802734,0.820069432258606,0.639616847038269,-4.7588701248168945
71757017608642,0.4220089316368103,-0.39071494340896606,-3.282334327697754
71757037414550,-0.08712804317474365,-0.9572762846946716,-2.584104537963867
71757057189941,-0.3085654377937317,-1.128918170928955,-3.140819549560547
71757076995849,0.0235481858253479,-0.7898201942443848,-4.251326560974121
71757096801757,0.007293641567230225,-0.5083682537078857,-4.52226448059082
71757116607666,-0.2300260066986084,-0.9270466566085815,-4.829026222229004
71757136413574,-0.22969657182693481,-0.9474008083343506,-5.434964179992676
71757156188964,-0.3476322889328003,-0.6497440338134766,-5.241020202636719
71757175994873,-0.18722140789031982,-0.11524391174316406,-4.577817916870117
71757195800781,0.12919718027114868,0.4052797555923462,-3.6301746368408203
71757215606689,0.38648492097854614,0.26976239681243896,-3.3420095443725586
71757235412597,0.7862188816070557,-0.012666821479797363,-3.87191104888916
71757255187988,0.21314501762390137,-0.08812594413757324,-2.948526382446289
71757274993896,-0.12591546773910522,0.02759730815887451,0.29253292083740234
71757294799804,0.19312125444412231,-0.48679476976394653,4.024015426635742
71757314575195,1.2121849060058594,-0.18839669227600098,6.758033752441406
71757334381103,0.9538862705230713,0.12835758924484253,6.372527122497559
71757354187011,-1.1736056804656982,-0.7253354787826538,6.17619514465332
71757373992919,-1.878659725189209,-1.7216123342514038,8.466315269470215
71757393798828,-1.292330265045166,-1.6166462898254395,8.659268379211426
71757413604736,-0.5748080015182495,-0.317577987909317,7.223294258117676
71757433410644,-0.03607523441314697,0.04602526128292084,5.9158830642700195
71757453216552,0.19728457927703857,0.2376151978969574,5.143710136413574
71757472991943,0.5628015398979187,0.3533540368080139,1.9432077407836914
71757492797851,0.549698531627655,0.5872330665588379,-1.492208480834961
71757512664794,0.4761795401573181,0.5195025205612183,-3.0991907119750977
71757532440185,0.15424716472625732,0.18096959590911865,-3.424443244934082
71757552215576,0.4815385937690735,0.254047155380249,-3.3355960845947266
71757572021484,0.8705532550811768,0.5958719253540039,-3.745594024658203
71757591827392,1.0282385349273682,0.8075213432312012,-4.244847297668457
71757611633300,0.726139485836029,0.6173972487449646,-4.625241279602051
71757631439208,0.23166614770889282,0.09482395648956299,-4.770664215087891
71757651214599,-0.4677697420120239,-0.6156010627746582,-5.104312896728516
71757671020507,-0.7231313586235046,-0.7216662168502808,-5.031186103820801
71757690826416,0.004721581935882568,-0.027735352516174316,-4.429198265075684
71757710632324,0.34155702590942383,0.4149578809738159,-4.315770149230957
71757730438232,-0.049407958984375,0.4019721746444702,-4.162563323974609
71757750244140,-0.39177775382995605,-0.011231064796447754,-3.234278678894043
71757770050048,-0.269874632358551,-0.19168579578399658,-2.654754638671875
71757789855957,0.26595157384872437,0.16935133934020996,-1.7436599731445313
71757809661865,-0.11955922842025757,0.1983109712600708,0.3129758834838867
71757829467773,0.4214344620704651,0.3325420022010803,2.3368730545043945
71757849273681,0.36903470754623413,0.7054208517074585,2.8679370880126953
71757869049072,0.4451425075531006,1.006486177444458,3.5487966537475586
71757888854980,-0.3088073134422302,0.5861451029777527,6.238271713256836
71757908660888,-1.5678468942642212,-1.896612524986267,9.59801959991455
71757928466796,-1.2065545320510864,-2.4421143531799316,9.748917579650879
71757948272705,-0.43937015533447266,-1.2385368347167969,9.552987098693848
71757968078613,0.05119591951370239,-0.12509489059448242,8.040454864501953
71757987884521,-0.4294058084487915,-0.31313422322273254,6.731442451477051
71758007690429,-0.4648892283439636,-0.8397809267044067,3.3069677352905273
71758027496337,-0.4206046462059021,-1.102437138557434,-0.6563053131103516
71758047302246,-0.20623719692230225,-0.7456411123275757,-3.828214645385742
71758067108154,0.07888412475585938,0.34387683868408203,-5.350946426391602
71758086914062,0.7950617074966431,1.2406165599822998,-5.084649085998535
71758106719970,0.7142952680587769,0.7582111954689026,-3.8135175704956055
71758126525878,0.20470541715621948,-0.3112221956253052,-3.176459312438965
71758146331787,-0.4585447907447815,-1.2096941471099854,-2.945315361022949
71758166137695,-0.41255903244018555,-1.2206460237503052,-3.138880729675293
71758185943603,-0.17001640796661377,-0.8689172267913818,-3.554471015930176
71758205749511,-0.19696277379989624,-0.9691343307495117,-4.736025810241699
71758225555419,-0.24663496017456055,-0.9518680572509766,-5.536822319030762
71758245361328,-0.3029743432998657,-0.8165582418441772,-5.574970245361328
71758265167236,-0.2810782194137573,-0.6346572637557983,-4.863600730895996
71758284942626,0.1715916395187378,-0.01086878776550293,-4.072967529296875
71758304748535,0.6542478799819946,0.4617043733596802,-3.362114906311035
71758324554443,0.6718031167984009,0.36987197399139404,-2.749213218688965
71758344360351,-0.07136595249176025,-0.21673738956451416,-1.4301767349243164
71758364166259,-0.523172914981842,-0.7803566455841064,1.0887689590454102
71758383972167,0.33266681432724,0.5018218159675598,3.8621997833251953
71758403778076,0.9791771173477173,1.1203807592391968,6.338275909423828
71758423583984,0.3084191381931305,0.6627309322357178,7.402439117431641
71758443389892,-1.2197473049163818,-0.6945288777351379,6.817413330078125
71758463195800,-1.2239359617233276,-1.7819092273712158,6.794398307800293
71758482971191,-0.33956006169319153,-1.3072789907455444,6.683192253112793
71758502807617,0.40804576873779297,-0.24887722730636597,5.989945411682129
71758522583007,-0.15245813131332397,-0.402532160282135,6.569463729858398
71758542388916,-1.2670700550079346,-1.1143133640289307,6.036104202270508
71758562194824,-0.6901326775550842,-1.0355921983718872,3.6275901794433594
71758582000732,0.14430320262908936,-0.6175480484962463,0.030450820922851563
71758601776123,1.0911455154418945,0.002439238131046295,-3.5609664916992188
71758621582031,1.5914266109466553,1.155431866645813,-5.383113861083984
71758641387939,1.6531308889389038,0.9286485314369202,-5.328155517578125
71758661193847,1.3928471803665161,0.9615604877471924,-4.753822326660156
71758680999755,1.0180606842041016,0.6423770189285278,-4.892455101013184
71758700805664,0.23232883214950562,0.4244953393936157,-4.270078659057617
71758720672607,-0.12427772581577301,-0.10941755771636963,-3.9969711303710938
71758740417480,-0.7817970514297485,-0.7326698899269104,-3.3647375106811523
71758760223388,-0.6477266550064087,-1.1084132194519043,-2.5738048553466797
71758779998779,0.07458338141441345,-0.617332398891449,-2.0013866424560547
71758799804687,1.3697397708892822,0.3214242458343506,-0.37891292572021484
71758819610595,0.3482068181037903,-0.36757373809814453,1.616440773010254
71758839416503,-0.25082722306251526,-0.6134448647499084,0.4624137878417969
71758859191894,0.6710140705108643,0.803734540939331,-1.611393928527832
71758878997802,0.4401831030845642,0.7217087149620056,-3.062122344970703
71758898803710,1.5544114112854004,0.5478310585021973,-0.2149658203125
71758918579101,3.5934486389160156,3.5577239990234375,-3.0206480026245117
71758938415527,-1.1490516662597656,0.5032627582550049,3.793808937072754
71758958190917,-1.8189713954925537,-0.5050523281097412,2.9798574447631836
71758977996826,-2.2309632301330566,-1.2928892374038696,2.699845314025879
71758997802734,-2.6504056453704834,-1.8968677520751953,2.932584762573242
71759017608642,-0.014713406562805176,0.02655184268951416,3.303466796875
71759037384033,1.8896493911743164,1.2152191400527954,5.094526290893555
71759057220458,0.11036649346351624,0.22971808910369873,2.518524169921875
71759077026367,-1.3539046049118042,-0.9382563829421997,2.598512649536133
71759096801757,-1.7053041458129883,-2.0474562644958496,2.878403663635254
71759116607666,0.12541556358337402,-0.8650479316711426,1.698653221130371
71759136413574,0.7627918720245361,0.058245182037353516,-0.2450580596923828
71759156188964,0.7939735651016235,0.013239860534667969,-0.59326171875
71759176025390,0.3424353301525116,0.06100785732269287,-2.2528247833251953
71759195800781,-0.9742851853370667,-0.8429440259933472,-2.7210588455200195
71759215606689,-0.9450947642326355,-1.1125489473342896,-1.9651832580566406
71759235412597,-0.04832959175109863,-0.5156588554382324,-1.8253602981567383
71759255187988,0.6659168004989624,-0.05659055709838867,-1.4374942779541016
71759274993896,0.8874499797821045,0.1458216905593872,-2.585895538330078
71759294799804,-0.29030102491378784,-0.35676276683807373,-4.220892906188965
71759314605712,-1.5376427173614502,-0.8287687301635742,-5.284014701843262
71759334381103,-1.5902340412139893,-0.5537035465240479,-4.726883888244629
71759354187011,-0.49537622928619385,-0.18769049644470215,-3.1207828521728516
71759373992919,0.6467800736427307,0.6319789886474609,-2.190378189086914
71759393798828,-0.29587113857269287,0.7140839695930481,-3.283376693725586
71759413574218,0.9790576696395874,0.28961074352264404,-1.4362163543701172
71759433380126,0.4195321202278137,-0.10638034343719482,1.7727460861206055
71759453186035,-0.32900470495224,-0.22987765073776245,2.12874698638916
71759472991943,0.3082776665687561,0.5618411302566528,0.9734716415405273
71759492767333,0.6209789514541626,0.5741816759109497,0.8557758331298828
71759512573242,-0.3108087182044983,-0.2170751690864563,3.9441099166870117
71759532379150,-1.0354894399642944,-1.15236234664917,7.995516777038574
71759552185058,-0.9034874439239502,-1.3127286434173584,6.612124443054199
71759571990966,0.10334733128547668,0.08476096391677856,3.2406272888183594
71759591766357,0.7178678512573242,0.1970028579235077,1.680018424987793
71759611572265,0.1270204782485962,-0.7205040454864502,2.651656150817871
71759631378173,-0.7488815188407898,-1.5312331914901733,5.695189476013184
71759651153564,-0.47527480125427246,-1.6197854280471802,5.818382263183594
71759670959472,0.5974181890487671,-0.29001134634017944,2.146839141845703
71759690734863,1.3772127628326416,0.687492311000824,-1.0750789642333984
71759710540771,1.075934648513794,0.8190669417381287,-3.3397703170776367
71759730346679,0.82858806848526,0.40570440888404846,-3.5801658630371094
71759750152587,0.6540044546127319,0.04344615340232849,-2.6326160430908203
71759769958496,0.2675752639770508,-0.1725165843963623,-2.2046585083007813
71759789733886,0.2754729390144348,0.14066660404205322,-2.8107194900512695
71759809539794,0.011157512664794922,0.09156543016433716,-3.833855628967285
71759829345703,-0.13708192110061646,-0.09727403521537781,-3.7853479385375977
71759849151611,-0.5270777940750122,-0.6861982941627502,-2.3272600173950195
71759868927001,0.17512285709381104,-0.22402286529541016,-1.7651433944702148
71759888732910,-0.03133857250213623,-0.010278522968292236,-4.175891876220703
71759908538818,-0.4619746804237366,-0.10792326927185059,-4.844394683837891
71759928375244,-0.11646872758865356,0.3079349994659424,-2.8895931243896484
71759948120117,0.872066855430603,0.8712802529335022,-0.8482475280761719
71759967926025,0.8452818989753723,0.5839405655860901,-0.01797008514404297
71759987731933,0.25281691551208496,0.28352248668670654,0.07687187194824219
71760007537841,0.3745155930519104,0.8162873983383179,-0.29763317108154297
71760027313232,0.8160578012466431,1.1043740510940552,-0.075714111328125
71760047119140,0.122691810131073,0.4726019501686096,3.1740503311157227
71760066925048,-1.1701030731201172,-0.6754209995269775,6.262438774108887
71760086730957,-0.789405882358551,-0.5168006420135498,6.226319313049316
71760106506347,0.3596208095550537,0.49929243326187134,4.976998329162598
71760126312255,0.3577114939689636,0.68720543384552,3.8301286697387695
71760146118164,-0.7992038726806641,-0.24394550919532776,2.955781936645508
71760165893554,-1.5124443769454956,-1.2458209991455078,4.588423728942871
71760185699462,-2.032987117767334,-1.7031022310256958,4.886737823486328
71760205505371,-1.0025343894958496,-0.8775404691696167,0.909942626953125
71760225311279,-0.0665287971496582,-0.1275247037410736,-2.0859689712524414
71760245086669,0.760878324508667,0.5473446846008301,-2.2280101776123047
71760264892578,0.2268763780593872,0.03339490294456482,-0.7759838104248047
71760284698486,-0.8234144449234009,-0.849103569984436,-0.4753713607788086
71760304504394,-1.594820499420166,-1.4546833038330078,-0.6012144088745117
71760324279785,-1.050708293914795,-0.9485187530517578,-2.007388114929199
71760344085693,0.22186559438705444,-0.10675466060638428,-3.4341135025024414
71760363891601,1.0875240564346313,0.35204261541366577,-4.09854793548584
71760383697509,0.43518590927124023,-0.08441799879074097,-4.721131324768066
71760403503417,-0.6092694997787476,-0.7510761618614197,-4.237656593322754
71760423278808,-0.5928834676742554,-0.21273916959762573,-4.299460411071777
71760443084716,0.12458240985870361,0.1766412854194641,-4.965658187866211
71760462890625,0.5359448194503784,0.5385428071022034,-3.8640031814575195
71760482666015,0.08937406539916992,0.24205052852630615,-4.2074384689331055
71760502471923,0.23273921012878418,0.25433439016342163,-3.045271873474121
71760522277832,-0.48485517501831055,-0.42154568433761597,-0.91845703125
71760542083740,-0.3670358657836914,-0.2649326026439667,0.4516429901123047
71760561859130,1.4110702276229858,0.6416532397270203,1.8911466598510742
71760581665039,1.8215144872665405,0.6428863406181335,2.249119758605957
71760601470947,-0.3600825071334839,-0.7134237289428711,5.0470170974731445
71760621276855,-2.2557454109191895,-2.3069751262664795,7.739750862121582
71760641082763,-1.125981092453003,-1.5050523281097412,6.961684226989746
71760660858154,0.5651527643203735,-0.25254663825035095,5.795929908752441
71760680664062,0.20924997329711914,-0.24207676947116852,4.819968223571777
71760700469970,-0.8880946636199951,-1.071387767791748,3.108588218688965
71760720275878,-1.3161684274673462,-2.0395119190216064,4.061561584472656
71760740051269,-0.6608831882476807,-1.630662441253662,6.208962440490723
71760759857177,0.11560535430908203,-0.8876310586929321,3.595667839050293
71760779663085,0.8618634939193726,-0.31082791090011597,-0.3133058547973633
71760799438476,1.5695468187332153,0.2914298176765442,-3.046955108642578
71760819244384,1.6229963302612305,0.5942967534065247,-4.625758171081543
71760839019775,1.5013775825500488,0.4645146131515503,-4.163181304931641
71760858825683,1.4509685039520264,0.31669995188713074,-3.2900266647338867
71760878601074,1.165602207183838,0.26944124698638916,-3.2776803970336914
71760898406982,0.6183602213859558,0.05453439801931381,-3.778564453125
71760918243408,0.19634145498275757,-0.10127955675125122,-3.9416980743408203
71760938018798,0.26714324951171875,0.026804491877555847,-3.014227867126465
71760957824707,-0.1392500400543213,-0.34549278020858765,-2.0224857330322266
71760977630615,-0.14682012796401978,-0.04563063383102417,-2.9016685485839844
71760997436523,0.10205984115600586,0.3173919916152954,-4.076355934143066
71761017211914,-0.22055751085281372,0.5632139444351196,-3.7525787353515625
71761037017822,-0.11074584722518921,0.6593457460403442,-1.6669282913208008
71761056793212,0.8861055970191956,1.080550193786621,-0.7131795883178711
71761076599121,1.4501471519470215,1.405592918395996,-1.3549833297729492
71761096374511,1.3686819076538086,1.400786280632019,-1.864760398864746
71761116180419,1.1312098503112793,1.2223916053771973,0.2878580093383789
71761136047363,0.32343780994415283,0.339801549911499,2.365152359008789
71761155761718,-0.4807012677192688,-0.11622587591409683,4.626908302307129
71761175567626,-1.5609707832336426,-1.1209534406661987,8.391792297363281
71761195373535,-0.9173513054847717,-1.1400489807128906,8.489173889160156
71761215148925,0.1272295117378235,-0.3675537109375,6.426914215087891
71761234954833,-0.084378182888031,-0.5241918563842773,6.165386199951172
71761254760742,-1.1203629970550537,-1.546013355255127,6.701460838317871
71761274536132,-1.833701729774475,-2.0483269691467285,7.841773986816406
71761294342041,-1.4621011018753052,-1.9335484504699707,4.835041046142578
71761314147949,-0.09380745887756348,-0.8229498267173767,-1.3029499053955078
71761333953857,0.6210300922393799,0.19796791672706604,-5.1419782638549805
71761353729248,0.5852566957473755,0.5700035691261292,-5.267465591430664
71761373535156,-0.33989250659942627,-0.36416783928871155,-3.9687795639038086
71761393310546,-0.5034528970718384,-0.8538455963134766,-2.242917060852051
71761413116455,-0.3008911609649658,-0.9345109462738037,-2.8786888122558594
71761432922363,0.4233611822128296,-0.36823511123657227,-4.782966613769531
71761452697753,0.5889622569084167,-0.2357337474822998,-4.838054656982422
71761472503662,4.862546920776367E-4,-0.7358980178833008,-4.333493232727051
71761492309570,-0.14137059450149536,-0.7707517743110657,-3.0447816848754883
71761512084960,-0.33384275436401367,-0.7937559485435486,-3.064517021179199
71761531890869,-0.5045259594917297,-0.5331627726554871,-4.595914840698242
71761551696777,0.24128001928329468,0.16970115900039673,-5.725184440612793
71761571472167,1.3031429052352905,0.7896412014961243,-4.898852348327637
71761591247558,1.3520963191986084,0.7558573484420776,-2.826350212097168
71761611053466,0.6630904674530029,0.19423669576644897,-1.5189876556396484
71761630859375,-0.0549202561378479,-0.17996910214424133,0.010831832885742188
71761650665283,0.03827756643295288,0.1976889669895172,1.6172122955322266
71761670440673,0.25534284114837646,0.42389583587646484,1.4996137619018555
71761690246582,0.9384328722953796,0.8929989337921143,1.9212417602539063
71761710021972,0.9136204719543457,0.6787303686141968,3.0811843872070313
71761729827880,-0.17166566848754883,0.16247618198394775,4.461648941040039
71761749633789,-2.081641674041748,-0.9060227870941162,7.205244064331055
71761769409179,-2.3388919830322266,-1.6651959419250488,7.9171648025512695
71761789215087,-0.7615375518798828,-0.9583855867385864,6.830735206604004
71761809020996,0.8173830509185791,-0.6151775121688843,7.818295478820801
71761828796386,1.1195977926254272,-0.520734429359436,9.647961616516113
71761848602294,-0.9066346883773804,-1.4451375007629395,7.731514930725098
71761868408203,-1.0428745746612549,-1.1947970390319824,1.7081670761108398
71761888214111,0.0421261191368103,-0.15436306595802307,-3.162777900695801
71761907989501,1.196394443511963,0.5809082388877869,-4.944622993469238
71761927764892,1.5460784435272217,0.4511294364929199,-4.319123268127441
71761947570800,1.4717586040496826,0.14746502041816711,-3.3586387634277344
71761967376708,0.45093709230422974,-0.5059657096862793,-3.286073684692383
71761987182617,-0.08698156476020813,-0.674994945526123,-3.993279457092285
71762006958007,0.2738940715789795,-0.31885063648223877,-5.0608320236206055
71762026763916,0.375853568315506,-0.3167192339897156,-4.9423112869262695
71762046539306,0.7461130619049072,-0.11175316572189331,-3.7791337966918945
71762066345214,0.7643285989761353,0.06312859058380127,-3.945098876953125
71762086151123,-0.15093150734901428,-0.3580622673034668,-5.084711074829102
71762105957031,-0.21503973007202148,-0.17794233560562134,-4.780481338500977
71762125732421,0.043883442878723145,0.11725783348083496,-4.448840141296387
71762145538330,0.38570189476013184,0.18646132946014404,-2.808431625366211
71762165313720,1.0213052034378052,0.38963890075683594,-0.8248424530029297
71762185119628,0.647955060005188,0.204967200756073,-1.1988954544067383
71762204925537,0.2301812469959259,0.2663488984107971,-1.4584836959838867
71762224700927,0.3740594685077667,0.8472087383270264,-1.2928543090820313
71762244506835,0.2826237678527832,0.7987868189811707,0.5929670333862305
71762264312744,-0.03676396608352661,0.13721346855163574,3.5283632278442383
71762284088134,-0.92937833070755,-0.15222027897834778,6.094289779663086
71762303894042,-1.6696970462799072,-0.4815710186958313,6.384930610656738
71762323699951,-1.4413633346557617,-0.7400837540626526,7.990409851074219
71762343566894,-0.6121127009391785,-0.4191136956214905,8.44096851348877
71762363281250,-0.20250707864761353,-0.5520437359809875,8.039202690124512
71762383087158,-0.6450415849685669,-0.9809460639953613,8.297821044921875
71762402862548,-0.7052116990089417,-1.1630651950836182,5.9550933837890625
71762422668457,-0.2532041072845459,-0.9360042810440063,0.9082279205322266
71762442474365,0.40139585733413696,-0.15577733516693115,-2.7718935012817383
71762462280273,0.3417183756828308,-0.0853426456451416,-3.582429885864258
71762482055664,0.04963785409927368,-0.4910530149936676,-2.760279655456543
71762501861572,-0.49496567249298096,-1.1859041452407837,-2.3734121322631836
71762521667480,-0.49698805809020996,-1.0722925662994385,-3.0485010147094727
71762541442871,-0.052465856075286865,-0.606127142906189,-4.298191070556641
71762561248779,0.137761652469635,-0.3109273910522461,-5.264026641845703
71762581054687,0.41150468587875366,-0.1184077262878418,-4.98112678527832
71762600830078,-0.1321345567703247,-0.4502004384994507,-4.762877464294434
71762620635986,-0.9793606400489807,-0.7456688284873962,-4.477622032165527
71762640441894,-0.5997949242591858,-0.33319246768951416,-4.377776145935059
71762660247802,0.24227899312973022,0.2902402877807617,-4.705595970153809
71762680023193,1.1430176496505737,0.7096518278121948,-4.38637638092041
71762699829101,1.0029430389404297,0.2674597501754761,-2.7071657180786133
71762719635009,-0.252960205078125,-0.6800597906112671,-1.4011096954345703
71762739410400,-0.7227685451507568,-1.044016718864441,0.05942058563232422
71762759216308,0.7242389917373657,0.11909216642379761,0.2863340377807617
71762778991699,2.2835745811462402,1.0353879928588867,0.05216693878173828
71762798767089,1.1460366249084473,0.1345970779657364,2.613999366760254
71762818572998,-1.2476413249969482,-1.927311897277832,7.628009796142578
71762838378906,-1.9466553926467896,-2.330815315246582,8.286696434020996
71762858154296,-0.3557285964488983,-1.0075398683547974,6.9997053146362305
71762877960205,0.7444721460342407,-0.16561678051948547,7.771173477172852
71762897766113,0.28955507278442383,-0.6955444812774658,7.352334976196289
71762917572021,-0.6269904971122742,-1.270588755607605,7.246098518371582
71762937347412,-0.7222880721092224,-0.8954869508743286,4.377155303955078
71762957153320,0.5053139328956604,0.0855863094329834,-0.3157978057861328
71762976928710,1.254650592803955,0.7879317998886108,-2.9964818954467773
71762996734619,1.3931478261947632,1.0442959070205688,-4.537132263183594
71763016510009,0.9349164366722107,0.4258282482624054,-3.8576583862304688
71763036315917,0.3743314743041992,-0.15153028070926666,-1.983628273010254
71763056121826,-0.36328136920928955,-0.5884737372398376,-2.360854148864746
71763075927734,-0.23380455374717712,-0.3760414123535156,-3.329622268676758
71763095733642,0.15364420413970947,0.21361945569515228,-4.272242546081543
71763115539550,0.3112255930900574,0.30150890350341797,-4.831496238708496
71763135314941,0.22910404205322266,0.3187386095523834,-3.199129104614258
71763155120849,-0.3245439827442169,-0.019452571868896484,-3.380204200744629
71763174896240,-0.17313310503959656,0.33673471212387085,-4.321596145629883
71763194702148,-0.20393633842468262,0.6686931252479553,-5.8045196533203125
71763214508056,0.6804222464561462,1.2503280639648438,-4.188580513000488
71763234283447,0.6127094030380249,1.1574441194534302,-1.9417476654052734
71763254089355,-0.3009387254714966,0.2148841768503189,0.7664813995361328
71763273864746,-0.9607757329940796,-0.1725708395242691,2.230851173400879
71763293670654,0.04075470566749573,0.658536970615387,0.5970392227172852
71763313446044,1.7819533348083496,1.7343552112579346,1.0099143981933594
71763333251953,1.315154790878296,1.2853162288665771,4.066572189331055
71763353057861,-1.0046864748001099,-0.7900710701942444,8.109298706054688
71763372863769,-2.0842437744140625,-1.8845398426055908,9.068445205688477
71763392639160,-0.41136062145233154,-0.2576180398464203,5.763466835021973
71763412445068,0.3359597325325012,0.707728922367096,4.492157936096191
71763432220458,-0.4818180799484253,-0.022308140993118286,3.73612117767334
71763452026367,-1.5080772638320923,-1.4861116409301758,5.834604263305664
71763471832275,-2.4496889114379883,-2.404844045639038,6.084382057189941
71763491607666,-1.1041138172149658,-1.698715329170227,2.322136878967285
71763511413574,0.4614133834838867,-0.4796290397644043,-1.1586790084838867
71763531219482,0.6947858929634094,0.07508930563926697,-3.4629364013671875
71763551055908,0.23924124240875244,-0.3671322166919708,-2.529788017272949
71763570800781,-0.4039810299873352,-1.2308175563812256,-0.9501819610595703
71763590606689,-0.8345987200737,-1.5070197582244873,-1.359541893005371
71763610382080,-0.1846703290939331,-0.9427447319030762,-3.094742774963379
71763630187988,0.2106856107711792,-0.5141699314117432,-5.055645942687988
71763649993896,0.11655640602111816,-0.46912145614624023,-6.118383407592773
71763669769287,0.23432469367980957,-0.3636060953140259,-5.384660720825195
71763689575195,-0.043467938899993896,-0.4850912094116211,-4.082211494445801
71763709350585,-0.512282133102417,-0.6253073811531067,-4.000645637512207
71763729156494,-0.1043405532836914,-0.30801665782928467,-4.601078033447266
71763748962402,0.5905547142028809,0.3338654637336731,-4.789101600646973
71763768737792,0.976551353931427,0.6716334223747253,-3.9908065795898438
71763788543701,0.9297099709510803,0.30961132049560547,-2.33343505859375
71763808349609,-0.0792306661605835,-0.28633540868759155,-0.7156181335449219
71763828155517,-0.378970742225647,-0.3423149585723877,-0.12681961059570313
71763847930908,0.43408429622650146,0.021461069583892822,-0.30187511444091797
71763867706298,1.3975468873977661,0.1520046889781952,1.7693824768066406
71763887512207,1.0092370510101318,-0.177727609872818,6.153263092041016
71763907318115,-1.377675175666809,-1.691909909248352,8.103850364685059
71763927124023,-1.1191840171813965,-1.7048795223236084,6.458768844604492
71763946899414,0.45468369126319885,-0.6639758944511414,6.507357597351074
71763966674804,0.6357857584953308,-0.5106229186058044,6.246086120605469
71763986480712,0.7162013053894043,-0.7011979818344116,6.038871765136719
71764006256103,0.9186506867408752,-0.7428380250930786,6.3541154861450195
71764026092529,0.2980874180793762,-0.9240081310272217,3.287874221801758
71764045867919,-0.2561010718345642,-0.7970927357673645,0.23008155822753906
71764065673828,0.13395750522613525,-0.4824068546295166,-2.3531322479248047
71764085449218,0.8333911299705505,0.02731124684214592,-3.245349884033203
71764105255126,1.4363315105438232,0.3770142197608948,-2.7716760635375977
71764125061035,1.2687190771102905,0.350572407245636,-2.5524024963378906
71764144805908,0.5168143510818481,0.04838572442531586,-3.106257438659668
71764164642333,-0.5842621922492981,-0.36773204803466797,-4.191771507263184
71764184417724,-0.9188744425773621,-0.3529597222805023,-4.684835433959961
71764204223632,-0.9673162698745728,-0.19554752111434937,-4.566890716552734
71764223999023,0.0048191845417022705,0.5310213565826416,-3.503268241882324
71764243804931,0.24799269437789917,0.9469501972198486,-3.7130651473999023
71764263610839,0.11510857939720154,1.0117466449737549,-3.994307518005371
71764283386230,-0.838845431804657,0.339322566986084,-2.954054832458496
71764303192138,-1.3897974491119385,-0.0712544322013855,-1.8260784149169922
71764322967529,-0.08459386229515076,0.3609163165092468,-0.13358688354492188
71764342773437,1.5527921915054321,1.3962163925170898,0.18514633178710938
71764362548828,1.1839956045150757,1.359494924545288,-1.2415475845336914
71764382354736,0.23258239030838013,0.9922451972961426,-1.325653076171875
71764402160644,-0.5112979412078857,0.523668646812439,-0.027496337890625
71764421966552,-0.8962935209274292,-0.04253464937210083,3.820563316345215
71764441772460,-0.38854971528053284,-0.04921066761016846,7.059274673461914
71764461547851,0.22007572650909424,0.04501660168170929,6.1741180419921875
71764481323242,1.1327556371688843,-0.04927295446395874,6.076726913452148
71764501129150,1.5196658372879028,0.11042612791061401,6.773798942565918
71764520935058,1.130547285079956,-0.543346107006073,6.319345474243164
71764540710449,0.1886652112007141,-1.3471723794937134,7.3336076736450195
71764560516357,-0.45201408863067627,-1.5190861225128174,5.5893402099609375
71764580291748,-0.19865885376930237,-1.005849838256836,1.1587800979614258
71764600097656,-0.5399820804595947,-0.7931147217750549,-2.5419540405273438
71764619903564,-1.1744318008422852,-0.8588372468948364,-4.060691833496094
71764639678955,-1.2104467153549194,-0.8163893818855286,-3.442546844482422
71764659484863,-1.105448603630066,-0.9218538999557495,-3.0278759002685547
71764679260253,-1.2749707698822021,-1.3435407876968384,-2.7016544342041016
71764699066162,-1.4075548648834229,-1.4604482650756836,-2.907486915588379
71764718872070,-1.0031626224517822,-0.9967753887176514,-4.0185394287109375
71764738647460,-0.8533614873886108,-0.9231994152069092,-5.302040100097656
71764758514404,-0.15704208612442017,-0.44212913513183594,-4.201621055603027
71764778228759,-0.2889724671840668,-0.4256267547607422,-3.9285049438476563
71764798034667,-0.14948907494544983,-0.2108246088027954,-3.757603645324707
71764817840576,-0.39943909645080566,-0.1453540325164795,-3.6254329681396484
71764837615966,0.08891922235488892,0.2621356248855591,-2.6227493286132813
71764857421875,0.44465529918670654,0.4299507141113281,-1.422943115234375
71764877197265,0.06906896829605103,0.12538444995880127,-1.0835514068603516
71764897003173,-0.20423901081085205,-0.07270193099975586,0.11414432525634766
71764916809082,-0.40813425183296204,0.11238670349121094,1.150465965270996
71764936584472,0.5123726725578308,0.648817241191864,-0.3143768310546875
71764956359863,1.1675443649291992,0.8696408271789551,0.25478267669677734
71764976165771,0.38705021142959595,0.15204405784606934,2.5269813537597656
71764995971679,-0.538149893283844,-0.6520070433616638,5.625241279602051
71765015747070,-0.5404417514801025,-0.9248989224433899,5.322281837463379
71765035552978,0.6466930508613586,-0.5671156048774719,3.9227294921875
71765055328369,1.252549648284912,-0.40700602531433105,3.5054616928100586
71765075103759,0.8245435953140259,-1.1597402095794678,3.426405906677246
71765094909667,-0.055927664041519165,-2.04500150680542,6.245676040649414
71765114715576,-0.5608903169631958,-2.1333460807800293,8.146448135375977
71765134490966,0.2208111584186554,-1.0155161619186401,3.5375289916992188
71765154296875,1.1721725463867188,0.0013849884271621704,-0.31308937072753906
71765174072265,1.6477439403533936,0.7542240023612976,-2.4467687606811523
71765193847656,1.613486647605896,0.7884249687194824,-3.60888671875
71765213653564,1.5033375024795532,0.7131181955337524,-3.773879051208496
71765233459472,0.7735462784767151,0.32588088512420654,-3.5045156478881836
71765253234863,-0.35055145621299744,-0.2255827784538269,-4.076851844787598
71765273040771,-0.7363696098327637,-0.1475784182548523,-4.715367317199707
71765292846679,-0.7672975659370422,-0.10162502527236938,-4.561603546142578
71765312622070,-0.7612615823745728,-0.09835571050643921,-3.6956710815429688
71765332427978,-0.25069862604141235,0.16895192861557007,-3.130427360534668
71765352203369,-0.1984109878540039,0.3275921940803528,-4.110591888427734
71765372009277,0.009216368198394775,0.2827032208442688,-4.519259452819824
71765391815185,0.016835927963256836,0.4699949026107788,-5.086642265319824
71765411590576,0.09022891521453857,0.17919296026229858,-3.0713510513305664
71765431365966,0.1582842469215393,0.0065198540687561035,-0.701176643371582
71765451171875,0.024761855602264404,-0.06310129165649414,0.7211494445800781
71765470947265,0.37143540382385254,0.5675921440124512,-0.05543708801269531
71765490753173,1.3586297035217285,1.2354156970977783,-0.6966829299926758
71765510528564,1.1412136554718018,1.1520791053771973,1.0948677062988281
71765530334472,-0.11806637048721313,0.14294734597206116,5.843879699707031
71765550140380,-1.3873063325881958,-1.0005600452423096,9.85274600982666
71765569915771,-0.5855785608291626,-0.901108980178833,8.481767654418945
71765589691162,1.0782651901245117,0.26637002825737,7.335197448730469
71765609497070,1.5903279781341553,0.6291780471801758,6.786602020263672
71765629272460,1.6704602241516113,0.24337223172187805,5.981916427612305
71765649078369,0.6281226277351379,-0.23763522505760193,6.526291847229004
71765668884277,-0.4255468249320984,-0.4997907876968384,3.531163215637207
71765688690185,-0.9030191898345947,-0.3716399371623993,-0.7642087936401367
71765708465576,-1.122300624847412,-0.02985776960849762,-2.7080507278442383
71765728240966,-1.4149303436279297,0.1411796361207962,-2.6523380279541016
71765748046875,-2.0191593170166016,-0.329790860414505,-2.805988311767578
71765767852783,-1.6102497577667236,-0.45734983682632446,-2.311328887939453
71765787628173,-0.9452760815620422,-0.35424309968948364,-2.276665687561035
71765807434082,-0.6250878572463989,-0.3705294132232666,-2.668426513671875
71765827209472,-0.6138322353363037,-0.5237947702407837,-3.3620729446411133
71765847015380,-0.3791195750236511,-0.4530528485774994,-2.988314628601074
71765866790771,-1.0672008991241455,-0.8645488023757935,-3.280702590942383
71765886596679,-0.687600314617157,-0.3526306748390198,-3.628981590270996
71765906372070,-0.16467499732971191,0.09574562311172485,-2.934904098510742
71765926177978,-0.35279083251953125,0.08590519428253174,-3.3829774856567383
71765945983886,-0.03598630428314209,0.40416139364242554,-3.3008041381835938
71765965850830,-0.18803763389587402,0.2757077217102051,-3.1899852752685547
71765985565185,0.1240917444229126,0.23126494884490967,-1.8954572677612305
71766005340576,-0.14803189039230347,-0.14179980754852295,0.04958057403564453
71766025146484,-0.19185155630111694,-0.13005739450454712,0.3950338363647461
71766044921875,0.9315552115440369,0.3467407822608948,-0.5964126586914063
71766064697265,1.5980732440948486,0.5504623055458069,-0.1601419448852539
71766084503173,1.2897975444793701,-0.1101178526878357,2.5171995162963867
71766104309082,-0.3840706944465637,-1.2257344722747803,6.843752861022949
71766124084472,-1.3471975326538086,-1.7326254844665527,5.512714385986328
71766143890380,0.046079814434051514,-0.7000616192817688,3.8404531478881836
71766163665771,0.852039635181427,0.24055492877960205,2.985745429992676
71766183471679,1.181910514831543,-0.06909561157226563,4.077654838562012
71766203247070,0.046475350856781006,-1.4652185440063477,6.420905113220215
71766223052978,-0.9875258207321167,-2.3602705001831055,7.667377471923828
71766242858886,0.29192888736724854,-1.327219843864441,4.20213508605957
71766262634277,1.7690558433532715,-0.3280654549598694,0.471771240234375
71766282440185,2.04423189163208,-0.09657683968544006,-2.2846555709838867
71766302215576,1.6994987726211548,-0.36216241121292114,-3.955277442932129
71766322021484,1.6728492975234985,-0.42116183042526245,-4.137520790100098
71766341827392,1.228043794631958,-0.81434565782547,-3.7515811920166016
71766361602783,1.1176550388336182,-0.8766231536865234,-3.606917381286621
71766381378173,1.0720570087432861,-0.7995429635047913,-3.6677284240722656
71766401184082,0.6117544770240784,-0.7067673802375793,-3.956052780151367
71766420989990,0.08240687847137451,-0.7613540291786194,-4.982770919799805
71766440765380,-0.15395748615264893,-0.4907876253128052,-4.641195297241211
71766460571289,-0.42176079750061035,-0.35848450660705566,-4.756124496459961
71766480346679,-0.14979112148284912,-0.029201149940490723,-4.887637138366699
71766500152587,0.3549817204475403,0.3608779311180115,-3.6987009048461914
71766519927978,0.9977512359619141,0.900880753993988,-2.7645692825317383
71766539733886,1.208463191986084,1.0406866073608398,-2.1975793838500977
71766559539794,0.8808103799819946,1.064439296722412,-1.6327075958251953
71766579315185,0.24952661991119385,1.0561716556549072,-0.15727710723876953
71766599121093,0.41278183460235596,1.2295477390289307,-0.5003242492675781
71766618896484,0.7824034094810486,0.9709223508834839,2.301441192626953
71766638671875,-0.37767553329467773,0.44408559799194336,7.234560966491699
71766658477783,-1.3418407440185547,-0.6459784507751465,9.07641315460205
71766678283691,-0.9936529397964478,-0.8833550810813904,8.634439468383789
71766698059082,0.27178478240966797,-0.5057595372200012,8.404007911682129
71766717864990,0.41532790660858154,-0.5739017128944397,7.583209991455078
71766737640380,-0.3422258496284485,-1.2532504796981812,6.424714088439941
71766757446289,-0.8356126546859741,-1.43733549118042,6.9509735107421875
71766777252197,-1.279806137084961,-1.5141733884811401,3.275944709777832
71766797027587,-0.43187791109085083,-0.8296039700508118,-0.5921077728271484
71766816833496,0.2561582922935486,-0.06683142483234406,-2.573883056640625
71766836608886,0.12181460857391357,0.17785951495170593,-3.576375961303711
71766856414794,-0.32519567012786865,-0.1679680049419403,-3.821408271789551
71766876190185,-0.29074180126190186,-0.2507239580154419,-3.1233320236206055
71766895996093,-0.35064756870269775,-0.5487207770347595,-3.3406143188476563
71766915771484,-0.2007635235786438,-0.33298319578170776,-4.134557723999023
71766935577392,-0.012255966663360596,-0.3335946798324585,-4.731385231018066
71766955352783,-0.17112034559249878,-0.3539755940437317,-5.309724807739258
71766975158691,-0.20840120315551758,-0.3774018883705139,-5.293560981750488
71766994934082,-0.003812551498413086,-0.10921996831893921,-4.1203413009643555
71767014709472,0.21464329957962036,0.024972736835479736,-4.450658798217773
71767034515380,0.173858642578125,0.021943211555480957,-5.037565231323242
71767054321289,-0.01851588487625122,-0.21463876962661743,-4.656689643859863
71767074096679,0.12652689218521118,-0.6475052237510681,-1.9764623641967773
71767093902587,0.10485535860061646,-0.93567955493927,1.5084152221679688
71767113677978,0.04110532999038696,-1.0236140489578247,2.1644392013549805
71767133453369,0.8387794494628906,0.15706655383110046,-0.26074695587158203
71767153228759,2.0869698524475098,1.120759129524231,-1.875502586364746
71767173095703,1.9949846267700195,1.202272653579712,-1.029653549194336
71767192840576,0.5582728385925293,-0.5660657286643982,4.083711624145508
71767212615966,-0.8570815920829773,-1.4976980686187744,8.228046417236328
71767232421875,-0.4596875011920929,-0.8627403974533081,7.914385795593262
71767252197265,0.7097785472869873,0.06436637043952942,6.725375175476074
71767272003173,0.42720240354537964,-0.09087887406349182,7.244195938110352
71767291809082,0.26167094707489014,-0.8510167598724365,7.262421607971191
71767311584472,-0.929591715335846,-1.5377535820007324,6.016218185424805
71767331390380,-1.279447317123413,-1.5604084730148315,4.5518083572387695
71767351165771,-0.43542200326919556,-0.9003866910934448,1.367079734802246
71767370971679,0.5849391222000122,-0.08152702450752258,-1.513885498046875
71767390747070,0.8172479271888733,0.1148500144481659,-2.9004554748535156
71767410552978,0.7781342267990112,0.0844201073050499,-2.516352653503418
71767430328369,0.6226676106452942,-0.004275009036064148,-2.430434226989746
71767450134277,0.5457444787025452,-0.007551968097686768,-3.3668718338012695
71767469940185,0.5461994409561157,0.07494479417800903,-4.594837188720703
71767489715576,0.3099963665008545,0.04520079493522644,-5.3248748779296875
71767509552001,0.16504603624343872,-0.009298443794250488,-5.148684501647949
71767529296875,0.1559811234474182,-0.14343297481536865,-4.426448822021484
71767549102783,0.3526648283004761,0.15674054622650146,-3.991802215576172
71767568908691,-0.09459340572357178,0.09913945198059082,-4.838940620422363
71767588684082,-0.1502555012702942,0.37031692266464233,-5.231992721557617
71767608489990,-0.18586230278015137,0.4431321620941162,-5.084000587463379
71767628265380,0.6099341511726379,0.7828813791275024,-2.2579755783081055
71767648071289,0.6176618337631226,0.6125565767288208,-0.16556358337402344
71767667846679,0.4824075400829315,0.4010460674762726,-0.07595157623291016
71767687652587,0.6496117115020752,0.7011221647262573,-0.7758321762084961
71767707427978,0.9623533487319946,1.068866491317749,-0.8488798141479492
71767727233886,0.593875527381897,0.8250282406806946,1.4821624755859375
71767747039794,-0.4722318947315216,-0.8501881957054138,6.881817817687988
71767766845703,-1.268448829650879,-1.889991044998169,9.808067321777344
71767786621093,-1.1407499313354492,-1.844865322113037,9.28831672668457
71767806427001,-0.28837698698043823,-1.0329302549362183,7.211633682250977
71767826202392,-0.05722135305404663,-0.7387737035751343,6.036933898925781
71767846008300,-0.5572777390480042,-1.1839576959609985,6.366333961486816
71767865783691,-1.0379204750061035,-1.2611619234085083,5.20189094543457
71767885589599,-0.5618156790733337,-0.6105002164840698,2.22100830078125
71767905395507,-0.07927006483078003,0.06021718680858612,-1.857710838317871
71767925170898,0.03133624792098999,0.5416463613510132,-4.423713684082031
71767944976806,0.01882094144821167,0.615186333656311,-3.431459426879883
71767964782714,-0.4319036602973938,-2.4324655532836914E-4,-1.9906883239746094
71767984558105,-0.9477449059486389,-0.6774243116378784,-0.6282567977905273
71768004364013,-0.9311066269874573,-0.694762110710144,-1.6670866012573242
71768024139404,-0.47441548109054565,-0.45545345544815063,-3.0350799560546875
71768043945312,-0.22673481702804565,-0.32877033948898315,-4.633673667907715
71768063751220,-0.06523114442825317,-0.36155807971954346,-4.720034599304199
71768083526611,0.17689859867095947,-0.08438742160797119,-4.01998233795166
71768103332519,0.17585712671279907,-0.028630971908569336,-4.481679916381836
71768123107910,0.3876308798789978,0.17152535915374756,-5.132637977600098
71768142913818,0.7168270945549011,0.28530460596084595,-5.183115005493164
71768162689208,1.0542476177215576,0.44918644428253174,-4.343591690063477
71768182495117,0.7805302143096924,0.009214401245117188,-3.3348560333251953
71768202270507,0.5684270858764648,-0.15733259916305542,-2.606565475463867
71768222076416,0.4453575909137726,-0.3007528781890869,-1.1697006225585938
71768241851806,0.49061688780784607,0.008845388889312744,0.40214061737060547
71768261657714,1.0815998315811157,0.11817824840545654,0.5790481567382813
71768281463623,1.0567547082901,-0.26304131746292114,1.5788640975952148
71768301239013,0.8926047086715698,-0.5342566967010498,4.335176467895508
71768321044921,0.07345852255821228,-0.6650792360305786,6.705517768859863
71768340820312,-1.1219737529754639,-1.7414952516555786,6.921761512756348
71768360626220,-1.375192403793335,-2.2551655769348145,5.276330947875977
71768380493164,0.15692433714866638,-1.381576418876648,4.116020202636719
71768400207519,0.7631339430809021,-1.076506495475769,5.565042495727539
71768419982910,-0.5163658857345581,-1.446938395500183,7.6811017990112305
71768439788818,-1.9073327779769897,-2.0142154693603516,7.182363510131836
71768459564208,-1.4757952690124512,-1.0298035144805908,2.316720962524414
71768479370117,-0.27444881200790405,-0.16377973556518555,-2.186716079711914
71768499145507,0.9455350041389465,0.7395353317260742,-3.5907821655273438
71768518920898,1.7970510721206665,1.0890651941299438,-3.3440465927124023
71768538726806,1.5985867977142334,0.7007425427436829,-2.7039003372192383
71768558502197,1.1477749347686768,0.43639883399009705,-1.9635944366455078
71768578308105,0.004519134759902954,-0.06432031095027924,-2.976424217224121
71768598114013,-0.6568822860717773,-0.41201555728912354,-3.963595390319824
71768617919921,-0.5298256874084473,-0.17249980568885803,-4.671131134033203
71768637695312,0.11275199055671692,0.2927769720554352,-4.679532051086426
71768657470703,0.7740882635116577,0.791279673576355,-4.238570213317871
71768677276611,0.14519378542900085,0.4177701473236084,-4.148411750793457
71768697082519,-0.6964768171310425,-0.10369884967803955,-3.5857162475585938
71768716888427,0.046794354915618896,0.3581902086734772,-2.4916982650756836
71768736663818,0.39305299520492554,0.17355269193649292,-1.7899608612060547
71768756439208,1.4588927030563354,0.7519709467887878,0.04983329772949219
71768776245117,1.2467665672302246,0.5653201937675476,2.0235824584960938
71768796051025,0.35479891300201416,0.044034942984580994,1.2611618041992188
71768815856933,0.40412136912345886,0.5479299426078796,0.21883010864257813
71768835632324,0.21182358264923096,0.4538485109806061,1.2221174240112305
71768855438232,0.1777353286743164,0.21594491600990295,3.484996795654297
71768875213623,-1.3736705780029297,-1.1955691576004028,6.050907135009766
71768895019531,-1.3264572620391846,-1.5178302526474,6.220904350280762
71768914825439,-0.08356302976608276,-0.6144160032272339,5.778444290161133
71768934600830,0.45337867736816406,-0.37937986850738525,5.9755096435546875
71768954406738,-0.7103394865989685,-1.1802674531936646,7.37823486328125
71768974182128,-1.794738531112671,-1.840962529182434,7.5275774002075195
71768993988037,-0.9696420431137085,-1.2140049934387207,3.9088926315307617
71769013793945,0.30362194776535034,-0.2566071152687073,-0.5143833160400391
71769033569335,0.4405357837677002,0.28236737847328186,-3.8104677200317383
71769053375244,0.29492783546447754,0.18923598527908325,-3.4572982788085938
71769073150634,-0.17983639240264893,-0.44811904430389404,-2.70847225189209
71769092956542,-0.014020442962646484,-0.543104887008667,-2.4729042053222656
71769112731933,0.38718461990356445,-0.37173572182655334,-2.3237686157226563
71769132537841,0.24169152975082397,-0.3321659564971924,-3.913252830505371
71769152313232,0.12150049209594727,-0.34544724225997925,-4.890315055847168
71769172119140,-0.3725658655166626,-0.5808967351913452,-5.038392066955566
71769191894531,-0.3414231538772583,-0.4800150394439697,-4.541507720947266
71769211700439,-0.21356624364852905,-0.22799283266067505,-4.097564697265625
71769231475830,0.10081839561462402,0.14538580179214478,-4.063088417053223
71769251281738,0.3587244749069214,0.4857841730117798,-4.813286781311035
71769271057128,0.6373761296272278,0.6027675867080688,-4.610420227050781
71769290863037,0.7597979307174683,0.5462972521781921,-2.4161901473999023
71769310668945,0.2439720630645752,0.10059499740600586,-0.36721038818359375
71769330444335,-0.44224196672439575,-0.37915778160095215,1.7682418823242188
71769350250244,0.22509166598320007,0.026253730058670044,1.7482709884643555
71769370025634,1.5308492183685303,0.5932141542434692,0.48976612091064453
71769389801025,1.8997098207473755,0.5960516333580017,1.307692527770996
71769409606933,0.34233254194259644,-0.30240315198898315,3.2128467559814453
71769429412841,-0.63836270570755,-0.9195519089698792,4.223638534545898
71769449218750,0.2769048511981964,-0.8221165537834167,3.728883743286133
71769468994140,0.8706660270690918,-0.8320605158805847,3.4137487411499023
71769488769531,0.8101806640625,-1.3622922897338867,6.291988372802734
71769508575439,-0.6491260528564453,-2.595609426498413,6.689123153686523
71769528381347,-1.637681484222412,-2.7565932273864746,6.5379533767700195
71769548156738,-0.8814166784286499,-1.6186408996582031,5.180791854858398
71769567962646,-0.13261735439300537,-0.7534435987472534,2.088881492614746
71769587829589,0.32452309131622314,-0.5224575996398926,-1.3366584777832031
71769607574462,1.3542249202728271,0.1743774265050888,-2.554572105407715
71769627349853,1.7245830297470093,0.44996029138565063,-2.9889698028564453
71769647125244,1.4028230905532837,0.48069730401039124,-3.5187902450561523
71769666931152,1.2341084480285645,0.7150757312774658,-4.580862998962402
71769686706542,1.0834121704101563,0.8010973930358887,-4.645725250244141
71769706512451,0.649817705154419,0.5592168569564819,-3.4528675079345703
71769726318359,0.017392277717590332,0.33241701126098633,-2.255265235900879
71769746124267,-0.657014012336731,-0.046674638986587524,-2.800290107727051
71769765899658,-0.32227203249931335,0.49326568841934204,-3.9750261306762695
71769785705566,0.06970882415771484,0.8714028596878052,-4.362176895141602
71769805480957,0.13080108165740967,1.1067614555358887,-3.6953125
71769825286865,-0.38508135080337524,0.9371784925460815,-3.21085262298584
71769845062255,-0.7276338338851929,0.5316359996795654,-1.6040401458740234
71769864868164,-0.3485777974128723,0.7159374952316284,-0.9592828750610352
71769884674072,0.05007559061050415,0.9899680614471436,-1.212874412536621
71769904449462,0.0022742152214050293,0.9153279066085815,-0.6577215194702148
71769924255371,0.02028834819793701,0.6977534890174866,0.2079010009765625
71769944122314,-0.23129475116729736,0.30959707498550415,2.3090038299560547
71769964019775,-0.4312889575958252,-0.1801505982875824,5.0592756271362305
71769983825683,-0.8291432857513428,-0.7269061803817749,6.799427032470703
71770003601074,-1.4488661289215088,-1.4571223258972168,7.209122657775879
71770023376464,-0.7492517828941345,-1.0584871768951416,6.140981674194336
71770043151855,0.29562896490097046,-0.3004361689090729,5.172100067138672
71770062957763,0.28303176164627075,-0.41050490736961365,6.0009002685546875
71770082733154,-1.2146117687225342,-1.4997789859771729,7.131305694580078
71770102539062,-1.6593129634857178,-1.6564688682556152,5.164386749267578
71770122344970,-0.4359578490257263,-0.7588080167770386,1.066697120666504
71770142120361,0.5693061947822571,0.1325800120830536,-1.8334779739379883
71770161926269,0.5257362127304077,0.3729592263698578,-2.2881240844726563
71770181701660,0.31689298152923584,0.10288424789905548,-1.7594270706176758
71770201507568,-0.2609398365020752,-0.4181838631629944,-1.7057628631591797
71770221343994,-0.46637433767318726,-0.6845296621322632,-2.592073440551758
71770241149902,-0.03895854949951172,-0.3907128870487213,-3.5834951400756836
71770260925292,0.412733793258667,-0.06778734922409058,-4.6927032470703125
71770280731201,0.425345778465271,0.006947875022888184,-4.653266906738281
71770300506591,0.20639950037002563,-0.16586774587631226,-4.227546691894531
71770320312500,0.025655031204223633,-0.14699441194534302,-4.333203315734863
71770340087890,-0.219734787940979,-0.35450971126556396,-4.9035186767578125
71770359893798,0.3625027537345886,0.1008257269859314,-4.932256698608398
71770379699707,0.7100549340248108,0.4239615797996521,-4.559446334838867
71770399505615,0.9296354055404663,0.41001439094543457,-4.322296142578125
71770419281005,1.0144917964935303,0.24083292484283447,-3.371180534362793
71770439056396,0.5744795799255371,-0.21555358171463013,-0.8841714859008789
71770458862304,0.021414756774902344,-0.4876337945461273,0.6753511428833008
71770478668212,0.08803057670593262,-0.6739935874938965,1.9722042083740234
71770498443603,0.6707263588905334,-0.5855787992477417,2.9545679092407227
71770518249511,0.2401304841041565,-1.0164600610733032,4.072268486022949
71770538024902,-0.868014395236969,-1.8525426387786865,6.049457550048828
71770557830810,-0.7032470703125,-1.5965386629104614,6.7647504806518555
71770577606201,-0.27961984276771545,-1.173835039138794,7.406163215637207
71770597381591,0.01963365077972412,-1.1345399618148804,8.211669921875
71770617187500,0.232363760471344,-1.0665452480316162,7.531493186950684
71770636962890,0.2183459997177124,-0.5882167220115662,6.211530685424805
71770656738281,0.7164084315299988,0.23891586065292358,3.0207138061523438
71770676544189,0.5797368288040161,0.5308026671409607,-0.19098663330078125
71770696350097,0.31402236223220825,0.17642754316329956,-2.284104347229004
71770716125488,0.27523595094680786,-0.08007068186998367,-2.6968889236450195
71770735900878,0.675788164138794,-0.1683197319507599,-2.5443944931030273
71770755676269,1.4786258935928345,0.1993919312953949,-2.8630332946777344
71770775451660,1.5446844100952148,0.24333927035331726,-3.647764205932617
71770795318603,0.7844630479812622,-0.05385056138038635,-3.7842578887939453
71770815093994,-0.06935438513755798,-0.45825308561325073,-4.236647605895996
71770834869384,-0.591825008392334,-0.8009147047996521,-4.580147743225098
71770854644775,-0.45896998047828674,-0.6882144212722778,-4.865046501159668
71770874450683,-0.12187236547470093,-0.4183017611503601,-4.914015769958496
71770894226074,-0.1056470274925232,-0.344828724861145,-5.681635856628418
71770914031982,0.03766465187072754,-0.23376202583312988,-5.10804557800293
71770933807373,-0.15135931968688965,-0.3383694291114807,-3.799740791320801
71770953613281,-0.33673930168151855,-0.4869997501373291,-2.966057777404785
71770973388671,0.4514818787574768,0.057468801736831665,-1.7070121765136719
71770993133544,0.9295936226844788,0.6433131098747253,-0.7927370071411133
71771012939453,0.16985362768173218,0.6004667282104492,-1.7102317810058594
71771032714843,-0.3582819104194641,0.10986721515655518,-0.6074075698852539
71771052520751,-0.46565431356430054,-0.013501361012458801,1.3444852828979492
71771072296142,0.15340828895568848,-0.33685746788978577,6.280625343322754
71771092071533,0.12286418676376343,-0.48672884702682495,9.256084442138672
71771111877441,-0.1371917724609375,-1.0130105018615723,7.8913164138793945
71771131683349,-0.4412499666213989,-0.7714851498603821,8.486677169799805
71771151428222,-0.7841508388519287,-0.7667584419250488,7.3722124099731445
71771171234130,-1.7227798700332642,-1.3646304607391357,7.123044013977051
71771191009521,-1.8599278926849365,-1.249666452407837,7.864626884460449
71771210815429,-0.7592694759368896,-0.45716947317123413,4.5801591873168945
71771230590820,-0.009316682815551758,0.12296187877655029,0.5950479507446289
71771250396728,0.16741394996643066,0.5041326880455017,-2.1064624786376953
71771270172119,0.34841465950012207,0.6758545637130737,-3.0303115844726563
71771289978027,0.4246305227279663,0.5489311218261719,-2.564413070678711
71771309753417,0.6921392679214478,0.30638641119003296,-1.850332260131836
71771329620361,0.35690659284591675,-0.16263937950134277,-1.4886226654052734
71771349395751,-0.1871049404144287,-0.531539797782898,-3.115142822265625
71771369201660,-0.13293862342834473,-0.5971126556396484,-4.84388542175293
71771388977050,0.16853880882263184,-0.3001655638217926,-5.331907272338867
71771408782958,0.1952434778213501,-0.22510012984275818,-5.363024711608887
71771428558349,0.09553515911102295,-0.20581531524658203,-4.366602897644043
71771448364257,-0.35353899002075195,-0.3347904086112976,-3.707805633544922
71771468139648,-0.2973746061325073,-0.2358112931251526,-4.513033866882324
71771488555908,0.6074339151382446,0.1595960259437561,-3.873379707336426
71771508331298,1.2592921257019043,0.3720315098762512,-2.9727792739868164
71771528106689,0.827916145324707,0.3390214443206787,-2.8137998580932617
71771547912597,0.06031745672225952,-0.25244343280792236,0.16234397888183594
71771567626953,-0.589876651763916,-0.2987232804298401,1.8308420181274414
71771587402343,0.1918473243713379,-0.127538800239563,0.9193105697631836
71771607208251,0.4941554665565491,0.1745780110359192,-0.0031404495239257813
71771626983642,0.32644176483154297,-0.16728582978248596,2.272918701171875
71771646789550,-0.5417940616607666,-0.7289615869522095,6.211472511291504
71771666564941,-1.0209331512451172,-1.1570111513137817,7.159019470214844
71771686370849,-0.2128574252128601,-0.6480653882026672,6.024211883544922
71771706146240,0.22015786170959473,-0.1067320927977562,7.224061012268066
71771725952148,-0.11538642644882202,-0.6502573490142822,7.432380676269531
71771745727539,-0.5247063636779785,-1.0077636241912842,6.603910446166992
71771765533447,-0.6474250555038452,-1.1381421089172363,5.042764663696289
71771785400390,0.08442407846450806,-0.31037718057632446,1.5028457641601563
71771805206298,0.5531046986579895,0.03209869563579559,-1.0280885696411133
71771824981689,0.9360992908477783,0.22780656814575195,-2.0326614379882813
71771844757080,0.9175066351890564,0.1882970929145813,-2.5771045684814453
71771864562988,0.6760714650154114,-0.2019297480583191,-3.619368553161621
71771884368896,0.5208439230918884,-0.2497267723083496,-4.252720832824707
71771904144287,0.35073477029800415,-0.47320806980133057,-4.728782653808594
71771923950195,0.252829372882843,-0.5606997013092041,-4.804119110107422
71771943725585,0.2154374122619629,-0.6579360961914063,-3.9942331314086914
71771963531494,-0.5403401851654053,-0.9976106882095337,-4.026948928833008
71771983306884,-0.9791675806045532,-0.9567278623580933,-5.191699028015137
71772003173828,-0.6629094481468201,-0.420773983001709,-6.0394392013549805
71772022888183,-0.1147196888923645,-0.03895747661590576,-5.953400611877441
71772042694091,0.41348975896835327,0.3076283931732178,-4.388933181762695
71772062469482,0.170576274394989,0.18733012676239014,-1.5120620727539063
71772082183837,-0.7990716099739075,-0.6442344188690186,-0.3729391098022461
71772101959228,-1.1073042154312134,-0.37185394763946533,-0.482879638671875
71772121765136,0.3401487469673157,0.7559697031974792,-1.2282304763793945
71772141540527,0.8826507329940796,1.1649556159973145,-1.3845252990722656
71772161346435,1.1242642402648926,1.6307960748672485,1.9740028381347656
71772181121826,0.06758278608322144,0.16179686784744263,4.887421607971191
71772200927734,-1.472193717956543,-1.043265700340271,7.070775032043457
71772220703125,-0.48540228605270386,-0.5060213804244995,6.929414749145508
71772240478515,1.9127492904663086,1.2227625846862793,7.308435440063477
71772260284423,1.501712679862976,1.3746699094772339,6.918543815612793
71772280090332,-0.8264600038528442,-0.7617409229278564,7.138423919677734
71772299865722,-1.6801748275756836,-1.193915843963623,8.121506690979004
71772319671630,-1.5780867338180542,-1.1105579137802124,4.619640350341797
71772339538574,-0.537472128868103,-0.3471546769142151,0.5178518295288086
71772359313964,0.057851552963256836,0.21022474765777588,-2.2286882400512695
71772379119873,0.3119168281555176,0.39663565158843994,-2.22470760345459
71772398895263,-0.22592949867248535,-0.18265128135681152,-2.0011844635009766
71772418701171,-1.1409794092178345,-1.152472734451294,-1.9687719345092773
71772438476562,-0.6590713262557983,-1.2170093059539795,-2.218881607055664
71772458282470,-0.3124660849571228,-0.6091337203979492,-3.6812191009521484
71772478057861,-0.015062570571899414,-0.4668957591056824,-4.410478591918945
71772497833251,0.8205415606498718,-0.1806080937385559,-4.890937805175781
71772517639160,-0.30085062980651855,-0.6462956070899963,-3.8166685104370117
71772537445068,-1.6016395092010498,-1.2947874069213867,-3.934276580810547
71772557220458,-1.4479033946990967,-1.353926658630371,-4.401056289672852
71772576995849,-0.1922456920146942,-0.4561275243759155,-4.619560241699219
71772596771240,0.9858757257461548,0.46932899951934814,-4.618514060974121
71772616577148,1.0091713666915894,0.4361804723739624,-2.933584213256836
71772636383056,-0.7631229758262634,-0.8285692930221558,-2.472775459289551
71772656158447,-1.4379212856292725,-1.4325826168060303,-2.163180351257324
71772675964355,0.3756698966026306,-0.25769203901290894,-1.691375732421875
71772695739746,2.0481104850769043,0.6375944018363953,0.010549545288085938
71772715515136,0.7916501760482788,-0.3825625777244568,2.1565208435058594
71772735321044,-1.1857340335845947,-1.9014241695404053,5.227914810180664
71772755126953,-0.9146769046783447,-1.353154182434082,4.756309509277344
71772774902343,1.445820927619934,-0.12296569347381592,3.036865234375
71772794677734,3.69189453125,1.6762784719467163,5.452260971069336
71772814483642,0.8616661429405212,-0.5694400072097778,6.018634796142578
71772834289550,-0.4202790856361389,-1.8516727685928345,7.533865928649902
71772854064941,-0.10086280107498169,-1.8158459663391113,8.655641555786133
71772873870849,0.7319170236587524,-0.6150229573249817,5.656435966491699
71772893646240,1.3740065097808838,0.21725118160247803,3.2220335006713867
71772913452148,0.9038566946983337,0.31094008684158325,0.046492576599121094
71772933227539,0.23625749349594116,0.026567719876766205,-1.8020439147949219
71772953033447,-0.14066588878631592,-0.34315207600593567,-2.929865837097168
71772972839355,0.08281522989273071,-0.40697458386421204,-3.4221181869506836
71772992614746,0.8909012079238892,0.07361418008804321,-3.491128921508789
71773012390136,1.3104383945465088,0.2426113784313202,-2.7580442428588867
71773032196044,0.576290488243103,0.2476186752319336,-4.3779449462890625
71773052001953,-0.4185691475868225,-0.22630727291107178,-5.2113752365112305
71773071868896,-0.9177644848823547,-0.49531930685043335,-4.954639434814453
71773091644287,-0.5774296522140503,0.026045262813568115,-5.306571960449219
71773111419677,0.3326513171195984,0.5682938098907471,-5.041666030883789
71773131195068,0.6913896203041077,0.8840846419334412,-4.632309913635254
71773151000976,-0.29035627841949463,0.18666428327560425,-4.640832901000977
71773170776367,-1.2357900142669678,-0.4599684178829193,-3.103102684020996
71773190582275,-0.523926854133606,-0.5481245517730713,0.11963558197021484
71773210418701,0.46681416034698486,0.046194761991500854,1.945831298828125
71773230133056,1.0156667232513428,0.9545644521713257,0.8971424102783203
71773249908447,1.118077039718628,1.171659231185913,-1.1875905990600586
71773269683837,1.269316554069519,1.4314576387405396,-0.41489124298095703
71773289550781,0.4177904725074768,0.6349925398826599,3.0474071502685547
71773311157226,-0.2331950068473816,-0.5827974081039429,8.897150039672852
71773329071044,-0.6105127930641174,-1.0840933322906494,8.538921356201172
71773348846435,-0.12715524435043335,-0.6937484741210938,6.837339401245117
71773368621826,-0.13772398233413696,-0.4765961170196533,7.291677474975586
71773388427734,-0.5882459282875061,-0.5998173356056213,5.736909866333008
71773408203125,-1.0346696376800537,-1.1586377620697021,7.231351852416992
71773427978515,-1.3619842529296875,-1.235907793045044,5.120782852172852
71773447784423,-0.6603550910949707,-0.6391843557357788,2.071392059326172
71773467712402,-0.21152126789093018,-0.13430222868919373,-1.241164207458496
71773487365722,-0.01440119743347168,0.24979126453399658,-2.671855926513672
71773507141113,-0.03239971399307251,0.09498237073421478,-2.678913116455078
71773526947021,0.0054610371589660645,-0.3040919005870819,-1.8247814178466797
71773546722412,-0.08376795053482056,-0.48708009719848633,-1.7700090408325195
71773566497802,-0.33045101165771484,-0.6706259250640869,-3.0570573806762695
71773586303710,-0.14176106452941895,-0.4747154712677002,-4.271832466125488
71773606079101,-0.1099138855934143,-0.44104596972465515,-5.285409927368164
71773625854492,-0.28370821475982666,-0.5711860060691833,-5.601437568664551
71773645660400,0.22316008806228638,-0.26036810874938965,-4.740862846374512
71773665435791,0.3362899422645569,-0.1071770191192627,-4.226041793823242
71773685241699,0.1750240921974182,-0.02916133403778076,-4.352428436279297
71773705017089,0.12064462900161743,-0.010265648365020752,-4.848278045654297
71773724792480,0.5347243547439575,0.0938684344291687,-4.038068771362305
71773744598388,0.4610353112220764,-0.19798552989959717,-2.3247766494750977
71773764373779,0.2591063380241394,-0.1220652163028717,0.7331142425537109
71773784149169,0.05857127904891968,-0.3255995512008667,2.1206884384155273
71773803894042,0.38114362955093384,-0.018113642930984497,1.3508195877075195
71773823699951,1.4852802753448486,0.720253586769104,0.6091880798339844
71773843505859,1.1218485832214355,0.34909915924072266,2.8175487518310547
71773863311767,-0.32584500312805176,-0.4017336368560791,4.742552757263184
71773884613037,-1.2034003734588623,-1.1718486547470093,5.8739471435546875
71773902893066,-0.028778791427612305,-0.5938930511474609,5.136953353881836
71773922607421,0.32178640365600586,-0.5555118322372437,5.636083602905273
71773942443847,0.2717883586883545,-0.7791767716407776,6.511425971984863
71773962188720,0.18799352645874023,-0.9809863567352295,6.689604759216309
71773982025146,-0.37549638748168945,-1.1316529512405396,5.219522476196289
71774001770019,0.013587355613708496,-0.41765835881233215,2.344660758972168
71774021667480,0.5716991424560547,0.17318621277809143,-0.8829469680786133
71774041412353,0.3758975863456726,0.10547418892383575,-2.1955318450927734
71774061096191,0.0861009955406189,-0.3426506221294403,-1.977304458618164
71774080810546,0.3090347647666931,-0.25157466530799866,-1.6804494857788086
71774100585937,0.39326709508895874,-0.2571760416030884,-2.8477792739868164
71774120391845,0.8084559440612793,8.590221405029297E-4,-4.506847381591797
71774140167236,0.7890234589576721,0.10672551393508911,-4.8223466873168945
71774159973144,0.11412698030471802,-0.27571892738342285,-4.323199272155762
71774179779052,-0.6922628879547119,-0.7370800375938416,-4.188241004943848
71774199554443,-0.4276931881904602,-0.6616253852844238,-3.6938705444335938
71774219329833,-0.05945867300033569,-0.20693588256835938,-4.303580284118652
71774239135742,-0.14296245574951172,-0.030875444412231445,-5.429954528808594
71774258941650,-0.1032831072807312,0.03532135486602783,-5.452864646911621
71774278717041,-0.5264576077461243,-0.6033644080162048,-3.557032585144043
71774298522949,-0.1558963656425476,-0.4669643044471741,-1.521413803100586
71774318298339,0.596983790397644,0.18000519275665283,1.1519546508789063
71774338134765,0.47462522983551025,0.5970706939697266,0.35104846954345703
71774357940673,0.4722367525100708,1.0447778701782227,-1.2713594436645508
71774377716064,1.0723762512207031,1.6613448858261108,-1.1122941970825195
71774397491455,0.5574895143508911,1.0823737382888794,2.342367172241211
71774417388916,-0.26010680198669434,0.14828132092952728,6.204865455627441
71774437164306,-0.9248391389846802,-0.4225200116634369,8.02918529510498
71774456939697,-0.5003330707550049,-0.36191460490226746,7.476673126220703
71774476745605,-0.4905126690864563,-0.4244069457054138,8.093256950378418
71774496520996,-1.2699236869812012,-0.9121633768081665,8.061169624328613
71774516296386,-2.237668037414551,-1.6104528903961182,8.209107398986816
71774536102294,-1.9802494049072266,-1.183962345123291,5.904731750488281
71774555877685,-1.0675008296966553,-0.5421596169471741,1.8095722198486328
71774575683593,0.08404326438903809,0.44920089840888977,-2.023855209350586
71774595306396,0.40981364250183105,0.8733181953430176,-3.312997817993164
71774615112304,0.19929218292236328,0.6819602251052856,-3.0811729431152344
71774635070800,0.13445556163787842,0.21423041820526123,-1.5950756072998047
71774654693603,-0.0696520209312439,-0.351102352142334,-1.8423051834106445
71774674499511,0.09003448486328125,-0.257438063621521,-2.678884506225586
71774694274902,-0.09247070550918579,-0.4494226574897766,-3.910839080810547
71774714080810,0.21410006284713745,-0.32528960704803467,-4.723270416259766
71774733856201,0.05011105537414551,-0.5871134996414185,-3.8196592330932617
71774753692626,-0.42886853218078613,-1.017453670501709,-3.0177783966064453
71774773437500,-0.2159903645515442,-0.7207092046737671,-3.571896553039551
71774793243408,0.23826050758361816,-0.29755884408950806,-3.725811004638672
71774813018798,0.3308632969856262,-0.1375124454498291,-4.438536643981934
71774832824707,0.09588354825973511,-0.22351408004760742,-4.28864860534668
71774852600097,-0.23551338911056519,-0.7092480659484863,-3.511411666870117
71774872497558,-0.28567761182785034,-0.9964936971664429,-2.4018993377685547
71774892272949,-0.23912185430526733,-1.1457239389419556,-2.4945430755615234
71774912078857,0.15865427255630493,-0.7705767154693604,-1.939040184020996
71774931854248,0.5427650213241577,-0.5188595056533813,-1.2376375198364258
71774951568603,0.946687638759613,-0.6416832208633423,1.6478309631347656
71774971374511,0.8573248386383057,-0.6525176167488098,4.455106735229492
71774991149902,0.6791460514068604,-0.31632423400878906,4.614299774169922
71775010955810,-0.2913898825645447,-0.8348996639251709,5.767971992492676
71775030731201,-1.4321595430374146,-1.8471593856811523,6.833521842956543
71775050537109,-0.9085894227027893,-2.134413957595825,7.10198974609375
71775070343017,-0.40806299448013306,-2.0609130859375,8.961416244506836
71775090118408,-0.6470174193382263,-1.3993449211120605,8.996270179748535
71775109924316,-0.6278113126754761,-0.7239664196968079,4.855627059936523
71775129699707,-0.015399396419525146,-0.16696089506149292,0.48858642578125
71775149475097,0.8801503777503967,0.5360598564147949,-2.429814338684082
71775169372558,1.4136723279953003,0.9681830406188965,-3.4974842071533203
71775189147949,1.715949535369873,0.9666033387184143,-2.984726905822754
71775208953857,1.5979617834091187,0.6226997375488281,-2.4512529373168945
71775228729248,1.0377421379089355,0.31872621178627014,-1.7612075805664063
71775248535156,-0.2465130090713501,-0.48400449752807617,-2.377326011657715
71775268341064,-0.4034644365310669,-0.406427800655365,-3.935274124145508
71775288116455,0.3799973130226135,0.039809077978134155,-4.931999206542969
71775307891845,0.835438072681427,0.3811565339565277,-5.312110900878906
71775327667236,0.7477643489837646,0.37554416060447693,-4.958917617797852
71775347473144,0.2936684489250183,0.1869317591190338,-4.07431697845459
71775367248535,0.2995355725288391,0.23539510369300842,-4.072731971740723
71775386932373,0.38707858324050903,0.2866648733615875,-3.4375953674316406
71775406707763,0.8054803609848022,0.4209095537662506,-3.8666791915893555
71775426483154,2.2505717277526855,1.1933895349502563,-1.9676790237426758
71775446289062,1.4987415075302124,0.9355601072311401,-0.2601633071899414
71775466094970,-0.29611140489578247,-0.21178112924098969,1.0321626663208008
71775485870361,-0.31353622674942017,-0.15193518996238708,2.0353097915649414
71775505676269,0.45653849840164185,0.28592413663864136,3.040660858154297
71775525451660,1.5310337543487549,0.8455570340156555,4.72849178314209
71775545227050,0.24110358953475952,-0.32907816767692566,8.424748420715332
71775565032958,-1.1579749584197998,-1.2541069984436035,9.07529354095459
71775584808349,-1.366402506828308,-0.993000864982605,8.132257461547852
71775604644775,-1.260584831237793,-0.8146318197250366,7.363710403442383
71775624542236,-1.4215219020843506,-1.0333752632141113,7.615592956542969
71775644287109,-1.54280424118042,-1.2695332765579224,6.2965497970581055
71775664062500,-0.9339831471443176,-0.7554165124893188,2.129879951477051
71775683837890,-0.11954468488693237,0.006179196760058403,-1.8288288116455078
71775703643798,0.167475163936615,0.4606567621231079,-2.7437944412231445
71775723419189,-0.1247093677520752,0.15402349829673767,-2.3406333923339844
71775743225097,-0.49088144302368164,-0.3368014991283417,-1.5787239074707031
71775763000488,-0.8524935841560364,-0.8957242965698242,-2.0696468353271484
71775782775878,-1.1225099563598633,-1.009753942489624,-2.935788154602051
71775802581787,-0.7345185279846191,-0.7685773372650146,-4.484153747558594
71775822357177,-0.19135791063308716,-0.40630042552948,-5.868398666381836
71775842132568,0.23454070091247559,-0.1791868805885315,-5.686624526977539
71775861938476,0.09754550457000732,-0.2294306755065918,-5.139578819274902
71775881744384,-0.24195951223373413,-0.26450759172439575,-4.857044219970703
71775901519775,-0.2921144962310791,-0.19943970441818237,-5.839223861694336
71775921325683,0.04405134916305542,0.14521116018295288,-6.669160842895508
71775941101074,0.4853186011314392,0.4166221618652344,-5.941405296325684
71775960906982,0.890008270740509,0.39585983753204346,-4.19285774230957
71775980773925,0.6222946047782898,0.06525105237960815,-2.256277084350586
71776000457763,-0.4920366108417511,-0.5330234169960022,1.792963981628418
71776020263671,-0.8656709790229797,-0.8465244770050049,2.625107765197754
71776040039062,0.20795902609825134,-0.48398491740226746,1.1489496231079102
71776059814453,1.4302845001220703,0.08773291110992432,1.8430900573730469
71776079620361,1.16501784324646,-0.025503486394882202,4.90582275390625
71776099395751,-0.44301897287368774,-1.3105385303497314,8.645895957946777
71776119201660,-1.5114576816558838,-2.241438150405884,8.300588607788086
71776138977050,-0.17474430799484253,-0.9522472620010376,6.865262031555176
71776158782958,0.4890303313732147,-0.38454723358154297,6.408870697021484
71776178558349,0.05848938226699829,-0.636297345161438,6.297375679016113
71776198333740,-0.7400403618812561,-1.2597901821136475,6.663373947143555
71776218139648,-1.1981494426727295,-1.2778984308242798,5.1374101638793945
71776237915039,-0.49699223041534424,-0.6700104475021362,1.9547204971313477
71776257720947,0.6128876805305481,0.11610901355743408,-1.5881271362304688
71776277465820,1.397526741027832,0.44697093963623047,-3.5978755950927734
71776297271728,1.695451021194458,0.5198816657066345,-3.7762832641601563
71776317047119,1.9108219146728516,0.5144680738449097,-3.2938613891601563
71776336853027,1.2720906734466553,-0.06379342079162598,-3.70493221282959
71776356628417,0.5360932350158691,-0.41815298795700073,-4.167386054992676
71776376434326,0.03661775588989258,-0.5742330551147461,-5.330853462219238
71776396240234,-0.10033553838729858,-0.5243483781814575,-6.085700035095215
71776416015625,-0.23575735092163086,-0.5183631181716919,-6.6141462326049805
71776435791015,-0.047889769077301025,-0.37512606382369995,-6.151705741882324
71776455596923,0.4688149690628052,-0.09100008010864258,-4.883033752441406
71776475372314,-0.152546226978302,-0.3033657670021057,-4.619627952575684
71776495147705,-0.08896839618682861,-0.06052672863006592,-4.501217842102051
71776514953613,0.621369481086731,0.25240910053253174,-3.3094711303710938
71776534729003,0.6798512935638428,0.25701624155044556,-0.5191411972045898
71776554534912,0.34536492824554443,0.3446817994117737,2.605684280395508
71776574310302,-0.39302515983581543,0.16176235675811768,3.9247512817382813
71776594085693,-0.18772774934768677,0.36030319333076477,2.114750862121582
71776613891601,0.8996980786323547,1.3514156341552734,2.3513364791870117
71776633666992,1.135873794555664,1.5923150777816772,4.11317253112793
71776653472900,0.02041679620742798,0.4853760898113251,7.733990669250488
71776673248291,-1.21400785446167,-0.7303675413131714,7.356082916259766
71776693054199,-0.6615380048751831,-0.5401497483253479,6.018037796020508
71776712829589,-0.008073091506958008,-0.12249816209077835,6.23600959777832
71776732604980,-0.3753546476364136,-0.5780903697013855,6.072126388549805
71776752410888,-1.3885498046875,-1.1577380895614624,5.763914108276367
71776772186279,-1.1265541315078735,-0.9262194633483887,3.0924997329711914
71776791961669,-0.13252127170562744,-0.2636042833328247,-0.33601951599121094
71776811767578,0.08373451232910156,0.3432742953300476,-3.2711563110351563
71776831604003,0.15391111373901367,0.2624993920326233,-2.572636604309082
71776851348876,0.3032381534576416,-0.17334920167922974,-1.243494987487793
71776871124267,0.13320308923721313,-0.5880323052406311,0.6031684875488281
71776890899658,-0.8166282176971436,-1.4346048831939697,0.5679521560668945
71776910705566,-0.9160940647125244,-1.3043851852416992,-1.7823476791381836
71776930480957,-0.19466805458068848,-0.9137459397315979,-3.6924753189086914
71776950256347,0.3009708523750305,-0.7635495662689209,-4.741219520568848
71776970062255,0.19936257600784302,-1.0063889026641846,-4.692193031311035
71776989837646,0.08983516693115234,-1.0305973291397095,-4.258236885070801
71777009613037,0.3347298502922058,-0.8410556316375732,-4.697359085083008
71777029418945,0.2728123664855957,-0.591654896736145,-5.626786231994629
71777049194335,0.5478817224502563,-0.16530346870422363,-5.573338508605957
71777068969726,0.5937073826789856,-0.051239728927612305,-4.187339782714844
71777088775634,1.0984934568405151,0.25074779987335205,-3.4542627334594727
71777108551025,1.1109447479248047,0.20902419090270996,-0.9079122543334961
71777128356933,0.9400409460067749,0.34711623191833496,0.8562049865722656
71777148101806,1.1844401359558105,0.24625301361083984,0.010338783264160156
71777167907714,1.751530647277832,0.18563008308410645,0.8231849670410156
71777187683105,0.9289120435714722,-0.3603583574295044,4.485286712646484
71777207489013,-0.6480688452720642,-1.1726036071777344,7.881993293762207
71777227264404,-0.8432744741439819,-1.491577386856079,5.789466857910156
71777247070312,0.4108527898788452,-0.5796675086021423,3.2628393173217773
71777266815185,1.3854279518127441,0.44344472885131836,3.035445213317871
71777286621093,0.48969370126724243,-0.3382086157798767,3.4684572219848633
71777306396484,-0.7127897143363953,-1.528580665588379,4.392447471618652
71777326202392,-1.021571397781372,-1.8616029024124146,5.168972015380859
71777345977783,0.511351466178894,-0.5305254459381104,3.0559921264648438
71777365722656,1.273627519607544,0.09104979038238525,0.5086832046508789
71777385528564,1.1849313974380493,0.378322958946228,-1.3013391494750977
71777405303955,0.8374886512756348,0.11262929439544678,-2.2451705932617188
71777425109863,0.4684709310531616,-0.0836867094039917,-2.3384828567504883
71777444885253,0.08140987157821655,-0.2421526312828064,-1.7960100173950195
71777464691162,-0.4422804117202759,-0.5974586606025696,-2.487894058227539
71777484466552,-0.899979829788208,-0.7586252689361572,-3.0396671295166016
71777504272460,-0.937412679195404,-0.4853641390800476,-3.4725637435913086
71777524047851,-0.46351248025894165,0.03471797704696655,-3.4135828018188477
71777543823242,0.05951923131942749,0.44327449798583984,-3.061391830444336
71777563629150,0.15524858236312866,0.5742121934890747,-3.47775936126709
71777583404541,-6.05851411819458E-4,0.4401036500930786,-2.646639823913574
71777603179931,0.0862177312374115,0.5430468916893005,-2.2546253204345703
71777622985839,-0.17051655054092407,0.33619773387908936,-0.7459287643432617
71777642761230,-0.4781652092933655,-0.0032476186752319336,0.5036582946777344
71777662536621,-0.07037481665611267,0.2907752990722656,1.0212726593017578
71777682312011,0.6902428865432739,1.0889167785644531,1.1880578994750977
71777702087402,1.6847636699676514,1.5350381135940552,0.28066062927246094
71777721862792,1.17923903465271,1.3423023223876953,1.4139595031738281
71777741790771,-0.28513938188552856,0.5071381330490112,2.852299690246582
71777761505126,-0.872317910194397,-0.12549257278442383,3.926039695739746
71777781280517,-0.06387406587600708,0.04042518138885498,2.8034019470214844
71777801055908,1.0978279113769531,0.4542950987815857,2.530019760131836
71777820861816,0.5708998441696167,0.21620094776153564,3.3682126998901367
71777840637207,-0.37778133153915405,-1.0427329540252686,3.912075996398926
71777860412597,-1.7053296566009521,-2.192436933517456,6.838683128356934
71777880187988,-1.0755789279937744,-1.634219765663147,5.410580635070801
71777899993896,0.10675287246704102,-0.6196123957633972,1.6076879501342773
71777919769287,0.4742140769958496,-0.03554236888885498,-0.6438684463500977
71777939544677,0.10729652643203735,0.11612403392791748,-1.6415681838989258
71777959320068,-0.47641485929489136,-0.3278045654296875,-1.9220705032348633
71777979095458,-0.6096997857093811,-0.4666978120803833,-2.0462722778320313
71777998870849,-0.40385234355926514,-0.37775254249572754,-2.289740562438965
71778018676757,-0.14191627502441406,-0.1805793046951294,-2.1728944778442383
71778038513183,-0.46407902240753174,-0.23255741596221924,-3.140131950378418
71778058227539,-0.7788758277893066,-0.518952488899231,-3.979278564453125
71778078002929,-0.8528076410293579,-0.7316850423812866,-3.710330009460449
71778097778320,-0.1681903600692749,-0.3702082633972168,-2.985565185546875
71778117584228,0.288879930973053,0.11193323135375977,-2.962447166442871
71778137359619,0.18678763508796692,0.1771155595779419,-3.289266586303711
71778157135009,0.09797811508178711,0.3821380138397217,-2.6509313583374023
71778176940917,0.15223535895347595,0.38078606128692627,-1.725722312927246
71778196685791,0.5749719142913818,0.49403882026672363,-0.5187625885009766
71778216491699,0.4064858555793762,0.06660985946655273,1.1950492858886719
71778236267089,-0.0879237949848175,-0.13841235637664795,2.523016929626465
71778256042480,0.4823114275932312,0.21470606327056885,0.7416362762451172
71778275817871,1.616286277770996,0.591437816619873,-0.17379188537597656
71778295593261,1.8318697214126587,0.6949751377105713,1.5341453552246094
71778315399169,-0.020499080419540405,-0.6056320667266846,3.610769271850586
71778335174560,-0.9019585251808167,-1.2769076824188232,4.319881439208984
71778354949951,0.5623162388801575,-0.38248777389526367,1.8990564346313477
71778374725341,1.4071002006530762,-0.02090013027191162,0.4297618865966797
71778394500732,1.6113429069519043,0.05570089817047119,1.7655563354492188
71778414276123,0.628917932510376,-1.1794761419296265,3.329935073852539
71778434082031,-0.36695969104766846,-1.6233716011047363,4.409797668457031
71778453857421,-0.3152737617492676,-1.502229928970337,2.20163631439209
71778474670410,0.7282640933990479,-0.4612470865249634,0.11163616180419922
71778493408203,1.010751485824585,-0.024649739265441895,-2.0664291381835938
71778513214111,0.860197901725769,-0.04775214195251465,-2.802699089050293
71778532989501,0.5554677844047546,-0.27649807929992676,-2.403498649597168
71778552764892,0.16427624225616455,-0.6781353950500488,-2.382596015930176
71778572540283,0.03133058547973633,-0.6197079420089722,-1.7638463973999023
71778592315673,-0.16851651668548584,-0.532199501991272,-2.4741554260253906
71778612121582,-0.5510929822921753,-0.33823180198669434,-2.169076919555664
71778631896972,-0.46341562271118164,-0.04237937927246094,-2.1760787963867188
71778651672363,0.041467249393463135,0.4864884614944458,-3.239940643310547
71778671447753,0.4237753748893738,0.816720724105835,-3.2723350524902344
71778691253662,0.2459048628807068,0.8284026384353638,-2.738100051879883
71778711029052,-0.7522158026695251,0.4067978858947754,-2.572042465209961
71778730804443,-0.5656207799911499,0.5590665340423584,-1.726597785949707
71778750610351,-0.05931335687637329,0.9088389873504639,-2.1125259399414063
71778770385742,0.011213541030883789,1.1116657257080078,-2.3536081314086914
71778790161132,-0.19590455293655396,1.0785447359085083,-2.304361343383789
71778809967041,0.3604457378387451,1.3331390619277954,-1.8281173706054688
71778829742431,0.8448092341423035,1.4250000715255737,0.6299409866333008
71778849517822,0.68807053565979,1.0405819416046143,2.5609521865844727
71778869293212,0.11113548278808594,0.11702179908752441,4.086184501647949
71778889312744,-1.200944185256958,-0.7451127171516418,7.113185882568359
71778908874511,-1.2852450609207153,-1.2724313735961914,7.435712814331055
71778928649902,-0.9107836484909058,-1.0092071294784546,7.743904113769531
71778948425292,-0.16175055503845215,-0.2843153476715088,7.172640800476074
71778968200683,-0.10992509126663208,-0.40634268522262573,6.762482643127441
71778988006591,-0.9320545792579651,-0.5106622576713562,5.547337532043457
71779007781982,-0.5268925428390503,-0.3676600456237793,2.6698904037475586
71779028594970,-0.2982029318809509,0.036329448223114014,-0.7848224639892578
71779047363281,-0.49670445919036865,0.08376216888427734,-1.7355232238769531
71779067138671,-0.10806393623352051,0.213708758354187,-0.8334426879882813
71779086883544,0.018672823905944824,-0.06269323825836182,-0.7810468673706055
71779106689453,-0.43181997537612915,-0.8851734399795532,-0.8061599731445313
71779126464843,-0.7243360877037048,-1.2198318243026733,-2.09555721282959
71779146484375,-0.32148075103759766,-1.0029804706573486,-3.0308942794799805
71810133575439,0.3776496648788452,0.16075092554092407,1.9527606964111328
71810150970458,-0.9560375213623047,-1.1094104051589966,2.7264232635498047
71810170532226,-1.7819230556488037,-1.8727898597717285,3.699148178100586
71810191253662,-0.4564622640609741,-0.9501189589500427,2.230031967163086
71810210906982,0.9140352010726929,0.028723478317260742,-0.842188835144043
71810230712890,0.5220112800598145,-0.04563969373703003,-1.9574251174926758
71810250518798,-0.21120107173919678,-0.6581950783729553,-0.3701362609863281
71810270294189,-0.6081541776657104,-0.89549720287323,0.2589750289916992
71810290100097,-0.8334811925888062,-1.1119334697723389,-0.3085660934448242
71810309906005,-0.4282461404800415,-0.6238705515861511,-1.600367546081543
71810329711914,-0.053011417388916016,-0.3375133275985718,-2.8329954147338867
71810349487304,-0.40739238262176514,-0.4048129916191101,-3.000432014465332
71810369293212,-0.5568537712097168,-0.4520006775856018,-2.524855613708496
71810389007568,-0.4410892724990845,-0.4950372576713562,-2.4445858001708984
71812843658447,0.22979775071144104,-0.14996182918548584,-0.22202014923095703
71812862792968,0.036111995577812195,-0.0797884464263916,1.1114330291748047
71812883270263,0.4876364469528198,0.08063602447509766,1.0893497467041016
71812903045654,0.8027447462081909,0.6258220672607422,-0.15590381622314453
71812922943115,0.04087352752685547,0.39116621017456055,-1.6724576950073242
71812942718505,-0.6851140260696411,-0.02843606472015381,-1.4157562255859375
71812962005615,-0.3684651851654053,-0.21062099933624268,0.11733722686767578
71812982330322,0.008418083190917969,-0.22643935680389404,1.2191886901855469
71813002105712,0.6446534395217896,0.4253174662590027,1.4854326248168945
71813021423339,0.50385582447052,0.7330385446548462,0.45859527587890625
71813041748046,0.2983137369155884,0.7070828080177307,-0.3959646224975586
71813061492919,-0.42703038454055786,0.2570340037345886,-1.0255451202392578
71813080718994,-0.7678425908088684,-0.5280336141586304,-0.7247819900512695
71813100433349,-0.38871532678604126,0.18752813339233398,-0.0033197402954101563
71813120208740,0.42292433977127075,0.5872179269790649,0.4557504653930664
71813140045166,-0.03856688737869263,0.40642040967941284,-0.7989215850830078
71813159820556,-0.5039650201797485,-0.07082176208496094,-0.9589853286743164
71813179626464,0.19123297929763794,0.15008008480072021,-0.38225650787353516
71813199432373,0.3802359700202942,0.25159919261932373,0.2850208282470703
71813219207763,-0.019022822380065918,0.12502092123031616,0.16962718963623047
71813239013671,-0.33438611030578613,0.22141027450561523,1.4945783615112305
71813258819580,0.18688911199569702,-0.11780953407287598,1.600001335144043
71813278625488,-0.412105917930603,0.08710157871246338,-0.4319620132446289
71813298400878,0.27876484394073486,0.02338927984237671,-0.5661458969116211
71813318206787,0.2932932376861572,0.4213123917579651,-0.09563255310058594
71813338012695,-0.060479819774627686,0.38378822803497314,-0.9209489822387695
71813357818603,-0.17691868543624878,0.24039983749389648,-1.140517234802246
71813377624511,0.09137105941772461,0.0778006911277771,0.8261146545410156
71813397399902,0.09181052446365356,0.04133486747741699,1.7720909118652344
71813417205810,0.13599538803100586,0.29691630601882935,0.15569019317626953
71813437011718,0.2041643261909485,0.605055034160614,-1.131993293762207
71813456787109,-0.23530012369155884,0.3659457564353943,-0.780543327331543
71813476593017,-0.38957369327545166,-0.3854982852935791,1.3906965255737305
71813496398925,-0.7955502867698669,0.43644556403160095,1.2651710510253906
71813516174316,1.7863068580627441,0.5293964743614197,0.48064422607421875
71813535980224,0.016027390956878662,0.6703869700431824,-1.7856454849243164
71813555786132,-1.9287571907043457,-1.45546555519104,-0.7681236267089844
71813575592041,-1.9782499074935913,-0.4553230404853821,-1.032414436340332
71813595367431,1.0241146087646484,1.3949321508407593,-3.0706138610839844
71813615173339,0.7057448029518127,0.33806559443473816,1.5269527435302734
71813634979248,0.5432166457176208,-0.07331278920173645,3.8388309478759766
71813654754638,-0.5094031691551208,-0.04464644193649292,0.15903377532958984
71813674560546,-1.038454532623291,0.10904335975646973,-1.1880159378051758
71813694366455,0.06202554702758789,0.5193616151809692,-0.37374210357666016
71813714172363,0.014711916446685791,0.5471897125244141,-0.13075637817382813
71813733947753,-0.7798665761947632,0.048181504011154175,0.4931678771972656
71813753723144,-0.30807048082351685,-0.3880782425403595,1.6001825332641602
71813773529052,0.11067825555801392,0.26094499230384827,0.6912460327148438
71813793304443,0.5945881009101868,0.7321213483810425,-0.04462623596191406
71813813110351,1.0043883323669434,0.8149001002311707,0.13837432861328125
71813832916259,0.623891294002533,0.45067280530929565,-0.30472278594970703
71813852691650,-0.6106516718864441,-0.13175565004348755,-0.6632881164550781
71813872497558,-0.5521106123924255,0.10766768455505371,0.23424148559570313
71813892303466,0.2790222764015198,0.2336384654045105,0.6889562606811523
71813912109375,0.27244317531585693,0.2940678000450134,0.022951126098632813
71813931884765,-0.03461498022079468,0.10437893867492676,-0.5125017166137695
71813951690673,-0.29665547609329224,-0.15482980012893677,-0.5265426635742188
71813971496582,-0.36612796783447266,0.047295570373535156,-0.5035400390625
71813991302490,-0.022801101207733154,0.19056296348571777,-0.6101608276367188
71814011108398,0.031136155128479004,0.13327240943908691,0.4289722442626953
71814030914306,0.4096720218658447,0.392575204372406,0.8321447372436523
71814050689697,0.27269476652145386,0.24727410078048706,-0.21700191497802734
71814070495605,-0.36075544357299805,0.06143486499786377,-1.3562850952148438
71814090301513,-0.3580341935157776,0.6550482511520386,-1.012765884399414
71814110076904,0.134779691696167,0.39515912532806396,0.01800251007080078
71814129882812,0.22260236740112305,0.10712325572967529,0.23658084869384766
71814149658203,0.669377326965332,0.4861915111541748,1.4422235488891602
71814169464111,0.11734002828598022,0.08935582637786865,0.5579290390014648
71814189270019,-0.5197106599807739,0.2820547819137573,0.21785926818847656
71814209075927,-0.7638312578201294,-0.1580444574356079,-0.37955570220947266
71814228851318,-0.36214399337768555,0.06799447536468506,0.004261970520019531
71814248718261,0.4621155261993408,0.26926398277282715,1.2768306732177734
71814268463134,0.032026052474975586,0.48580336570739746,0.305908203125
71814288269042,-0.3085724115371704,0.3844130039215088,-0.4478635787963867
71814308044433,-0.003363370895385742,0.25253498554229736,-0.30495548248291016
71814327850341,0.1856456995010376,0.6000292301177979,-0.14863014221191406
71814347656250,-0.019948601722717285,0.5263702869415283,-0.5105714797973633
71814367462158,-0.18375098705291748,0.12538361549377441,-0.8336553573608398
71814387268066,-0.1965324878692627,-0.2893517017364502,-0.5153255462646484
71814407073974,0.5671865940093994,0.2637965679168701,0.2267913818359375
71814426879882,-0.29111742973327637,0.6369749307632446,0.18515300750732422
71814446655273,-0.4710118770599365,0.5677763223648071,-1.188704490661621
71814466461181,-0.3492865562438965,-0.017924189567565918,-0.8456459045410156
71814486267089,-1.7093336582183838,-0.10496389865875244,-3.2976760864257813
71814506072998,-1.0571246147155762,-0.899504542350769,-0.8649883270263672
