683852325439,-1.2868876457214355,2.0979371070861816,9.492785453796387
683872070312,-1.3038777112960815,2.057716131210327,9.499268531799316
683891845703,-1.3141186237335205,2.042994976043701,9.501033782958984
683911682128,-1.3161461353302002,2.0359766483306885,9.502260208129883
683931457519,-1.3230547904968262,2.0273141860961914,9.503152847290039
683951263427,-1.3309507369995117,2.0225648880004883,9.50306224822998
683971069335,-1.337878704071045,2.020536422729492,9.502520561218262
683990844726,-1.3457940816879272,2.012993812561035,9.50300407409668
684010650634,-1.3507601022720337,2.008013963699341,9.503353118896484
684030456542,-1.354296326637268,2.006990671157837,9.503066062927246
684050262451,-1.3567131757736206,2.0049142837524414,9.503159523010254
684070068359,-1.3580347299575806,2.001441717147827,9.503702163696289
684089843750,-1.3568207025527954,1.9968910217285156,9.504833221435547
684109649658,-1.3567503690719604,1.988665223121643,9.50656795501709
684129425048,-1.3599753379821777,1.9809662103652954,9.50771427154541
684149230957,-1.3595963716506958,1.9785596132278442,9.508269309997559
684169036865,-1.356109619140625,1.977295160293579,9.50903034210205
684188781738,-1.3529874086380005,1.9716664552688599,9.51064395904541
684208587646,-1.354966402053833,1.9603790044784546,9.5126953125
684228393554,-1.3558354377746582,1.950168490409851,9.514669418334961
684248199462,-1.3446446657180786,1.9487135410308838,9.516555786132813
684268005371,-1.3309102058410645,1.94789719581604,9.518653869628906
684287811279,-1.3191814422607422,1.9405158758163452,9.521793365478516
684307586669,-1.3140227794647217,1.93034029006958,9.524574279785156
684327392578,-1.328086256980896,1.915195345878601,9.525681495666504
684347198486,-1.3065950870513916,1.9174439907073975,9.52820110321045
684367004394,-1.2497977018356323,1.9367517232894897,9.531913757324219
684386779785,-1.2081117630004883,1.9285163879394531,9.538955688476563
684406585693,-1.2148717641830444,1.8903132677078247,9.54574203491211
684426391601,-1.2357211112976074,1.847955346107483,9.551358222961426
684446197509,-1.2542269229888916,1.808350920677185,9.556525230407715
684465972900,-1.266310214996338,1.7661747932434082,9.562816619873047
684485778808,-1.2627087831497192,1.7096474170684814,9.57356071472168
684505554199,-1.2884330749511719,1.6390866041183472,9.582469940185547
684525329589,-1.3656247854232788,1.569002389907837,9.583511352539063
684545166015,-1.4231868982315063,1.55303955078125,9.57773494720459
684564971923,-1.3940269947052002,1.6084444522857666,9.572877883911133
684584747314,-1.3323540687561035,1.6906559467315674,9.56749153137207
684604553222,-1.3225122690200806,1.7502312660217285,9.55813980102539
684624359130,-1.345052719116211,1.739966630935669,9.556868553161621
684644134521,-1.3520692586898804,1.6547224521636963,9.57100772857666
684663970947,-1.3382147550582886,1.561913251876831,9.588534355163574
684683746337,-1.3440264463424683,1.5270142555236816,9.593341827392578
684703521728,-1.3581418991088867,1.5490272045135498,9.587822914123535
684723419189,-1.3643174171447754,1.5557321310043335,9.585860252380371
684743133544,-1.3557298183441162,1.4919090270996094,9.59721851348877
684762939453,-1.3493057489395142,1.3967530727386475,9.612431526184082
684782714843,-1.3551936149597168,1.3446000814437866,9.619037628173828
684802520751,-1.3860424757003784,1.3245747089385986,9.617420196533203
684822296142,-1.4753873348236084,1.2437613010406494,9.614919662475586
684842071533,-1.584694504737854,1.1166032552719116,9.613133430480957
684861907958,-1.6216003894805908,1.1021358966827393,9.608647346496582
684881713867,-1.5822107791900635,1.215354323387146,9.601557731628418
684901489257,-1.5553808212280273,1.2567803859710693,9.600607872009277
684921295166,-1.5682673454284668,1.1388731002807617,9.613214492797852
684941101074,-1.6070975065231323,0.9579700827598572,9.626522064208984
684960906982,-1.6066962480545044,0.8689073920249939,9.635035514831543
684980712890,-1.592937707901001,0.8639410734176636,9.637765884399414
685000488281,-1.587014079093933,0.8659281730651855,9.638565063476563
685020294189,-1.6299535036087036,0.8537502288818359,9.63248348236084
685040100097,-1.7832162380218506,0.7880663275718689,9.6109037399292
685059906005,-1.8990066051483154,0.6849231123924255,9.5966157913208
685079681396,-1.9321950674057007,0.6039748787879944,9.595427513122559
685099487304,-1.9511772394180298,0.6691364645957947,9.587260246276855
685119293212,-1.9951039552688599,0.9596003890037537,9.553486824035645
685139068603,-1.9336289167404175,1.3544893264770508,9.51823616027832
685158843994,-1.705165982246399,1.6567630767822266,9.514091491699219
685178649902,-1.4642040729522705,1.7896400690078735,9.530145645141602
685198486328,-1.3211688995361328,1.7562921047210693,9.55721378326416
685218261718,-1.297541618347168,1.6547024250030518,9.578556060791016
685238067626,-1.3053109645843506,1.58953058719635,9.588531494140625
685257843017,-1.2801599502563477,1.5816426277160645,9.593226432800293
685277648925,-1.259641408920288,1.6038528680801392,9.592254638671875
685297454833,-1.2796489000320435,1.614074945449829,9.587890625
685317230224,-1.3267152309417725,1.61025071144104,9.582134246826172
685337036132,-1.3659038543701172,1.6245602369308472,9.574210166931152
685356842041,-1.367313265800476,1.6443333625793457,9.570632934570313
685376617431,-1.3697314262390137,1.6318986415863037,9.572415351867676
685396423339,-1.392746090888977,1.6043226718902588,9.573755264282227
685416198730,-1.376835823059082,1.6046876907348633,9.575995445251465
685436004638,-1.3083816766738892,1.5986318588256836,9.586600303649902
685455810546,-1.2545853853225708,1.5570995807647705,9.600616455078125
685475555419,-1.2453043460845947,1.5383301973342896,9.604849815368652
685495361328,-1.1687235832214355,1.5218337774276733,9.617094039916992
685515167236,-1.0453399419784546,1.346252202987671,9.657393455505371
685534973144,-1.084849238395691,1.0023458003997803,9.694782257080078
685554779052,-1.2192105054855347,0.7256783246994019,9.703469276428223
685574554443,-1.2770384550094604,0.6227152347564697,9.703184127807617
685594360351,-1.2301981449127197,0.6091772317886353,9.710092544555664
685614166259,-1.1616615056991577,0.613625168800354,9.718250274658203
685633941650,-1.1636861562728882,0.5951400995254517,9.719158172607422
685653747558,-1.2057644128799438,0.5591171383857727,9.716167449951172
685673553466,-1.1994553804397583,0.5310561656951904,9.718522071838379
685693328857,-1.1726597547531128,0.4680209457874298,9.725030899047852
685713134765,-1.1959960460662842,0.3999726474285126,9.725225448608398
685732910156,-1.2432332038879395,0.3940768837928772,9.719539642333984
685752716064,-1.2378329038619995,0.4373939037322998,9.718376159667969
685772491455,-1.186854362487793,0.459174245595932,9.723730087280273
685792266845,-1.1837407350540161,0.42899659276008606,9.72548770904541
685812072753,-1.2865217924118042,0.39299365878105164,9.713949203491211
685831878662,-1.416514277458191,0.42769670486450195,9.694376945495605
685851684570,-1.4646145105361938,0.5153112411499023,9.682961463928223
685871490478,-1.4520106315612793,0.5695497989654541,9.681821823120117
685891265869,-1.4780657291412354,0.5439609885215759,9.679349899291992
685911071777,-1.5974897146224976,0.464155375957489,9.664521217346191
685930938720,-1.7238438129425049,0.4222888648509979,9.644709587097168
685950653076,-1.7110062837600708,0.49967676401138306,9.643296241760254
685970458984,-1.6504909992218018,0.6252191662788391,9.646520614624023
685990234375,-1.7238820791244507,0.6799928545951843,9.629965782165527
686010040283,-1.931835651397705,0.6384531259536743,9.593267440795898
686029846191,-2.1140224933624268,0.5182067155838013,9.562047958374023
686049621582,-2.1771788597106934,0.4745180010795593,9.55013656616211
686069427490,-2.221818208694458,0.659413754940033,9.528855323791504
686089233398,-2.367225170135498,1.007978916168213,9.463118553161621
686108978271,-2.375589609146118,1.4197170734405518,9.408047676086426
686128784179,-2.156456708908081,1.662982702255249,9.420964241027832
686148590087,-1.9889285564422607,1.6573081016540527,9.458746910095215
686168395996,-1.9847036600112915,1.5972199440002441,9.469964027404785
686188201904,-2.060814142227173,1.633457064628601,9.447500228881836
686208007812,-2.0888140201568604,1.744343876838684,9.421491622924805
686227783203,-2.046849012374878,1.8339487314224243,9.41368293762207
686247589111,-2.024928331375122,1.855678915977478,9.414165496826172
686267395019,-2.0603017807006836,1.8259813785552979,9.412297248840332
686287200927,-2.095767021179199,1.8062227964401245,9.408278465270996
686306976318,-2.076042652130127,1.825802206993103,9.408872604370117
686326782226,-2.0301194190979004,1.8486870527267456,9.414422988891602
686346588134,-2.040595531463623,1.831451654434204,9.415526390075684
686366363525,-2.0727076530456543,1.790830373764038,9.416325569152832
686386199951,-2.060509443283081,1.7734417915344238,9.422292709350586
686405975341,-2.016894578933716,1.799047827720642,9.426874160766602
686425750732,-2.010974407196045,1.8356373310089111,9.421083450317383
686445556640,-2.0425875186920166,1.823043704032898,9.416726112365723
686465332031,-1.9882941246032715,1.6720664501190186,9.456281661987305
686485168457,-1.920556902885437,1.359460711479187,9.520174026489258
686504974365,-1.9740904569625854,1.0860034227371216,9.544315338134766
686524749755,-2.0189850330352783,0.994629979133606,9.544882774353027
686544555664,-1.9209712743759155,0.9936692714691162,9.565191268920898
686564361572,-1.7845872640609741,0.9535025954246521,9.595648765563965
686584167480,-1.717500925064087,0.8525457382202148,9.617366790771484
686603973388,-1.6671648025512695,0.7206925749778748,9.636988639831543
686623748779,-1.588192105293274,0.5854491591453552,9.659465789794922
686643554687,-1.521331548690796,0.4308891296386719,9.678339958190918
686663360595,-1.4989804029464722,0.28431689739227295,9.687239646911621
686683166503,-1.4785315990447998,0.20905731618404388,9.692296981811523
686702941894,-1.4642198085784912,0.1823035329580307,9.6950101852417
686722747802,-1.4314507246017456,0.19418960809707642,9.699671745300293
686742523193,-1.3813835382461548,0.23150674998760223,9.706110000610352
686762329101,-1.3769530057907104,0.21653231978416443,9.707085609436035
686782104492,-1.3999829292297363,0.14744287729263306,9.705085754394531
686801940917,-1.3938541412353516,0.09393865615129471,9.706633567810059
686821746826,-1.3855470418930054,0.07556679844856262,9.707983016967773
686841522216,-1.3999345302581787,0.09739243984222412,9.705723762512207
686861328125,-1.4301621913909912,0.14020270109176636,9.70079231262207
686881134033,-1.4564000368118286,0.16668705642223358,9.696468353271484
686900909423,-1.4732359647750854,0.18396756052970886,9.693612098693848
686920715332,-1.5303213596343994,0.24615336954593658,9.68338394165039
686940521240,-1.5964231491088867,0.3873222768306732,9.668081283569336
686960327148,-1.6140916347503662,0.5553811192512512,9.65694808959961
686980102539,-1.6207109689712524,0.7060851454734802,9.645990371704102
686999908447,-1.7400263547897339,0.8696107268333435,9.611788749694824
687019714355,-1.8676328659057617,1.0695332288742065,9.567572593688965
687039520263,-1.9060691595077515,1.173862099647522,9.54773998260498
687059265136,-1.9648799896240234,1.1644401550292969,9.536965370178223
687079071044,-2.0606136322021484,1.281201720237732,9.501725196838379
687098846435,-2.1164767742156982,1.6652464866638184,9.429627418518066
687118682861,-2.0127508640289307,2.015700578689575,9.383824348449707
687138549804,-1.8507184982299805,2.086108446121216,9.401775360107422
687158294677,-1.7515451908111572,2.050050735473633,9.428667068481445
687178070068,-1.748378872871399,2.050973415374756,9.429054260253906
687197875976,-1.794168472290039,2.0746281147003174,9.415267944335938
687217651367,-1.80198335647583,2.0995161533355713,9.408255577087402
687237457275,-1.8240654468536377,2.1188840866088867,9.399654388427734
687257263183,-1.8929941654205322,2.1278960704803467,9.383976936340332
687277069091,-1.9646822214126587,2.1369359493255615,9.367172241210938
687296844482,-1.977703332901001,2.15529203414917,9.360223770141602
687316650390,-1.954403281211853,2.1422247886657715,9.368114471435547
687336456298,-1.94914710521698,2.084683895111084,9.382180213928223
687356262207,-1.9683185815811157,2.0234901905059814,9.391570091247559
687376037597,-1.9737969636917114,2.0007975101470947,9.395281791687012
687395812988,-1.918844223022461,1.9948692321777344,9.407917976379395
687415618896,-1.8443739414215088,1.964647650718689,9.429147720336914
687435455322,-1.8002334833145142,1.9047759771347046,9.44994068145752
687455230712,-1.7678099870681763,1.7989991903305054,9.476752281188965
687475036621,-1.7077168226242065,1.5718451738357544,9.528032302856445
687494842529,-1.6477580070495605,1.239220380783081,9.587471961975098
687514648437,-1.5997662544250488,1.0113154649734497,9.622285842895508
687534423828,-1.523201823234558,0.9647400975227356,9.639476776123047
687554229736,-1.4496729373931885,0.9295395612716675,9.65426254272461
687574035644,-1.3798596858978271,0.8134164810180664,9.67495346069336
687593841552,-1.2886004447937012,0.6387012004852295,9.700615882873535
687613616943,-1.216602087020874,0.4129738509654999,9.722125053405762
687633422851,-1.159617304801941,0.18751613795757294,9.736042022705078
687653228759,-1.1162892580032349,0.0638088658452034,9.742700576782227
687673034667,-1.107641339302063,0.06324120610952377,9.743691444396973
687692810058,-1.1220167875289917,0.10047926008701324,9.74173355102539
687712585449,-1.1323680877685547,0.07549276947975159,9.740760803222656
687732360839,-1.1456818580627441,-0.02149379998445511,9.739473342895508
687752197265,-1.1754192113876343,-0.06177588552236557,9.735756874084473
687772003173,-1.243494987487793,0.010638014413416386,9.727486610412598
687791809082,-1.2928420305252075,0.11315450817346573,9.72039794921875
687811584472,-1.2955573797225952,0.17168088257312775,9.719179153442383
687831390380,-1.3147636651992798,0.19647671282291412,9.716130256652832
687851165771,-1.3796029090881348,0.2499849647283554,9.705904960632324
687870971679,-1.4364502429962158,0.3573562800884247,9.694292068481445
687890777587,-1.4632638692855835,0.4902336597442627,9.684467315673828
687910583496,-1.4870268106460571,0.6509473323822021,9.671370506286621
687930358886,-1.5545727014541626,0.8529581427574158,9.645007133483887
687950164794,-1.608376145362854,1.0810871124267578,9.613259315490723
687969940185,-1.6164754629135132,1.2590326070785522,9.590215682983398
687989746093,-1.6385891437530518,1.3164989948272705,9.578739166259766
688009552001,-1.6835365295410156,1.287810206413269,9.574843406677246
688029296875,-1.705927848815918,1.3157240152359009,9.567082405090332
688049102783,-1.718166470527649,1.4544545412063599,9.544781684875488
688068908691,-1.729384183883667,1.6730667352676392,9.506864547729492
688088714599,-1.675567626953125,1.9154047966003418,9.470695495605469
688108520507,-1.5744946002960205,2.109043836593628,9.446866989135742
688128326416,-1.4845389127731323,2.2190115451812744,9.436234474182129
688148132324,-1.4363105297088623,2.278071880340576,9.429622650146484
688167907714,-1.430331826210022,2.3152050971984863,9.421483993530273
688187713623,-1.4436897039413452,2.325514316558838,9.416906356811523
688207519531,-1.4636290073394775,2.3255300521850586,9.413824081420898
688227294921,-1.497307300567627,2.3425984382629395,9.404291152954102
688247100830,-1.5339562892913818,2.392148971557617,9.385892868041992
688266906738,-1.5530949831008911,2.451348304748535,9.367452621459961
688286712646,-1.5644359588623047,2.4794464111328125,9.358165740966797
688306518554,-1.5848931074142456,2.4786295890808105,9.354939460754395
688326293945,-1.6039842367172241,2.47145414352417,9.353584289550781
688346130371,-1.591294765472412,2.457655191421509,9.35938549041748
688365875244,-1.53715181350708,2.40311861038208,9.382567405700684
688385681152,-1.4627286195755005,2.311194658279419,9.41749382019043
688405487060,-1.3683857917785645,2.208181142807007,9.45631217956543
688425292968,-1.2493363618850708,1.9849998950958252,9.52204418182373
688445098876,-1.2248867750167847,1.5707550048828125,9.602227210998535
688464874267,-1.2593796253204346,1.203742504119873,9.650666236877441
688484680175,-1.185256004333496,1.0195283889770508,9.681224822998047
688504486083,-1.0674840211868286,0.8883705139160156,9.70781421661377
688524261474,-1.0384329557418823,0.8183304667472839,9.717118263244629
688544067382,-1.0799705982208252,0.8326358199119568,9.711373329162598
688563873291,-1.108186960220337,0.8040083050727844,9.710606575012207
688583679199,-1.0270071029663086,0.7051258683204651,9.727201461791992
688603454589,-0.9160907864570618,0.5147244334220886,9.750191688537598
688623260498,-0.8781810998916626,0.30016326904296875,9.7626371383667
688643066406,-0.879025936126709,0.1561218947172165,9.7659273147583
688662811279,-0.8400493860244751,0.08115240186452866,9.770267486572266
688682617187,-0.7712699174880981,0.027659162878990173,9.77623462677002
688702453613,-0.7449413537979126,-0.0538908876478672,9.778166770935059
688722259521,-0.7730257511138916,-0.1513039469718933,9.774964332580566
688742065429,-0.8159587383270264,-0.24267132580280304,9.769632339477539
688761840820,-0.8396502137184143,-0.295792818069458,9.766160011291504
688781646728,-0.8742188811302185,-0.26499053835868835,9.764010429382324
688801452636,-0.9371920228004456,-0.1756320744752884,9.760185241699219
688821258544,-0.9800164103507996,-0.09130818396806717,9.757131576538086
688841033935,-0.9986540079116821,-0.03036024048924446,9.755621910095215
688860839843,-1.0285439491271973,0.05714394524693489,9.752395629882813
688880645751,-1.0748244524002075,0.22967147827148438,9.744864463806152
688900451660,-1.108500361442566,0.4465572237968445,9.733560562133789
688920257568,-1.1365463733673096,0.6323390007019043,9.720020294189453
688940032958,-1.1939178705215454,0.7944155335426331,9.7012300491333
688959838867,-1.275596261024475,0.9443162679672241,9.67737102508545
688979614257,-1.3039827346801758,1.0725042819976807,9.660215377807617
688999389648,-1.2763378620147705,1.1452089548110962,9.655560493469238
689019195556,-1.306143045425415,1.1370606422424316,9.65253734588623
689039031982,-1.4237782955169678,1.1748422384262085,9.631354331970215
689058837890,-1.504788875579834,1.392939567565918,9.589876174926758
689078643798,-1.4721485376358032,1.6822309494018555,9.548469543457031
689098419189,-1.396865725517273,1.8526040315628052,9.52822208404541
689118225097,-1.340795636177063,1.8933684825897217,9.528264045715332
689138031005,-1.30459463596344,1.8778833150863647,9.53635025024414
689157836914,-1.2857105731964111,1.8421412706375122,9.545881271362305
689177642822,-1.298277735710144,1.7943742275238037,9.553276062011719
689197448730,-1.3313597440719604,1.7654496431350708,9.55411148071289
689217224121,-1.3767763376235962,1.7754775285720825,9.54581356048584
689237030029,-1.4406352043151855,1.7980248928070068,9.532158851623535
689256835937,-1.4984639883041382,1.7971463203430176,9.523406028747559
689276641845,-1.5300095081329346,1.7823766469955444,9.52116584777832
689296447753,-1.5679960250854492,1.7768268585205078,9.516021728515625
689316192626,-1.6287791728973389,1.7772481441497803,9.50572681427002
689335998535,-1.670259952545166,1.7877514362335205,9.49655532836914
689355834960,-1.6834838390350342,1.796138048171997,9.492637634277344
689375640869,-1.686495304107666,1.8011819124221802,9.4911470413208
689395416259,-1.6889026165008545,1.8245759010314941,9.486248970031738
689415222167,-1.6505231857299805,1.8441907167434692,9.489211082458496
689435028076,-1.5697643756866455,1.7151881456375122,9.527033805847168
689454833984,-1.5398695468902588,1.4003020524978638,9.583231925964355
689474609375,-1.5323604345321655,1.1861177682876587,9.613292694091797
689494415283,-1.4825342893600464,1.1562416553497314,9.624738693237305
689514221191,-1.4114820957183838,1.119316577911377,9.639774322509766
689533996582,-1.3411508798599243,1.0331284999847412,9.659417152404785
689553863525,-1.295616626739502,0.9727203249931335,9.671895980834961
689573608398,-1.271271824836731,0.9251857995986938,9.679787635803223
689593414306,-1.211788296699524,0.8458068370819092,9.69466781616211
689613189697,-1.1576800346374512,0.7143186330795288,9.711844444274902
689632995605,-1.140339970588684,0.5560680627822876,9.724237442016602
689652770996,-1.1440118551254272,0.4285659193992615,9.730259895324707
689672607421,-1.1319085359573364,0.36679625511169434,9.734199523925781
689692413330,-1.1028975248336792,0.33350613713264465,9.738725662231445
689712188720,-1.0769398212432861,0.29290971159935,9.742935180664063
689731994628,-1.0766500234603882,0.25953373312950134,9.743913650512695
689751800537,-1.1323493719100952,0.2555643320083618,9.737703323364258
689771606445,-1.2106393575668335,0.3008984625339508,9.726983070373535
689791381835,-1.2654871940612793,0.3821605443954468,9.717144012451172
689811187744,-1.3017563819885254,0.46447092294692993,9.708763122558594
689830993652,-1.3331538438796997,0.5245893001556396,9.701437950134277
689850799560,-1.3614455461502075,0.5553595423698425,9.695794105529785
689870574951,-1.3727526664733887,0.580694317817688,9.692715644836426
689890380859,-1.370423436164856,0.6438299417495728,9.689056396484375
689910186767,-1.3818320035934448,0.7519350647926331,9.679644584655762
689929992675,-1.3988823890686035,0.8565464615821838,9.668497085571289
689949768066,-1.3957056999206543,0.9261535406112671,9.662537574768066
689969573974,-1.3602479696273804,1.0089045763015747,9.659307479858398
689989379882,-1.3407233953475952,1.1160584688186646,9.650246620178223
690009185791,-1.348629355430603,1.1900137662887573,9.640303611755371
690028991699,-1.3579643964767456,1.2358874082565308,9.633218765258789
690048797607,-1.3730040788650513,1.4241491556167603,9.605052947998047
690068603515,-1.381728172302246,1.8065376281738281,9.539268493652344
690088378906,-1.3513059616088867,2.1414175033569336,9.474106788635254
690108184814,-1.322391152381897,2.2431483268737793,9.454626083374023
690127990722,-1.3190351724624634,2.2373039722442627,9.456480026245117
690147796630,-1.326308250427246,2.2907979488372803,9.442645072937012
690167602539,-1.2964924573898315,2.404628038406372,9.418453216552734
690187408447,-1.2274012565612793,2.484086275100708,9.407081604003906
690207214355,-1.2012217044830322,2.470445394515991,9.414050102233887
690226989746,-1.244388222694397,2.3914875984191895,9.428821563720703
690246795654,-1.3190664052963257,2.324021100997925,9.435538291931152
690266571044,-1.3516664505004883,2.306776523590088,9.435155868530273
690286376953,-1.340650200843811,2.2842612266540527,9.4422025680542
690306213378,-1.335260033607483,2.2109715938568115,9.460394859313965
690325988769,-1.3558470010757446,2.089104652404785,9.485130310058594
690345794677,-1.382539987564087,1.9772493839263916,9.505232810974121
690365600585,-1.3612738847732544,1.89760160446167,9.524518013000488
690385375976,-1.2907358407974243,1.8031928539276123,9.552637100219727
690405212402,-1.2165154218673706,1.667601466178894,9.58694839477539
690424987792,-1.150970697402954,1.4876418113708496,9.624581336975098
690444793701,-1.1215064525604248,1.1958218812942505,9.668641090393066
690464599609,-1.1839642524719238,0.8360527157783508,9.698949813842773
690484375000,-1.2611180543899536,0.5986513495445251,9.706780433654785
690504180908,-1.2868489027023315,0.5189151167869568,9.707993507385254
690523986816,-1.2271461486816406,0.4797056019306183,9.717735290527344
690543762207,-1.1463592052459717,0.3767332136631012,9.732129096984863
690563568115,-1.1466912031173706,0.2150631695985794,9.737003326416016
690583343505,-1.1671135425567627,0.12547667324543,9.736143112182617
690603149414,-1.1546045541763306,0.1347198784351349,9.737510681152344
690622924804,-1.136960506439209,0.1330060213804245,9.73961067199707
690642761230,-1.1330583095550537,0.07480546087026596,9.740686416625977
690662567138,-1.145976185798645,-0.005521892104297876,9.739460945129395
690682373046,-1.141226053237915,-0.043198708444833755,9.739924430847168
690702178955,-1.118315577507019,-0.030513251200318336,9.742629051208496
690721984863,-1.1102818250656128,-0.007801663596183062,9.743592262268066
690741760253,-1.1426409482955933,0.01794852502644062,9.739837646484375
690761657714,-1.198317050933838,0.06557269394397736,9.732940673828125
690781372070,-1.2142878770828247,0.14255468547344208,9.730137825012207
690801177978,-1.2015351057052612,0.22738364338874817,9.730108261108398
690820983886,-1.2201591730117798,0.29322531819343567,9.726027488708496
690840789794,-1.2863816022872925,0.38011014461517334,9.71448040008545
690860595703,-1.3341295719146729,0.5534027814865112,9.699702262878418
690880401611,-1.3087373971939087,0.7609078288078308,9.68909740447998
690900146484,-1.2610266208648682,0.948093593120575,9.678911209106445
690919952392,-1.2753899097442627,1.1739784479141235,9.652230262756348
690939758300,-1.3596181869506836,1.4591171741485596,9.60170841217041
690959564208,-1.4087939262390137,1.6896497011184692,9.556713104248047
690979370117,-1.4102399349212646,1.8330994844436646,9.530023574829102
690999176025,-1.4341363906860352,1.9667468070983887,9.499765396118164
691019012451,-1.5596421957015991,2.1256144046783447,9.445615768432617
691038818359,-1.7031466960906982,2.3558483123779297,9.365877151489258
691058593750,-1.7500262260437012,2.5970609188079834,9.293172836303711
691078399658,-1.713189721107483,2.7953381538391113,9.242372512817383
691098205566,-1.66694176197052,2.935121774673462,9.207428932189941
691118011474,-1.673162817955017,2.9956774711608887,9.186774253845215
691137817382,-1.6883116960525513,2.978041172027588,9.189737319946289
691157623291,-1.6560083627700806,2.904855728149414,9.218993186950684
691177429199,-1.6053667068481445,2.824708938598633,9.25279426574707
691197204589,-1.576674461364746,2.7703702449798584,9.274131774902344
691217010498,-1.5786149501800537,2.698784589767456,9.29488754272461
691236816406,-1.6035537719726563,2.577258825302124,9.32505989074707
691256622314,-1.631402850151062,2.44307017326355,9.356298446655273
691276428222,-1.6559861898422241,2.3402087688446045,9.378247261047363
691296203613,-1.675818920135498,2.268496513366699,9.392333984375
691316009521,-1.688232183456421,2.1836657524108887,9.410200119018555
691335815429,-1.6912555694580078,2.0618343353271484,9.437101364135742
691355621337,-1.681691288948059,1.9345166683197021,9.46572494506836
691375427246,-1.6539199352264404,1.849672555923462,9.48755168914795
691395233154,-1.5915534496307373,1.7744734287261963,9.512548446655273
691415039062,-1.513153314590454,1.5338919162750244,9.567023277282715
691434814453,-1.464407205581665,1.0809440612792969,9.63625717163086
691454620361,-1.4590824842453003,0.6971337199211121,9.672407150268555
691474426269,-1.4707461595535278,0.5380072593688965,9.680797576904297
691494232177,-1.495020866394043,0.42054492235183716,9.682894706726074
691514007568,-1.4354928731918335,0.24231736361980438,9.697991371154785
691533813476,-1.3052945137023926,0.0726907029747963,9.719120979309082
691553619384,-1.2125717401504517,-0.01226804405450821,9.7313871383667
691573425292,-1.175034761428833,-0.008428369648754597,9.735995292663574
691593231201,-1.129958152770996,0.0331098698079586,9.741277694702148
691613037109,-1.073786973953247,0.058401815593242645,9.74751091003418
691632812500,-1.0398054122924805,0.05080543830990791,9.751235961914063
691652618408,-1.0431737899780273,0.024981999769806862,9.750977516174316
691672424316,-1.0739315748214722,0.015532560646533966,9.74765682220459
691692230224,-1.0994471311569214,0.0526125468313694,9.744682312011719
691712036132,-1.127212643623352,0.11430167406797409,9.740981101989746
691731811523,-1.1693803071975708,0.15832501649856567,9.735392570495605
691751586914,-1.2311495542526245,0.1741003394126892,9.72750473022461
691771392822,-1.3145372867584229,0.19845381379127502,9.716119766235352
691791198730,-1.3803331851959229,0.276012122631073,9.705095291137695
691811004638,-1.4025213718414307,0.3779284954071045,9.698478698730469
691830810546,-1.4032373428344727,0.4637179672718048,9.694652557373047
691850616455,-1.4320626258850098,0.5387441515922546,9.686553955078125
691870422363,-1.487879991531372,0.6245867013931274,9.672977447509766
691890228271,-1.497820496559143,0.747539222240448,9.662717819213867
691910034179,-1.460117220878601,0.885631263256073,9.656816482543945
691929840087,-1.4216434955596924,1.0071638822555542,9.650644302368164
691949615478,-1.418076992034912,1.073610782623291,9.644003868103027
691969482421,-1.4545398950576782,1.0857617855072021,9.63720989227295
691989227294,-1.4804201126098633,1.138743281364441,9.62714958190918
692009033203,-1.4899662733078003,1.325876235961914,9.601689338684082
692028808593,-1.5136646032333374,1.6043990850448608,9.555370330810547
692048614501,-1.5349165201187134,1.8219928741455078,9.512873649597168
692068420410,-1.5316039323806763,1.8904134035110474,9.500048637390137
692088226318,-1.5001009702682495,1.8849345445632935,9.5061616897583
692108032226,-1.4525837898254395,1.8789701461791992,9.514718055725098
692127807617,-1.4202907085418701,1.8480830192565918,9.525636672973633
692147613525,-1.414888620376587,1.7645899057388306,9.542259216308594
692167419433,-1.4321025609970093,1.6595641374588013,9.558520317077637
692187225341,-1.481429934501648,1.5626473426818848,9.567334175109863
692207031250,-1.5377517938613892,1.4703456163406372,9.573076248168945
692226806640,-1.58359694480896,1.3676588535308838,9.580820083618164
692246612548,-1.6162023544311523,1.2686728239059448,9.588991165161133
692266418457,-1.6415762901306152,1.2025320529937744,9.593201637268066
692286224365,-1.6583964824676514,1.171817421913147,9.594109535217285
692306030273,-1.647937297821045,1.1311378479003906,9.600791931152344
692325805664,-1.6210756301879883,1.0702368021011353,9.612340927124023
692345611572,-1.5713399648666382,1.0329910516738892,9.624667167663574
692365417480,-1.483859658241272,0.9707815647125244,9.64500617980957
692385223388,-1.3830832242965698,0.7305148243904114,9.681105613708496
692404998779,-1.3560441732406616,0.32083913683891296,9.707140922546387
692424804687,-1.3565125465393066,-0.010885118506848812,9.712370872497559
692444610595,-1.3104327917099,-0.1522093266248703,9.717509269714355
692464416503,-1.2479649782180786,-0.2504328191280365,9.723695755004883
692484222412,-1.1996487379074097,-0.3860328197479248,9.72533893585205
692504028320,-1.1678200960159302,-0.5243999361991882,9.722736358642578
692523803710,-1.1286920309066772,-0.630881667137146,9.721030235290527
692543609619,-1.0765661001205444,-0.6846334934234619,9.723305702209473
692563415527,-1.028466820716858,-0.7109770774841309,9.7266206741333
692583221435,-0.9922027587890625,-0.7458648681640625,9.727774620056152
692602996826,-0.9754685759544373,-0.7841310501098633,9.726458549499512
692622802734,-0.9793213605880737,-0.8077087998390198,9.724141120910645
692642608642,-0.9947716593742371,-0.8270711898803711,9.720945358276367
692662414550,-1.0040225982666016,-0.8572266697883606,9.71738052368164
692682189941,-1.0133122205734253,-0.8744853138923645,9.71487808227539
692701995849,-1.0452991724014282,-0.8503467440605164,9.713632583618164
692721801757,-1.0847971439361572,-0.785655677318573,9.71474838256836
692741607666,-1.124448299407959,-0.7057494521141052,9.716373443603516
692761383056,-1.158166766166687,-0.6255588531494141,9.717906951904297
692781188964,-1.1913557052612305,-0.5527793765068054,9.718307495117188
692800994873,-1.2303147315979004,-0.4812186360359192,9.717260360717773
692820800781,-1.2407927513122559,-0.39947959780693054,9.71963119506836
692840576171,-1.2256494760513306,-0.33583879470825195,9.723958969116211
692860382080,-1.2352944612503052,-0.27615636587142944,9.724617004394531
692880187988,-1.283852219581604,-0.17315621674060822,9.72070598602295
692899963378,-1.2957662343978882,-0.058031775057315826,9.720494270324707
692919769287,-1.262650489807129,-0.05466413125395775,9.724870681762695
692939575195,-1.2462009191513062,-0.1758980005979538,9.725555419921875
692959381103,-1.2759783267974854,-0.2570432722568512,9.719886779785156
692979156494,-1.2597090005874634,-0.164787158370018,9.72400951385498
692998962402,-1.1920397281646729,0.018239213153719902,9.733914375305176
693018768310,-1.1803243160247803,0.24113188683986664,9.732372283935547
693038513183,-1.2575711011886597,0.5071515440940857,9.71245002746582
693058319091,-1.3416786193847656,0.7541490197181702,9.68511962890625
693078155517,-1.323258638381958,0.9262426495552063,9.67271614074707
693097961425,-1.2517277002334595,0.9984599947929382,9.675052642822266
693117767333,-1.223192811012268,1.0173075199127197,9.676738739013672
693137573242,-1.2475032806396484,1.0386768579483032,9.671363830566406
693157379150,-1.258687138557434,1.0809303522109985,9.665282249450684
693177246093,-1.2472913265228271,1.1208057403564453,9.662217140197754
693196960449,-1.2561811208724976,1.115312099456787,9.661701202392578
693216766357,-1.3023515939712524,1.0599712133407593,9.661818504333496
693236541748,-1.348591685295105,1.0099374055862427,9.660834312438965
693256347656,-1.3513383865356445,0.9836885333061218,9.663158416748047
693276153564,-1.3366886377334595,0.9506062269210815,9.668505668640137
693295959472,-1.3389742374420166,0.9070142507553101,9.672375679016113
693315734863,-1.356260061264038,0.8725116848945618,9.673141479492188
693335540771,-1.3624004125595093,0.8577589988708496,9.673598289489746
693355346679,-1.3388935327529907,0.8327103853225708,9.679067611694336
693375152587,-1.269855260848999,0.8052350282669067,9.690689086914063
693394958496,-1.1635100841522217,0.7827324271202087,9.705872535705566
693414733886,-1.0693140029907227,0.6914200782775879,9.723625183105469
693434539794,-1.0645033121109009,0.474724143743515,9.737137794494629
693454345703,-1.0657275915145874,0.23661883175373077,9.745697021484375
693474151611,-1.0117346048355103,0.11042904853820801,9.75369644165039
693493927001,-0.9315847754478455,0.10443523526191711,9.76174259185791
693513732910,-0.8440046906471252,0.07559925317764282,9.769970893859863
693533538818,-0.7448736429214478,-0.026540715247392654,9.778284072875977
693553344726,-0.6780386567115784,-0.1016453430056572,9.78265380859375
693573150634,-0.6722122430801392,-0.09279970824718475,9.783143997192383
693592926025,-0.6834656596183777,-0.0442303828895092,9.78270435333252
693612731933,-0.651626467704773,-0.04317992553114891,9.784881591796875
693632537841,-0.5840795636177063,-0.12210274487733841,9.788479804992676
693652343750,-0.5393266081809998,-0.20970669388771057,9.789563179016113
693672149658,-0.5288659334182739,-0.2484372854232788,9.789227485656738
693691925048,-0.5328211188316345,-0.2545822262763977,9.788854598999023
693711730957,-0.5394168496131897,-0.2552603781223297,9.788475036621094
693731536865,-0.5565797686576843,-0.2602582573890686,9.787383079528809
693751342773,-0.5988394618034363,-0.2836456894874573,9.784238815307617
693771148681,-0.6564614176750183,-0.3057767450809479,9.779873847961426
693790924072,-0.7168837785720825,-0.28143027424812317,9.776362419128418
693810729980,-0.7729529738426208,-0.2080802023410797,9.77392578125
693830535888,-0.8310865759849548,-0.11457625031471252,9.770698547363281
693850341796,-0.8862969875335693,-0.02296341210603714,9.766490936279297
693870147705,-0.9204293489456177,0.04081038385629654,9.763274192810059
693889923095,-0.9096648097038269,0.07113040238618851,9.76410961151123
693909729003,-0.8998223543167114,0.07917812466621399,9.764960289001465
693929534912,-0.9382124543190002,0.10106789320707321,9.761143684387207
693949340820,-0.9880666136741638,0.1400468945503235,9.755742073059082
693969146728,-0.9501342177391052,0.13917768001556396,9.759521484375
693988952636,-0.896574079990387,0.04259999468922615,9.765486717224121
694008728027,-0.9315367341041565,-0.06865154206752777,9.762064933776855
694028533935,-1.0279879570007324,-0.07568863034248352,9.752327919006348
694048339843,-1.0660009384155273,0.013182954862713814,9.748531341552734
694068145751,-1.0462905168533325,0.10220008343458176,9.750139236450195
694087951660,-1.060426115989685,0.2737772464752197,9.7453031539917
694107727050,-1.099513053894043,0.5843297839164734,9.727282524108887
694127532958,-1.112183690071106,0.9207702279090881,9.699773788452148
694147338867,-1.0566909313201904,1.1439745426177979,9.682206153869629
694167144775,-0.9767207503318787,1.2483574151992798,9.677706718444824
694186950683,-0.9346846342086792,1.336855173110962,9.670034408569336
694206726074,-0.9242148399353027,1.4593132734298706,9.653321266174316
694226531982,-0.8834483027458191,1.5788241624832153,9.638319969177246
694246337890,-0.8451864719390869,1.6157437562942505,9.635632514953613
694266143798,-0.8686832189559937,1.5886728763580322,9.638044357299805
694285949707,-0.9417688846588135,1.560349941253662,9.6358060836792
694305755615,-1.0167714357376099,1.5695325136184692,9.626688957214355
694325500488,-1.0358000993728638,1.5945062637329102,9.620553970336914
694345306396,-1.0361464023590088,1.5819079875946045,9.62259578704834
694365142822,-1.0789811611175537,1.5483638048171997,9.623344421386719
694384979248,-1.139892339706421,1.5628151893615723,9.613981246948242
694404754638,-1.143700361251831,1.623379111289978,9.603487968444824
694424530029,-1.0901415348052979,1.6499497890472412,9.605188369750977
694444335937,-1.038268804550171,1.6092190742492676,9.617836952209473
694464141845,-0.9871447682380676,1.5375221967697144,9.634934425354004
694483947753,-1.0104436874389648,1.375792145729065,9.65694522857666
694503753662,-1.1598964929580688,1.0961594581604004,9.675922393798828
694523529052,-1.2433394193649292,0.8379645943641663,9.691351890563965
694543334960,-1.1968327760696411,0.6579630374908447,9.711079597473145
694563140869,-1.0995954275131226,0.5476750731468201,9.729405403137207
694582946777,-1.0285534858703613,0.42591536045074463,9.743257522583008
694602752685,-0.9530234932899475,0.26265019178390503,9.756697654724121
694622558593,-0.9084882140159607,0.14663346111774445,9.76337718963623
694642333984,-0.9125274419784546,0.17618559300899506,9.76251220703125
694662139892,-0.9381741881370544,0.29421356320381165,9.75723648071289
694681945800,-0.9310205578804016,0.3810217082500458,9.75491714477539
694701751708,-0.913221538066864,0.4038526713848114,9.755681037902832
694721527099,-0.9317995309829712,0.41809964179992676,9.753323554992676
694741333007,-0.9772370457649231,0.44468361139297485,9.747699737548828
694761138916,-1.0237921476364136,0.4661487638950348,9.74191665649414
694780944824,-1.0516985654830933,0.4693792164325714,9.738788604736328
694800750732,-1.0524518489837646,0.4636509120464325,9.738981246948242
694820556640,-1.0537595748901367,0.4690897464752197,9.738579750061035
694840362548,-1.075875163078308,0.47608235478401184,9.735821723937988
694860137939,-1.1149098873138428,0.4621821939945221,9.732098579406738
694879943847,-1.1354084014892578,0.4494718909263611,9.730323791503906
694899749755,-1.1363705396652222,0.4678806960582733,9.729344367980957
694919555664,-1.1348096132278442,0.5062379240989685,9.727605819702148
694939361572,-1.1287087202072144,0.532101035118103,9.726935386657715
694959136962,-1.1382181644439697,0.5375942587852478,9.72552490234375
694978942871,-1.1645275354385376,0.565178632736206,9.720845222473145
694998748779,-1.188838005065918,0.6468186974525452,9.712810516357422
695018554687,-1.1783158779144287,0.7593371272087097,9.705945014953613
695038360595,-1.155929446220398,0.8688987493515015,9.699444770812988
695058135986,-1.14535391330719,0.981969952583313,9.689906120300293
695077941894,-1.1619447469711304,1.1174025535583496,9.673245429992676
695097747802,-1.1888972520828247,1.289188027381897,9.64857006072998
695117553710,-1.1898554563522339,1.4907498359680176,9.61937141418457
695137359619,-1.1873440742492676,1.682414174079895,9.588017463684082
695157135009,-1.1836063861846924,1.8441367149353027,9.558693885803223
695176940917,-1.172202706336975,1.996838092803955,9.529374122619629
695196746826,-1.1333184242248535,2.184694766998291,9.492791175842285
695216522216,-1.0624593496322632,2.4045910835266113,9.447725296020508
695236328125,-0.9996933937072754,2.584516763687134,9.40697956085205
695256134033,-0.9761515855789185,2.6784822940826416,9.383136749267578
695275939941,-0.9612109661102295,2.717125654220581,9.373563766479492
695295745849,-0.9374169707298279,2.7396438121795654,9.369417190551758
695315521240,-0.9236049652099609,2.7105093002319336,9.379258155822754
695335327148,-0.9467167258262634,2.607978343963623,9.405985832214355
695355133056,-0.9922353625297546,2.5020227432250977,9.430044174194336
695374938964,-1.0355521440505981,2.46830415725708,9.434271812438965
695394744873,-1.0633251667022705,2.5021705627441406,9.422253608703613
695414550781,-1.0605615377426147,2.5517754554748535,9.409253120422363
695434356689,-1.036940574645996,2.585052013397217,9.402799606323242
695454132080,-1.028234601020813,2.5928938388824463,9.401597023010254
695473937988,-1.042934536933899,2.5879874229431152,9.401329040527344
695493743896,-1.052043080329895,2.575702428817749,9.403687477111816
695513549804,-1.0732152462005615,2.536311388015747,9.411998748779297
695533355712,-1.1244597434997559,2.479477882385254,9.421154975891113
695553131103,-1.1754107475280762,2.4451043605804443,9.423919677734375
695572937011,-1.1936213970184326,2.44616961479187,9.421354293823242
695592803955,-1.196507215499878,2.456940174102783,9.418185234069824
695612518310,-1.208106517791748,2.46258807182312,9.415228843688965
695632324218,-1.2371803522109985,2.474085807800293,9.408435821533203
695652160644,-1.2572579383850098,2.500164270401001,9.398876190185547
695671905517,-1.2563042640686035,2.5232596397399902,9.392829895019531
695691711425,-1.2608864307403564,2.5258896350860596,9.391509056091309
695711517333,-1.2843077182769775,2.5208182334899902,9.389697074890137
695731323242,-1.3161157369613647,2.523737668991089,9.384507179260254
695751129150,-1.3277273178100586,2.5313432216644287,9.38082218170166
695770935058,-1.3314334154129028,2.525926351547241,9.381757736206055
695790710449,-1.3428231477737427,2.507970094680786,9.384950637817383
695810516357,-1.366894006729126,2.5055391788482666,9.382124900817871
695830322265,-1.390710711479187,2.530393600463867,9.371949195861816
695850128173,-1.40708327293396,2.5519869327545166,9.363645553588867
695869934082,-1.4343078136444092,2.5675463676452637,9.355257987976074
695889709472,-1.4585813283920288,2.590548038482666,9.345158576965332
695909515380,-1.4909921884536743,2.6165785789489746,9.332783699035645
695929321289,-1.530987024307251,2.6384668350219727,9.320137023925781
695949127197,-1.5784159898757935,2.653310537338257,9.308003425598145
695968902587,-1.6417654752731323,2.6138157844543457,9.308219909667969
695988708496,-1.7105764150619507,2.525120735168457,9.320304870605469
696008514404,-1.740552306175232,2.46248459815979,9.331507682800293
696028320312,-1.7173068523406982,2.4355406761169434,9.342878341674805
696048126220,-1.672792673110962,2.448387622833252,9.34759521484375
696067901611,-1.6221023797988892,2.5413999557495117,9.331690788269043
696087738037,-1.5529083013534546,2.6942551136016846,9.300529479980469
696107513427,-1.448925495147705,2.7661209106445313,9.296213150024414
696127319335,-1.324221134185791,2.7130792140960693,9.330382347106934
696147125244,-1.256361961364746,2.63850474357605,9.361102104187012
