72021013153076,-1.0877528190612793,2.444715976715088,9.434539794921875
72021032928466,-1.0055086612701416,2.2722880840301514,9.486624717712402
72021052703857,-0.988335132598877,2.1830458641052246,9.509358406066895
72021072479248,-0.9579766392707825,2.134202480316162,9.523541450500488
72021092254638,-0.8197299838066101,2.071185827255249,9.550320625305176
72021112030029,-0.6305189728736877,1.9744442701339722,9.585113525390625
72021131805419,-0.5112894773483276,1.8531607389450073,9.616379737854004
72021151611328,-0.5390619039535522,1.7111026048660278,9.641158103942871
72021171386718,-0.6943791508674622,1.544180989265442,9.659385681152344
72021191162109,-0.8081264495849609,1.3994724750518799,9.672579765319824
72021210937500,-0.7642714977264404,1.3464194536209106,9.68366813659668
72021230712890,-0.6194575428962708,1.3789341449737549,9.689437866210938
72021250488281,-0.5628065466880798,1.3918960094451904,9.6910400390625
72021270263671,-0.6558530330657959,1.3309558629989624,9.693750381469727
72021290069580,-0.7883702516555786,1.2410528659820557,9.695805549621582
72021309844970,-0.901361882686615,1.1599453687667847,9.696002006530762
72021329650878,-0.8771378397941589,1.1195170879364014,9.702973365783691
72021349395751,-0.6050227284431458,1.1291018724441528,9.722626686096191
72021369171142,-0.13692119717597961,1.2044687271118164,9.731438636779785
72021388977050,0.1709449589252472,1.2947375774383545,9.7193021774292
72021408752441,0.21051962673664093,1.325095534324646,9.714431762695313
72021428527832,0.12582746148109436,1.3014333248138428,9.719096183776855
72021448303222,-0.026633771136403084,1.2384355068206787,9.72810173034668
72021468078613,-0.13920748233795166,1.1641286611557007,9.73631477355957
72021487884521,-0.15609820187091827,1.0946720838546753,9.744111061096191
72021507659912,-0.12424919009208679,1.025675892829895,9.752073287963867
72021527435302,-0.12103278189897537,0.9507350921630859,9.75970458984375
72021547210693,-0.15138816833496094,0.885087788105011,9.765453338623047
72021566986083,-0.16807518899440765,0.8148450255393982,9.771292686462402
72021586791992,-0.1610412448644638,0.7068760395050049,9.779814720153809
72021606567382,-0.16493014991283417,0.5611481666564941,9.789193153381348
72021626342773,-0.23626922070980072,0.3933081328868866,9.795910835266113
72021646118164,-0.39339539408683777,0.23259620368480682,9.795995712280273
72021665893554,-0.5845561027526855,0.08807793259620667,9.788816452026367
72021685668945,-0.7100673317909241,-0.03386606648564339,9.780851364135742
72021705474853,-0.7212246656417847,-0.1311180591583252,9.779213905334473
72021725250244,-0.6863141655921936,-0.19685688614845276,9.780624389648438
72021745025634,-0.6470997333526611,-0.21196149289608002,9.782980918884277
72021764801025,-0.6558660268783569,-0.2383939027786255,9.78178882598877
72021784576416,-0.7344079613685608,-0.3254217207431793,9.773695945739746
72021804382324,-0.7703116536140442,-0.4107716381549835,9.767716407775879
72021824218750,-0.6875684261322021,-0.4190363585948944,9.773537635803223
72021843933105,-0.6055392026901245,-0.39033135771751404,9.7801513671875
72021863708496,-0.643096923828125,-0.4207444190979004,9.776491165161133
72021883483886,-0.7878541350364685,-0.4899633824825287,9.762663841247559
72021903259277,-0.9223553538322449,-0.49551916122436523,9.750595092773438
72021923034667,-1.0187832117080688,-0.45572972297668457,9.742935180664063
72021942810058,-1.148375391960144,-0.47073978185653687,9.72779655456543
72021962615966,-1.2895759344100952,-0.5057098865509033,9.708328247070313
72021982391357,-1.4329358339309692,-0.5305617451667786,9.686877250671387
72022002166748,-1.5619847774505615,-0.5964136719703674,9.663067817687988
72022021942138,-1.6445950269699097,-0.652123749256134,9.645747184753418
72022041717529,-1.6905139684677124,-0.5735958218574524,9.642797470092773
72022061492919,-1.673049807548523,-0.346903920173645,9.65665340423584
72022081268310,-1.5516102313995361,-0.08409956842660904,9.682758331298828
72022101043701,-1.4985638856887817,0.04005890339612961,9.69139289855957
72022120819091,-1.5524848699569702,0.04948529973626137,9.682857513427734
72022140594482,-1.6917363405227661,0.051426373422145844,9.659491539001465
72022160369873,-1.9190373420715332,0.07511229813098907,9.616758346557617
72022180145263,-2.0525925159454346,0.06972908228635788,9.589180946350098
72022199920654,-1.9701733589172363,-0.03584517166018486,9.606639862060547
72022219696044,-1.8155403137207031,-0.17785026133060455,9.63548469543457
72022239501953,-1.7566020488739014,-0.2850741744041443,9.643830299377441
72022259277343,-1.7912375926971436,-0.331183522939682,9.635982513427734
72022279052734,-1.7804962396621704,-0.35859400033950806,9.636992454528809
72022298828125,-1.6444151401519775,-0.44417160749435425,9.657588005065918
72022318572998,-1.5402823686599731,-0.5608608722686768,9.668679237365723
72022338378906,-1.570753812789917,-0.6151018738746643,9.66047477722168
72022358154296,-1.6593279838562012,-0.57594233751297,9.648072242736816
72022377929687,-1.6647182703018188,-0.5239437818527222,9.650108337402344
72022397674560,-1.5808497667312622,-0.5366141200065613,9.663506507873535
72022417449951,-1.5402418375015259,-0.5703131556510925,9.668132781982422
72022437225341,-1.593940258026123,-0.5572040677070618,9.660189628601074
72022457031250,-1.650231122970581,-0.5154387354850769,9.653054237365723
72022476806640,-1.620732069015503,-0.4719906747341156,9.660270690917969
72022496582031,-1.5453040599822998,-0.5103603601455688,9.670675277709961
72022516326904,-1.5500370264053345,-0.8008652329444885,9.650200843811035
72022536102294,-1.6601380109786987,-1.1787660121917725,9.592958450317383
72022555908203,-1.7260891199111938,-1.2416433095932007,9.573365211486816
72022575683593,-1.7340669631958008,-1.0165355205535889,9.598440170288086
72022595458984,-1.7688069343566895,-0.7896840572357178,9.613433837890625
72022615234375,-1.825156569480896,-0.6040956377983093,9.616353988647461
72022635009765,-1.9196196794509888,-0.42932558059692383,9.60734748840332
72022654815673,-2.05578351020813,-0.30994856357574463,9.583740234375
72022674591064,-2.2260890007019043,-0.3302096724510193,9.544939994812012
72022694366455,-2.4361956119537354,-0.49020206928253174,9.486572265625
72022714111328,-2.645658493041992,-0.5646169781684875,9.426138877868652
72022733886718,-2.813430070877075,-0.44381678104400635,9.383923530578613
72022753692626,-2.9475200176239014,-0.28319790959358215,9.348919868469238
72022773468017,-3.046962261199951,-0.17800793051719666,9.319587707519531
72022793243408,-3.1123461723327637,-0.11219412833452225,9.298983573913574
72022813018798,-3.122084617614746,-0.034122828394174576,9.296333312988281
72022832794189,-3.0436296463012695,0.07385018467903137,9.322083473205566
72022852569580,-2.972888231277466,0.07659433782100677,9.344862937927246
72022872344970,-3.0063235759735107,0.004624153953045607,9.33447265625
72022892120361,-2.9912445545196533,-0.05662333965301514,9.33914566040039
72022911895751,-2.8701553344726563,-0.12210021913051605,9.376442909240723
72022931671142,-2.8170981407165527,-0.13315065205097198,9.392370223999023
72022951477050,-2.8658998012542725,0.004687753971666098,9.378538131713867
72022971221923,-2.927121162414551,0.24299779534339905,9.356457710266113
72022991027832,-2.932253837585449,0.4547294080257416,9.346951484680176
72023010803222,-2.901247978210449,0.5627326965332031,9.350748062133789
72023030639648,-2.8458876609802246,0.5990049242973328,9.365495681762695
72023050354003,-2.734694719314575,0.5817946195602417,9.399645805358887
72023070129394,-2.6413214206695557,0.45980000495910645,9.433048248291016
72023089904785,-2.5890133380889893,0.2401549220085144,9.455671310424805
72023109680175,-2.533428430557251,0.06320027261972427,9.473548889160156
72023129455566,-2.3962903022766113,0.044503577053546906,9.509268760681152
72023149230957,-2.169046401977539,0.06639858335256577,9.563535690307617
72023169006347,-1.9485487937927246,-0.03436219319701195,9.611054420471191
72023188781738,-1.846436619758606,-0.1900205910205841,9.629379272460938
72023208557128,-1.8522775173187256,-0.230006143450737,9.627385139465332
72023228332519,-1.8221538066864014,-0.13657131791114807,9.634909629821777
72023248107910,-1.6698024272918701,-0.1440296471118927,9.662370681762695
72023267883300,-1.6246157884597778,-0.4635162353515625,9.660028457641602
72023287628173,-1.789347767829895,-0.7892231345176697,9.60966968536377
72023307403564,-1.9660223722457886,-0.744565486907959,9.578661918640137
72023327209472,-2.0589165687561035,-0.4311356842517853,9.578380584716797
72023346984863,-2.1977334022521973,-0.10941073298454285,9.556588172912598
72023366760253,-2.37404203414917,0.16781026124954224,9.513472557067871
72023386535644,-2.417228937149048,0.4823750853538513,9.491823196411133
72023406311035,-2.350107192993164,0.7446264028549194,9.491728782653809
72023426086425,-2.3145720958709717,0.8629186749458313,9.490443229675293
72023445861816,-2.3147056102752686,0.8968843817710876,9.487261772155762
72023465637207,-2.367138385772705,0.9159213900566101,9.472493171691895
72023485412597,-2.4444544315338135,0.9144073724746704,9.452983856201172
72023505187988,-2.458228349685669,0.8760239481925964,9.453046798706055
72023524963378,-2.424791097640991,0.8321616649627686,9.46563720703125
72023544738769,-2.431636095046997,0.7488081455230713,9.470840454101563
72023564514160,-2.5045809745788574,0.66070955991745,9.458378791809082
72023584289550,-2.549846887588501,0.6440197825431824,9.447428703308105
72023604064941,-2.5032639503479004,0.6357079148292542,9.460439682006836
72023623809814,-2.3745052814483643,0.5116398334503174,9.501070022583008
72023643585205,-2.280850648880005,0.38580894470214844,9.529913902282715
72023663360595,-2.3212711811065674,0.4138839840888977,9.518970489501953
72023683135986,-2.4684367179870605,0.5140835642814636,9.476967811584473
72023702911376,-2.5313940048217773,0.5311456322669983,9.459403991699219
72023722686767,-2.4943125247955322,0.4880611002445221,9.471567153930664
72023742462158,-2.4762232303619385,0.3945447504520416,9.480667114257813
72023762237548,-2.485013484954834,0.24056142568588257,9.483524322509766
72023782012939,-2.437228202819824,0.07009118050336838,9.49870491027832
72023801788330,-2.3175294399261475,-0.07841157168149948,9.528552055358887
72023821563720,-2.21130633354187,-0.16960208117961884,9.552578926086426
72023841339111,-2.1305506229400635,-0.17367765307426453,9.570839881896973
72023861114501,-1.9562697410583496,-0.1139993965625763,9.608871459960938
72023880889892,-1.7004790306091309,-0.10661741346120834,9.65750503540039
72023900665283,-1.5171114206314087,-0.16939254105091095,9.687108039855957
72023920440673,-1.400206446647644,-0.20167803764343262,9.704078674316406
72023940216064,-1.3156908750534058,-0.20878909528255463,9.715747833251953
72023959991455,-1.2515757083892822,-0.2567618191242218,9.723066329956055
72023979736328,-1.1949081420898438,-0.33006754517555237,9.727982521057129
72023999542236,-1.2603967189788818,-0.5428739190101624,9.710153579711914
72024019317626,-1.4754836559295654,-0.8416272401809692,9.658415794372559
72024039093017,-1.6781078577041626,-0.9366761445999146,9.616495132446289
72024058868408,-1.8454389572143555,-0.8039398193359375,9.597834587097168
72024078643798,-2.018197536468506,-0.5778802037239075,9.579317092895508
72024098419189,-2.0857396125793457,-0.29952558875083923,9.577596664428711
72024118194580,-2.1057190895080566,-0.0478595606982708,9.577789306640625
72024138000488,-2.1794095039367676,0.11719708144664764,9.560691833496094
72024157775878,-2.317098379135132,0.2027396857738495,9.526822090148926
72024177551269,-2.4771320819854736,0.22863654792308807,9.485879898071289
72024197326660,-2.6221017837524414,0.21921102702617645,9.447057723999023
72024217102050,-2.682666778564453,0.25555163621902466,9.429123878479004
72024236938476,-2.710672378540039,0.28916555643081665,9.42013931274414
72024256652832,-2.773887872695923,0.24573343992233276,9.402955055236816
72024276428222,-2.8198466300964355,0.14918188750743866,9.391304016113281
72024296203613,-2.8179924488067627,0.07687396556138992,9.392731666564941
72024315979003,-2.7945611476898193,0.09458897262811661,9.399567604064941
72024335754394,-2.772783041000366,0.12837333977222443,9.405613899230957
72024355529785,-2.692051887512207,0.12678194046020508,9.429059982299805
72024375305175,-2.4979889392852783,0.15656884014606476,9.481873512268066
72024395080566,-2.275104284286499,0.19340123236179352,9.537132263183594
72024414855957,-2.1442036628723145,0.22302183508872986,9.566767692565918
72024434631347,-2.082216739654541,0.22173164784908295,9.580479621887207
72024454406738,-2.0576841831207275,0.2739247977733612,9.584429740905762
72024474182128,-2.0040950775146484,0.42790812253952026,9.590145111083984
72024493988037,-1.9039504528045654,0.6438227891921997,9.598482131958008
72024513763427,-1.8354312181472778,0.8583166003227234,9.595044136047363
72024533538818,-1.860055923461914,1.027416706085205,9.573661804199219
72024553314208,-1.9354233741760254,1.1919043064117432,9.539596557617188
72024573089599,-1.918668508529663,1.3813724517822266,9.517400741577148
72024592864990,-1.7832322120666504,1.545323371887207,9.518531799316406
72024612609863,-1.626800298690796,1.6313334703445435,9.532190322875977
72024632385253,-1.5402305126190186,1.6165225505828857,9.549079895019531
72024652160644,-1.5102328062057495,1.5195564031600952,9.569771766662598
72024671936035,-1.4739030599594116,1.3833513259887695,9.59605884552002
72024691711425,-1.4000903367996216,1.2228935956954956,9.62884521484375
72024711486816,-1.2899140119552612,1.060462236404419,9.663432121276855
72024731262207,-1.1208525896072388,0.9222965836524963,9.698631286621094
72024751037597,-0.951575517654419,0.5733252763748169,9.74351978302002
72024770812988,-0.9548488855361938,-0.013297428376972675,9.760045051574707
72024790588378,-1.1602165699005127,-0.5428812503814697,9.722631454467773
72024810363769,-1.3126877546310425,-0.7699350714683533,9.687849998474121
72024830139160,-1.2736352682113647,-0.7691188454627991,9.693126678466797
72024849914550,-1.1356652975082397,-0.6956454515457153,9.715797424316406
72024869720458,-1.1082566976547241,-0.597323477268219,9.725500106811523
72024889495849,-1.2495341300964355,-0.5253666043281555,9.712519645690918
72024909271240,-1.4815711975097656,-0.5406309962272644,9.678999900817871
72024929046630,-1.6945903301239014,-0.6408544778823853,9.637845039367676
72024948822021,-1.82450532913208,-0.7279579043388367,9.607894897460938
72024968597412,-1.8978347778320313,-0.7040740847587585,9.59546184539795
72024988372802,-1.9949642419815063,-0.6361492276191711,9.580491065979004
72025008148193,-2.1336333751678467,-0.6619470715522766,9.548812866210938
72025027923583,-2.23116135597229,-0.7281781435012817,9.521662712097168
72025047698974,-2.261310338973999,-0.6797195672988892,9.518132209777832
72025067474365,-2.2428700923919678,-0.49363768100738525,9.533951759338379
72025087249755,-2.214409112930298,-0.3053639829158783,9.548482894897461
72025107055664,-2.15909743309021,-0.18870854377746582,9.564155578613281
72025126800537,-2.011686325073242,-0.10057342797517776,9.597572326660156
72025146575927,-1.8368756771087646,0.002206096425652504,9.633082389831543
72025166351318,-1.7783591747283936,0.15038709342479706,9.64288330078125
72025186126708,-1.8280820846557617,0.333094984292984,9.628995895385742
72025205932617,-1.934850811958313,0.5568813681602478,9.597740173339844
72025225677490,-2.010972261428833,0.7331083416938782,9.570210456848145
72025245483398,-1.9753782749176025,0.8370992541313171,9.569092750549316
72025265258789,-1.8624939918518066,0.8865709900856018,9.58725643157959
72025285034179,-1.7727502584457397,0.834403395652771,9.608928680419922
72025304809570,-1.748105525970459,0.7281696200370789,9.622072219848633
72025324554443,-1.628233551979065,0.715959370136261,9.64399528503418
72025344360351,-1.3560954332351685,0.8066504597663879,9.678878784179688
72025364135742,-1.0122144222259521,0.8585750460624695,9.716411590576172
72025383911132,-0.723919689655304,0.7745878100395203,9.749171257019043
72025403656005,-0.5765966773033142,0.593071699142456,9.771703720092773
72025423431396,-0.5050627589225769,0.4178043603897095,9.784719467163086
72025443298339,-0.43064168095588684,0.2820548415184021,9.793128967285156
72025463012695,-0.316505491733551,0.19777469336986542,9.799546241760254
72025482788085,-0.17869438230991364,0.0777922123670578,9.804713249206543
72025502563476,-0.2016514241695404,-0.27770912647247314,9.800642967224121
72025522338867,-0.42730870842933655,-0.6024970412254333,9.778793334960938
72025542114257,-0.7163548469543457,-0.6591364741325378,9.758214950561523
72025561889648,-0.887243390083313,-0.6245052218437195,9.746443748474121
72025581665039,-0.9724918603897095,-0.5957598686218262,9.740108489990234
72025601470947,-1.0032848119735718,-0.5616084933280945,9.739014625549316
72025621246337,-1.0596729516983032,-0.544430136680603,9.734016418457031
72025641021728,-1.1862757205963135,-0.6055492162704468,9.71578311920166
72025660797119,-1.4236031770706177,-0.7594289183616638,9.673003196716309
72025680572509,-1.7009928226470947,-0.9063477516174316,9.61538028717041
72025700347900,-1.865540862083435,-0.8802602887153625,9.58724594116211
72025720123291,-1.9065656661987305,-0.7313653230667114,9.591689109802246
72025739898681,-1.95667564868927,-0.6745621562004089,9.585758209228516
72025759674072,-2.0738637447357178,-0.7330401539802551,9.556784629821777
72025779449462,-2.1904799938201904,-0.7425944209098816,9.529991149902344
72025799224853,-2.2075400352478027,-0.6212401986122131,9.534737586975098
72025819000244,-2.117380380630493,-0.47506046295166016,9.563545227050781
72025838775634,-2.0200350284576416,-0.3809254467487335,9.58878231048584
72025858551025,-1.927368402481079,-0.2726670503616333,9.611518859863281
72025878295898,-1.8382208347320557,-0.14158223569393158,9.63178539276123
72025898101806,-1.788955569267273,-0.002930585527792573,9.642096519470215
72025917846679,-1.7661159038543701,0.24202163517475128,9.643269538879395
72025937652587,-1.721144676208496,0.5497462749481201,9.63876724243164
72025957427978,-1.6820212602615356,0.7864412069320679,9.629262924194336
72025977172851,-1.6112638711929321,0.872330367565155,9.633963584899902
72025996978759,-1.510892391204834,0.8662775158882141,9.65075969696045
72026016754150,-1.4545888900756836,0.8352269530296326,9.662140846252441
72026036529541,-1.4935767650604248,0.7817065715789795,9.660670280456543
72026056304931,-1.5808823108673096,0.715528666973114,9.651902198791504
72026076080322,-1.6061559915542603,0.6748877167701721,9.650656700134277
72026095855712,-1.5284243822097778,0.656722366809845,9.66452407836914
72026115600585,-1.417132019996643,0.6197777390480042,9.683903694152832
72026135375976,-1.33415687084198,0.5692049264907837,9.698783874511719
72026155151367,-1.2989665269851685,0.535300076007843,9.705489158630371
72026174926757,-1.3184400796890259,0.5117274522781372,9.704134941101074
72026194702148,-1.3471527099609375,0.4685879349708557,9.702370643615723
72026214477539,-1.3365929126739502,0.4027629494667053,9.706786155700684
72026234252929,-1.264003038406372,0.3328656852245331,9.71915054321289
72026254028320,-1.31283700466156,0.07173115760087967,9.718111991882324
72026273773193,-1.5906052589416504,-0.2812351882457733,9.672707557678223
72026293579101,-1.8793729543685913,-0.5063530802726746,9.611553192138672
72026313354492,-1.997423768043518,-0.5456084609031677,9.585562705993652
72026333129882,-1.9689295291900635,-0.48622938990592957,9.594648361206055
72026352905273,-1.9021682739257813,-0.45754972100257874,9.609515190124512
72026372680664,-1.971527338027954,-0.5418985486030579,9.591132164001465
72026392456054,-2.1398441791534424,-0.7363570928573608,9.541972160339355
72026412231445,-2.2898716926574707,-0.9036179184913635,9.492647171020508
72026432006835,-2.3789892196655273,-0.9209164977073669,9.469039916992188
72026451782226,-2.439175844192505,-0.8260039687156677,9.462479591369629
72026471557617,-2.4912514686584473,-0.7383856177330017,9.456153869628906
72026491333007,-2.5451440811157227,-0.7057753801345825,9.444284439086914
72026511108398,-2.6120433807373047,-0.6866481900215149,9.427413940429688
72026530883789,-2.707296848297119,-0.6083503365516663,9.40589427947998
72026550628662,-2.797187089920044,-0.43588170409202576,9.38914966583252
72026570404052,-2.8193228244781494,-0.2448691725730896,9.389453887939453
72026590179443,-2.807713031768799,-0.10638253390789032,9.39552116394043
72026609954833,-2.772618532180786,0.04111703857779503,9.406449317932129
72026629760742,-2.6599574089050293,0.1789582520723343,9.437318801879883
72026649566650,-2.5798325538635254,0.2781743109226227,9.457139015197754
72026669281005,-2.5864224433898926,0.4410683214664459,9.449140548706055
72026689056396,-2.575897455215454,0.671782910823822,9.438424110412598
72026708831787,-2.508464813232422,0.878000795841217,9.439656257629395
72026728607177,-2.3587586879730225,0.9732202887535095,9.46886920928955
72026748382568,-2.197873115539551,0.9682472944259644,9.50800895690918
72026768127441,-2.1066184043884277,0.8857064843177795,9.536669731140137
72026787902832,-2.102922201156616,0.7826118469238281,9.54649829864502
72026807708740,-2.120394468307495,0.7309054136276245,9.546731948852539
72026827484130,-2.0735671520233154,0.7012182474136353,9.559236526489258
72026847259521,-1.950657606124878,0.6133204698562622,9.591097831726074
72026867004394,-1.7900848388671875,0.43030479550361633,9.632280349731445
72026886779785,-1.6577352285385132,0.22000135481357574,9.663017272949219
72026906555175,-1.5714975595474243,0.0928446426987648,9.679471015930176
72026926330566,-1.5315684080123901,0.022787822410464287,9.686287879943848
72026946105957,-1.482451319694519,-0.12100271880626678,9.693198204040527
72026965850830,-1.421160340309143,-0.3193764090538025,9.697870254516602
72026985656738,-1.3000614643096924,-0.40904295444488525,9.7114839553833
72027005401611,-1.1588290929794312,-0.6616860032081604,9.715435028076172
72027025177001,-1.27580988407135,-1.205608606338501,9.648274421691895
72027044952392,-1.5506863594055176,-1.5973349809646606,9.550616264343262
72027064727783,-1.6801707744598389,-1.5975544452667236,9.528653144836426
72027084533691,-1.650707721710205,-1.4294016361236572,9.560458183288574
72027104309082,-1.530131459236145,-1.3316309452056885,9.594573974609375
72027124084472,-1.501095175743103,-1.3621653318405151,9.594874382019043
72027143859863,-1.6036783456802368,-1.493991494178772,9.558587074279785
72027163635253,-1.7588165998458862,-1.7014832496643066,9.496415138244629
72027183410644,-1.9020248651504517,-1.871483325958252,9.436643600463867
72027203186035,-1.9896117448806763,-1.8505642414093018,9.422698020935059
72027222961425,-2.049736738204956,-1.691138744354248,9.439757347106934
72027242736816,-2.1107678413391113,-1.5868685245513916,9.444411277770996
72027262481689,-2.1825859546661377,-1.6045292615890503,9.42508316040039
72027282257080,-2.2314043045043945,-1.5723111629486084,9.419079780578613
72027302062988,-2.257469654083252,-1.3804457187652588,9.442912101745605
72027321807861,-2.3260037899017334,-1.1620080471038818,9.455677032470703
72027341613769,-2.439067840576172,-1.05868661403656,9.43930721282959
72027361358642,-2.606619358062744,-1.0688753128051758,9.393264770507813
72027381134033,-2.741943597793579,-1.0419151782989502,9.35770034790039
72027400909423,-2.7768938541412354,-0.8653980493545532,9.365379333496094
72027420684814,-2.7903952598571777,-0.5347675681114197,9.386058807373047
72027440460205,-2.78477144241333,-0.19548650085926056,9.40091609954834
72027460235595,-2.6744322776794434,0.016022825613617897,9.434910774230957
72027480041503,-2.4722182750701904,0.08154755085706711,9.489566802978516
72027499786376,-2.322262763977051,0.07440638542175293,9.52743148803711
72027519561767,-2.2930068969726563,0.05753764510154724,9.534631729125977
72027539337158,-2.2684781551361084,0.042441658675670624,9.540575981140137
72027559112548,-2.139439821243286,0.039717137813568115,9.570350646972656
72027578887939,-1.948238730430603,0.07996080070734024,9.610845565795898
72027598693847,-1.8121039867401123,0.11952533572912216,9.637031555175781
72027618438720,-1.7388354539871216,0.09807711839675903,9.650762557983398
72027638214111,-1.6286489963531494,0.02847341075539589,9.670422554016113
72027657989501,-1.4803024530410767,-0.016170039772987366,9.694268226623535
72027677764892,-1.3768876791000366,-0.021646831184625626,9.709485054016113
72027697540283,-1.3433027267456055,-0.0453525148332119,9.714106559753418
72027717315673,-1.2843674421310425,-0.08734473586082458,9.721787452697754
72027737091064,-1.1599441766738892,-0.08220557123422623,9.737462043762207
72027756866455,-1.27410089969635,-0.25103211402893066,9.720290184020996
72027776611328,-1.7091811895370483,-0.6152755618095398,9.636935234069824
72027796386718,-2.2183632850646973,-0.9300728440284729,9.507061958312988
72027816192626,-2.5370635986328125,-1.0764851570129395,9.411422729492188
72027835968017,-2.668151617050171,-1.1505728960037231,9.36629867553711
72027855804443,-2.735978841781616,-1.1916321516036987,9.341564178466797
72027875518798,-2.8270671367645264,-1.1822435855865479,9.315598487854004
72027895294189,-2.888256311416626,-1.157796859741211,9.299885749816895
72027915100097,-2.9486703872680664,-1.1048885583877563,9.287354469299316
72027934844970,-3.0037147998809814,-0.9287129640579224,9.289003372192383
72027954620361,-3.055940628051758,-0.6775907278060913,9.293679237365723
72027974395751,-3.105196237564087,-0.5212240219116211,9.287435531616211
72027994171142,-3.1781115531921387,-0.481231689453125,9.264902114868164
72028013946533,-3.2827322483062744,-0.4159034490585327,9.231526374816895
72028033721923,-3.378912925720215,-0.23249129951000214,9.203221321105957
72028053497314,-3.406080722808838,0.01453073974698782,9.196128845214844
72028073242187,-3.374976396560669,0.21305467188358307,9.2051362991333
72028093017578,-3.3362221717834473,0.3578462600708008,9.214768409729004
72028112792968,-3.214089870452881,0.5088391304016113,9.251005172729492
72028132568359,-3.0244929790496826,0.5595734715461731,9.31180477142334
72028152313232,-2.8674027919769287,0.5214765071868896,9.363570213317871
72028172088623,-2.772167921066284,0.5077580213546753,9.39295768737793
72028191864013,-2.7085273265838623,0.4905737638473511,9.4124174118042
72028211639404,-2.5325546264648438,0.45786023139953613,9.462923049926758
72028231414794,-2.2153680324554443,0.3922711908817291,9.545084953308105
72028251190185,-1.9717777967453003,0.27955153584480286,9.60230827331543
72028270935058,-1.9053095579147339,0.1418868899345398,9.618734359741211
72028290710449,-1.844969630241394,0.05477094650268555,9.631379127502441
72028310485839,-1.6567600965499878,0.04612492769956589,9.665578842163086
72028330230712,-1.4112942218780518,0.025959111750125885,9.704533576965332
72028350036621,-1.2224699258804321,-0.08138071745634079,9.729816436767578
72028369781494,-1.1147019863128662,-0.22620393335819244,9.74046516418457
72028389556884,-1.0427919626235962,-0.29850974678993225,9.746479988098145
72028409301757,-0.9879425168037415,-0.29854056239128113,9.752191543579102
72028429077148,-0.9707902669906616,-0.3662046790122986,9.751607894897461
72028448883056,-0.9874064326286316,-0.5464746356010437,9.741497993469238
72028468627929,-0.9929623007774353,-0.657418429851532,9.734074592590332
72028488403320,-1.0877294540405273,-0.8397089242935181,9.709897994995117
72028508148193,-1.3188986778259277,-1.136470079421997,9.650872230529785
72028527923583,-1.5878088474273682,-1.3116455078125,9.587952613830566
72028547729492,-1.8586124181747437,-1.379861831665039,9.529529571533203
72028567474365,-2.0980043411254883,-1.4333617687225342,9.471759796142578
72028587249755,-2.164921522140503,-1.4551979303359985,9.453353881835938
72028607025146,-2.1539885997772217,-1.4577044248580933,9.455465316772461
72028626800537,-2.2147746086120605,-1.462103009223938,9.4407320022583
72028646575927,-2.36625337600708,-1.460861086845398,9.404101371765137
72028666351318,-2.5183935165405273,-1.4084705114364624,9.372528076171875
72028686126708,-2.593539237976074,-1.2512738704681396,9.374341011047363
72028705871582,-2.669672966003418,-1.031335711479187,9.379743576049805
72028725646972,-2.797572612762451,-0.8403097987174988,9.361509323120117
72028745452880,-2.9369239807128906,-0.7134354114532471,9.329301834106445
72028765197753,-3.0221145153045654,-0.5749145746231079,9.31164264678955
72028784973144,-3.0520670413970947,-0.328349232673645,9.313831329345703
72028804718017,-3.0643630027770996,-0.005138109903782606,9.315581321716309
72028824493408,-3.083263874053955,0.27354931831359863,9.305323600769043
72028844268798,-3.0151803493499756,0.46840938925743103,9.319852828979492
72028864013671,-2.831451654434204,0.6167721152305603,9.368717193603516
72028883789062,-2.680630683898926,0.7871331572532654,9.400267601013184
72028903564453,-2.6182923316955566,0.9653714895248413,9.401223182678223
72028923309326,-2.5854060649871826,1.1118863821029663,9.394134521484375
72028943084716,-2.5067055225372314,1.1918489933013916,9.40565299987793
72028962860107,-2.3895070552825928,1.1823548078536987,9.437302589416504
72028982635498,-2.3062198162078857,1.1089118719100952,9.466893196105957
72029002380371,-2.2826194763183594,1.0182249546051025,9.482787132263184
72029022155761,-2.2488842010498047,0.9559251070022583,9.497321128845215
72029041931152,-2.173082113265991,0.9319298267364502,9.517332077026367
72029061767578,-2.0687992572784424,0.9170305728912354,9.541986465454102
72029081481933,-1.9572008848190308,0.8618506193161011,9.570630073547363
72029101226806,-1.8286093473434448,0.7682653665542603,9.603975296020508
72029121002197,-1.6882445812225342,0.7045685052871704,9.63451099395752
72029140808105,-1.5889902114868164,0.7002696394920349,9.651689529418945
72029160552978,-1.5628936290740967,0.6694806814193726,9.658133506774902
72029180328369,-1.5665555000305176,0.579232394695282,9.663372993469238
72029200134277,-1.4739127159118652,0.5806116461753845,9.677854537963867
72029219879150,-1.3524121046066284,0.5093398094177246,9.6995849609375
72029239654541,-1.4042431116104126,0.2857840061187744,9.70138168334961
72029259429931,-1.6471798419952393,0.04297005385160446,9.667229652404785
72029279205322,-1.9065804481506348,-0.12299735099077225,9.618742942810059
72029298980712,-2.042783498764038,-0.1936863362789154,9.58957290649414
72029318756103,-2.0263450145721436,-0.21243517100811005,9.592662811279297
72029338531494,-2.0307457447052,-0.28811541199684143,9.589757919311523
72029358306884,-2.104111671447754,-0.4388509690761566,9.56820297241211
72029378082275,-2.1827332973480225,-0.5454093217849731,9.545082092285156
72029397857666,-2.2408509254455566,-0.5254439115524292,9.532727241516113
72029417602539,-2.2783701419830322,-0.44602715969085693,9.527878761291504
72029437377929,-2.305859088897705,-0.40089085698127747,9.523270606994629
72029457153320,-2.362093687057495,-0.3563573658466339,9.511251449584961
72029476928710,-2.48730206489563,-0.24730928242206573,9.482749938964844
72029496704101,-2.6777596473693848,-0.10016007721424103,9.433448791503906
72029516479492,-2.7882723808288574,0.03726409003138542,9.401836395263672
72029536224365,-2.7581562995910645,0.15389156341552734,9.409531593322754
72029555999755,-2.7289235591888428,0.34270545840263367,9.413071632385254
72029575775146,-2.729875087738037,0.6016536951065063,9.399797439575195
72029595550537,-2.6985926628112793,0.761405885219574,9.397246360778809
72029615295410,-2.6301052570343018,0.8730911612510681,9.406947135925293
72029635070800,-2.528238534927368,1.06415855884552,9.41519832611084
72029654846191,-2.3924496173858643,1.3206346035003662,9.418200492858887
72029674621582,-2.1794588565826416,1.4667186737060547,9.44823169708252
72029694396972,-1.9180525541305542,1.421335220336914,9.511638641357422
72029714141845,-1.7795262336730957,1.2721983194351196,9.55955982208252
72029733917236,-1.8185497522354126,1.1349263191223145,9.569493293762207
72029753723144,-1.8806531429290771,1.0891785621643066,9.562804222106934
72029773468017,-1.839424729347229,1.0894728899002075,9.570786476135254
72029793243408,-1.7529491186141968,1.0553702116012573,9.590816497802734
72029812988281,-1.6768789291381836,0.9725489020347595,9.613147735595703
72029832763671,-1.5938234329223633,0.8718634247779846,9.636906623840332
72029852539062,-1.5002334117889404,0.7814688086509705,9.659658432006836
72029872314453,-1.417393445968628,0.7140288949012756,9.677372932434082
72029892089843,-1.3718100786209106,0.6546546220779419,9.68813419342041
72029911865234,-1.321962833404541,0.5607859492301941,9.700943946838379
72029931640625,-1.268096923828125,0.44087642431259155,9.714316368103027
72029951416015,-1.2157148122787476,0.3907157778739929,9.723155975341797
72029971160888,-1.2978242635726929,0.16602054238319397,9.718975067138672
72029990936279,-1.566516399383545,-0.21305403113365173,9.67837905883789
72030010711669,-1.8180980682373047,-0.47163820266723633,9.625096321105957
72030030487060,-1.8995238542556763,-0.4998803734779358,9.607930183410645
72030050262451,-1.8371649980545044,-0.4615223705768585,9.621965408325195
72030070037841,-1.7171796560287476,-0.46523725986480713,9.643921852111816
72030089813232,-1.6811931133270264,-0.49064841866493225,9.649002075195313
72030109588623,-1.7340388298034668,-0.5751219987869263,9.634974479675293
72030129364013,-1.865932583808899,-0.7444568276405334,9.59867000579834
72030149139404,-1.9983102083206177,-0.8428153395652771,9.563827514648438
72030168914794,-2.075873374938965,-0.7217649817466736,9.557206153869629
72030188659667,-2.1492862701416016,-0.5081928968429565,9.554720878601074
72030208435058,-2.283484935760498,-0.39627498388290405,9.528853416442871
72030228210449,-2.5071969032287598,-0.3731347918510437,9.473389625549316
72030247985839,-2.745319366455078,-0.29653775691986084,9.409871101379395
72030267822265,-2.8863072395324707,-0.07128813862800598,9.372008323669434
72030287536621,-2.923828363418579,0.1546745002269745,9.359363555908203
72030307312011,-2.8592991828918457,0.2929534316062927,9.375978469848633
72030327087402,-2.6713294982910156,0.43852126598358154,9.425607681274414
72030346832275,-2.461538791656494,0.5297486186027527,9.477899551391602
72030366607666,-2.4778926372528076,0.5748427510261536,9.471007347106934
72030386383056,-2.6302528381347656,0.7054484486579895,9.420960426330566
72030406158447,-2.714076042175293,0.8722508549690247,9.383142471313477
72030425933837,-2.6483168601989746,0.9775914549827576,9.391545295715332
72030445709228,-2.4940383434295654,0.9845215678215027,9.432967185974121
72030465484619,-2.3869261741638184,0.9033998847007751,9.468729972839355
72030485260009,-2.353113889694214,0.7579165101051331,9.489931106567383
72030505004882,-2.2759430408477783,0.6533585786819458,9.516490936279297
72030524810791,-2.1024515628814697,0.6888217329978943,9.553827285766602
72030544555664,-1.9135853052139282,0.7588419914245605,9.588155746459961
72030564331054,-1.7595500946044922,0.7470147013664246,9.618541717529297
72030584106445,-1.5792852640151978,0.6525761485099792,9.656623840332031
72030603851318,-1.391190767288208,0.5318520069122314,9.692889213562012
72030623626708,-1.2770038843154907,0.4272816777229309,9.713757514953613
72030643402099,-1.2733566761016846,0.3141791522502899,9.718551635742188
72030663177490,-1.2907134294509888,0.17724205553531647,9.71972370147705
72030682952880,-1.2212470769882202,0.10670312494039536,9.72972583770752
72030702728271,-1.1140735149383545,0.14156752824783325,9.742134094238281
72030722534179,-1.018795371055603,0.134985089302063,9.752652168273926
72030742279052,-1.1170419454574585,-0.13418133556842804,9.741898536682129
72030762054443,-1.4201195240020752,-0.3777996897697449,9.6959228515625
72030781829833,-1.644538402557373,-0.5044509768486023,9.6546049118042
72030801605224,-1.6173721551895142,-0.6004067659378052,9.653704643249512
72030821380615,-1.4547102451324463,-0.6630856394767761,9.675459861755371
72030841156005,-1.4092766046524048,-0.755126416683197,9.675437927246094
72030860931396,-1.4835890531539917,-0.8656144738197327,9.65505313873291
72030880706787,-1.5725029706954956,-1.0088927745819092,9.627033233642578
72030900482177,-1.6533788442611694,-1.1837787628173828,9.593507766723633
72030920257568,-1.7575591802597046,-1.2663671970367432,9.564396858215332
72030940002441,-1.851894497871399,-1.141958475112915,9.562259674072266
72030959777832,-1.9099035263061523,-0.9302299618721008,9.573783874511719
72030979553222,-1.9657102823257446,-0.8582164645195007,9.569212913513184
72030999328613,-2.0478334426879883,-0.9093403220176697,9.547243118286133
72031019104003,-2.12858510017395,-0.8412848114967346,9.53581428527832
72031038879394,-2.176175832748413,-0.6038243174552917,9.543063163757324
72031058654785,-2.1846272945404053,-0.4028171896934509,9.551729202270508
72031078399658,-2.191725492477417,-0.28258517384529114,9.554415702819824
72031098175048,-2.1707592010498047,-0.10074581950902939,9.562847137451172
72031117950439,-2.113377332687378,0.05928982049226761,9.576038360595703
72031137725830,-2.058457612991333,0.17710304260253906,9.586541175842285
72031157501220,-1.9641329050064087,0.31113842129707336,9.602904319763184
72031177276611,-1.7662774324417114,0.4113708436489105,9.637500762939453
72031197052001,-1.5040478706359863,0.38144025206565857,9.68311595916748
72031216827392,-1.374805212020874,0.15354229509830475,9.708589553833008
72031236602783,-1.373860478401184,-0.13371917605400085,9.709016799926758
72031256378173,-1.3722641468048096,-0.28681519627571106,9.705926895141602
72031276123046,-1.349023699760437,-0.2976345717906952,9.708858489990234
72031295928955,-1.2630195617675781,-0.2807512581348419,9.72092342376709
72031315704345,-1.1610500812530518,-0.3152287006378174,9.732572555541992
72031335479736,-1.093853235244751,-0.4218090772628784,9.736321449279785
72031355224609,-1.0567054748535156,-0.5644428730010986,9.733199119567871
72031375000000,-0.9771814346313477,-0.6500990986824036,9.736163139343262
72031394775390,-0.8818139433860779,-0.6882320642471313,9.742644309997559
72031414550781,-0.8623875379562378,-0.7308821678161621,9.741277694702148
72031434326171,-0.8953570127487183,-0.7605326175689697,9.736031532287598
72031454101562,-0.8724793791770935,-0.7678697109222412,9.737532615661621
72031473937988,-0.7564127445220947,-0.7110241651535034,9.751546859741211
72031493652343,-0.5599924921989441,-0.6109231114387512,9.77156925201416
72031513427734,-0.47222188115119934,-0.6639668345451355,9.772745132446289
72031533172607,-0.644285261631012,-0.8444676995277405,9.748956680297852
72031552947998,-0.8826311826705933,-1.035423994064331,9.711810111999512
72031572723388,-1.0159903764724731,-1.1722638607025146,9.683177947998047
72031592498779,-1.0698513984680176,-1.2763965129852295,9.664193153381348
72031612274169,-1.137778639793396,-1.346665859222412,9.646882057189941
72031632049560,-1.1544344425201416,-1.3220046758651733,9.648314476013184
72031651824951,-1.0931224822998047,-1.27321457862854,9.662008285522461
72031671569824,-1.0950077772140503,-1.275221347808838,9.661529541015625
72031691345214,-1.2036712169647217,-1.2367470264434814,9.65360164642334
72031711120605,-1.3121445178985596,-1.0815359354019165,9.658102989196777
72031730895996,-1.3095910549163818,-0.8993796110153198,9.67711067199707
72031750671386,-1.2836987972259521,-0.8312601447105408,9.686666488647461
72031770416259,-1.3490699529647827,-0.8480189442634583,9.676324844360352
72031790191650,-1.4731730222702026,-0.7614502310752869,9.665419578552246
72031809967041,-1.5530978441238403,-0.49697044491767883,9.670124053955078
72031829742431,-1.5403130054473877,-0.2134980410337448,9.682574272155762
72031849517822,-1.5378551483154297,-0.02989625744521618,9.685272216796875
72031869293212,-1.5522465705871582,0.15873269736766815,9.681720733642578
72031889038085,-1.479467511177063,0.373366117477417,9.687215805053711
72031908813476,-1.3939141035079956,0.5754979252815247,9.690004348754883
72031928588867,-1.3419671058654785,0.8067626357078552,9.680838584899902
72031948364257,-1.2648975849151611,0.9944193959236145,9.673755645751953
72031968109130,-1.214806079864502,1.0749611854553223,9.671561241149902
72031987884521,-1.2113337516784668,1.0224018096923828,9.677693367004395
72032007659912,-1.1822102069854736,0.9429647326469421,9.689353942871094
72032027435302,-1.1054524183273315,0.9037978649139404,9.702138900756836
72032047210693,-1.0314801931381226,0.8480512499809265,9.715310096740723
72032066955566,-1.0604944229125977,0.7578811645507813,9.719637870788574
72032086730957,-1.1724913120269775,0.6807014346122742,9.712481498718262
72032106506347,-1.194589614868164,0.6387642025947571,9.712636947631836
72032126281738,-1.0554577112197876,0.5862526297569275,9.73204517364502
72032146057128,-0.8725826144218445,0.5221495628356934,9.753786087036133
72032165832519,-0.7760283350944519,0.49306437373161316,9.76345443725586
72032185607910,-0.7750921845436096,0.4820972979068756,9.764077186584473
72032205383300,-0.7971000075340271,0.4588736593723297,9.763423919677734
72032225158691,-0.7915518283843994,0.47061222791671753,9.763317108154297
72032244934082,-0.6768290996551514,0.6212003231048584,9.763524055480957
72032264678955,-0.5630543231964111,0.6283366084098816,9.770289421081543
72032284454345,-0.7412976622581482,0.33435988426208496,9.77287483215332
72032304229736,-1.0822482109069824,0.07707906514406204,9.746444702148438
72032324005126,-1.2588305473327637,0.06334925442934036,9.725314140319824
72032343780517,-1.2366368770599365,0.1300719827413559,9.727497100830078
72032363555908,-1.15406334400177,0.13727711141109467,9.737539291381836
72032383331298,-1.1477657556533813,0.08553960174322128,9.738876342773438
72032403076171,-1.2322430610656738,-0.017818588763475418,9.728907585144043
72032422851562,-1.3422048091888428,-0.17891623079776764,9.712716102600098
72032442626953,-1.3989628553390503,-0.3197650611400604,9.70108413696289
72032462402343,-1.407010793685913,-0.34460723400115967,9.69906997680664
72032482147216,-1.4292194843292236,-0.2710534930229187,9.69815731048584
72032501953125,-1.5092614889144897,-0.17290565371513367,9.688272476196289
72032521728515,-1.6228764057159424,-0.13650621473789215,9.670472145080566
72032541473388,-1.7201842069625854,-0.12513230741024017,9.653791427612305
72032561248779,-1.8120455741882324,-0.02864113263785839,9.637741088867188
72032581024169,-1.8905631303787231,0.1249244436621666,9.621879577636719
72032600799560,-2.002300500869751,0.25166502594947815,9.596761703491211
72032620574951,-2.1995315551757813,0.424480676651001,9.547369956970215
72032640350341,-2.3439242839813232,0.7571783661842346,9.492264747619629
72032660095214,-2.3342435359954834,1.1009835004806519,9.460947036743164
72032679962158,-2.29740834236145,1.3445299863815308,9.438460350036621
72032699645996,-2.331709146499634,1.5012614727020264,9.406366348266602
72032719390869,-2.4308905601501465,1.5501445531845093,9.373270988464355
72032739166259,-2.506570339202881,1.5109870433807373,9.359723091125488
72032758941650,-2.50742769241333,1.4181077480316162,9.374015808105469
72032778717041,-2.4638495445251465,1.3281947374343872,9.398709297180176
72032798492431,-2.4100542068481445,1.2706539630889893,9.420587539672852
72032818267822,-2.3648250102996826,1.2494277954101563,9.434877395629883
72032838043212,-2.2861881256103516,1.2261438369750977,9.457287788391113
72032857788085,-2.1659293174743652,1.1711294651031494,9.492502212524414
72032877563476,-2.0448172092437744,1.0803145170211792,9.530059814453125
72032897338867,-1.9203920364379883,0.9871951341629028,9.565977096557617
72032917114257,-1.790986180305481,0.9180457592010498,9.59791374206543
72032936859130,-1.68062424659729,0.8101595044136047,9.627540588378906
72032956634521,-1.6370686292648315,0.6252614855766296,9.648805618286133
72032976409912,-1.6656237840652466,0.39107975363731384,9.656249046325684
72032996185302,-1.700766921043396,0.24012413620948792,9.655056953430176
72033015960693,-1.6640440225601196,0.11106512695550919,9.663799285888672
72033035705566,-1.7336312532424927,-0.42940226197242737,9.642641067504883
72033055511474,-1.9822160005569458,-0.971807599067688,9.554935455322266
72033075256347,-2.211505174636841,-0.9810104966163635,9.503539085388184
72033095062255,-2.218890428543091,-0.7038441300392151,9.526358604431152
72033114837646,-2.018947124481201,-0.552137553691864,9.58067798614502
72033134582519,-1.8864331245422363,-0.6095182299613953,9.604178428649902
72033154357910,-2.012206554412842,-0.7998166680335999,9.564606666564941
72033174133300,-2.230884313583374,-1.0003204345703125,9.496994018554688
72033193908691,-2.32391095161438,-1.1247612237930298,9.460694313049316
72033213653564,-2.3224117755889893,-1.1804547309875488,9.454275131225586
72033233428955,-2.3854572772979736,-1.156302571296692,9.441554069519043
72033253204345,-2.520315647125244,-1.014351487159729,9.42281723022461
72033272979736,-2.6413841247558594,-0.8203170895576477,9.408536911010742
72033292755126,-2.780679941177368,-0.781596839427948,9.371623039245605
72033312500000,-2.9773528575897217,-0.8966732621192932,9.300630569458008
72033332275390,-3.129157066345215,-0.8877987265586853,9.251517295837402
72033352050781,-3.1924948692321777,-0.672703206539154,9.248017311096191
72033371826171,-3.247030735015869,-0.4396763741970062,9.243043899536133
72033391601562,-3.303521156311035,-0.23081879317760468,9.23059368133545
72033411346435,-3.2562811374664307,-0.011751952581107616,9.250236511230469
72033431121826,-3.1260464191436768,0.23805038630962372,9.29201602935791
72033450897216,-3.0242106914520264,0.4847754240036011,9.316089630126953
72033470642089,-2.9314839839935303,0.6661197543144226,9.33450984954834
72033490447998,-2.845881223678589,0.8087811470031738,9.349717140197754
72033510223388,-2.7721645832061768,0.9187585115432739,9.36169719696045
72033529968261,-2.7031185626983643,0.946475625038147,9.379111289978027
72033549743652,-2.638129949569702,0.8621436953544617,9.405709266662598
72033569519042,-2.542943000793457,0.7269093990325928,9.44327449798584
72033589294433,-2.434190273284912,0.6675704717636108,9.47625732421875
72033609039306,-2.3352208137512207,0.683784544467926,9.499977111816406
72033628814697,-2.2137093544006348,0.6681912541389465,9.530130386352539
72033648590087,-2.025585889816284,0.5883656144142151,9.577119827270508
72033668334960,-1.795472502708435,0.4999077320098877,9.627915382385254
72033688110351,-1.6004146337509155,0.4258579909801483,9.665801048278809
72033707885742,-1.4980393648147583,0.32377922534942627,9.68614673614502
72033727661132,-1.4880280494689941,0.14491505920886993,9.692014694213867
72033747436523,-1.5040185451507568,-0.02169761247932911,9.690606117248535
72033767181396,-1.4638798236846924,0.024598974734544754,9.696743965148926
72033786987304,-1.3738147020339966,-0.006084661465138197,9.709942817687988
72033806732177,-1.446263313293457,-0.40997374057769775,9.690749168395996
72033826477050,-1.639158010482788,-0.6841760277748108,9.644452095031738
72033846252441,-1.754083514213562,-0.6315934062004089,9.627806663513184
72033866058349,-1.743034839630127,-0.5333642363548279,9.635753631591797
72033885894775,-1.6284680366516113,-0.49340489506721497,9.657899856567383
72033905578613,-1.5638962984085083,-0.5055816769599915,9.667936325073242
72033925354003,-1.6238915920257568,-0.5745306015014648,9.654184341430664
72033945129394,-1.7598488330841064,-0.7117063999176025,9.621164321899414
72033964904785,-1.8724333047866821,-0.8668878078460693,9.587120056152344
72033984680175,-1.9016940593719482,-0.8660833835601807,9.581432342529297
72034004425048,-1.8766731023788452,-0.6578235626220703,9.602903366088867
72034024200439,-1.8882638216018677,-0.4054979085922241,9.614594459533691
72034043975830,-1.9839073419570923,-0.2756806015968323,9.599922180175781
72034063720703,-2.140072822570801,-0.2642349302768707,9.566642761230469
72034083496093,-2.282825231552124,-0.17342108488082886,9.53567123413086
72034103271484,-2.3889265060424805,0.060498084872961044,9.51103401184082
72034123046875,-2.4980599880218506,0.30980831384658813,9.4780855178833
72034142822265,-2.573296546936035,0.5210338234901428,9.448654174804688
72034162597656,-2.5501437187194824,0.6984323263168335,9.4434814453125
72034182342529,-2.5398671627044678,0.8857236504554749,9.430532455444336
72034202117919,-2.665472984313965,1.1070466041564941,9.372304916381836
72034221893310,-2.8031463623046875,1.372113585472107,9.29677677154541
72034241668701,-2.7975831031799316,1.6708705425262451,9.249438285827637
72034261444091,-2.6480824947357178,1.838748574256897,9.261590003967285
72034281219482,-2.4505198001861572,1.7826229333877563,9.326714515686035
72034300964355,-2.3017845153808594,1.5441479682922363,9.406794548034668
72034320739746,-2.2388253211975098,1.2763999700546265,9.461969375610352
72034340515136,-2.195899724960327,1.1119356155395508,9.492734909057617
72034360260009,-2.097740411758423,1.0159659385681152,9.525632858276367
72034380035400,-1.9581105709075928,0.9103411436080933,9.565953254699707
72034399810791,-1.8456002473831177,0.7715247869491577,9.6004638671875
72034419586181,-1.7668908834457397,0.6454765796661377,9.624544143676758
72034439361572,-1.669874668121338,0.5742095112800598,9.646356582641602
72034459136962,-1.5047725439071655,0.47629106044769287,9.678801536560059
72034478912353,-1.3285088539123535,0.298400342464447,9.711663246154785
72034498687744,-1.2251921892166138,0.17577925324440002,9.728226661682129
72034518463134,-1.087970495223999,0.2152194082736969,9.743736267089844
72034538238525,-0.8721540570259094,0.13139471411705017,9.76690673828125
72034557983398,-0.7676421999931335,-0.32102060317993164,9.771286964416504
72034577728271,-0.8686007857322693,-0.6793900728225708,9.744452476501465
72034597534179,-1.0492751598358154,-0.708979070186615,9.724544525146484
72034617309570,-1.1211572885513306,-0.6341700553894043,9.721688270568848
72034637084960,-0.9882542490959167,-0.5837238430976868,9.739251136779785
72034656829833,-0.8620315194129944,-0.5985347628593445,9.750335693359375
72034676605224,-0.9033449292182922,-0.6938403844833374,9.740274429321289
72034696411132,-1.0511707067489624,-0.8365112543106079,9.714200019836426
72034716156005,-1.2045344114303589,-0.942830502986908,9.686617851257324
72034735900878,-1.2618516683578491,-0.8721095323562622,9.685945510864258
72034755676269,-1.2378102540969849,-0.6248255968093872,9.708130836486816
72034775451660,-1.274133563041687,-0.41812148690223694,9.714532852172852
72034795227050,-1.3942372798919678,-0.34832650423049927,9.700780868530273
72034814971923,-1.5294163227081299,-0.2969726324081421,9.682101249694824
72034834747314,-1.661882996559143,-0.14378373324871063,9.663739204406738
72034854522705,-1.7741087675094604,0.06618763506412506,9.644612312316895
72034874298095,-1.8946059942245483,0.20492281019687653,9.619712829589844
72034894042968,-2.0523781776428223,0.30001989006996155,9.584786415100098
72034913818359,-2.1558799743652344,0.4801952838897705,9.554683685302734
72034933593750,-2.15950608253479,0.6642021536827087,9.542838096618652
72034953369140,-2.1606509685516357,0.7668929696083069,9.53487491607666
72034973114013,-2.2227885723114014,0.7561835646629333,9.521437644958496
72034992889404,-2.3091392517089844,0.6275709867477417,9.51022720336914
72035012664794,-2.2929699420928955,0.4542354345321655,9.523987770080566
72035032440185,-2.1501667499542236,0.2509249150753021,9.564738273620605
72035052185058,-2.027434825897217,0.03023606166243553,9.59473705291748
72035071960449,-1.9995170831680298,-0.1590975522994995,9.599323272705078
72035091796875,-1.9888395071029663,-0.2529134750366211,9.599528312683105
72035111480712,-1.8531179428100586,-0.24638494849205017,9.626818656921387
72035131256103,-1.619318962097168,-0.24193333089351654,9.669005393981934
72035151000976,-1.4095430374145508,-0.2744326889514923,9.70094108581543
72035170776367,-1.278436303138733,-0.2824554443359375,9.71885871887207
72035190551757,-1.1808133125305176,-0.22752745449543,9.732641220092773
72035210327148,-1.0828337669372559,-0.1962602287530899,9.744708061218262
72035230102539,-1.0346462726593018,-0.24419844150543213,9.748859405517578
72035249877929,-1.0381019115447998,-0.27871274948120117,9.747566223144531
72035269622802,-0.991431474685669,-0.19116070866584778,9.754532814025879
72035289398193,-0.8700777292251587,-0.08174598962068558,9.767633438110352
72035309173583,-0.9026627540588379,-0.2899790406227112,9.760711669921875
72035328918457,-1.0422775745391846,-0.6120837926864624,9.7318754196167
72035348693847,-1.1385903358459473,-0.758091151714325,9.710783004760742
72035368469238,-1.126139521598816,-0.829294741153717,9.706413269042969
72035388244628,-0.953716516494751,-0.9407187700271606,9.714723587036133
72035408020019,-0.7903344631195068,-1.0871070623397827,9.714111328125
72035427795410,-0.7888955473899841,-1.2248270511627197,9.697826385498047
72035447540283,-0.8961796760559082,-1.3306516408920288,9.674534797668457
72035467315673,-1.0007683038711548,-1.4031856060028076,9.654010772705078
72035487091064,-1.0250076055526733,-1.4051978588104248,9.651174545288086
72035506866455,-0.9726897478103638,-1.266432285308838,9.675764083862305
72035526611328,-0.9280968904495239,-1.0718382596969604,9.703617095947266
72035546386718,-0.9608725309371948,-0.9840270280838013,9.70972728729248
72035566162109,-1.0467678308486938,-0.960204005241394,9.703229904174805
72035585937500,-1.1227151155471802,-0.8120942115783691,9.708264350891113
72035605682373,-1.198304295539856,-0.5201711058616638,9.719252586364746
72035625488281,-1.2696622610092163,-0.2334907203912735,9.721307754516602
72035645233154,-1.3429348468780518,-0.040561046451330185,9.714178085327148
72035664978027,-1.4067155122756958,0.2451196312904358,9.702136993408203
72035684783935,-1.45098078250885,0.6827443838119507,9.674653053283691
72035704528808,-1.448490023612976,1.0735408067703247,9.639490127563477
72035724304199,-1.3670367002487183,1.4299249649047852,9.605046272277832
72035744079589,-1.2630053758621216,1.6857006549835205,9.577766418457031
72035763854980,-1.227473497390747,1.7454769611358643,9.571677207946777
72035783599853,-1.2325575351715088,1.6466273069381714,9.58852481842041
72035803375244,-1.1971348524093628,1.4793469905853271,9.620227813720703
72035823120117,-1.1260039806365967,1.3073886632919312,9.653664588928223
72035842895507,-1.065355896949768,1.1609246730804443,9.679238319396973
72035862670898,-1.0462980270385742,1.0507967472076416,9.693888664245605
72035882415771,-1.0146673917770386,0.9834961891174316,9.704307556152344
72035902191162,-0.9525775909423828,0.9102609753608704,9.717737197875977
72035921936035,-0.8694624900817871,0.7947640419006348,9.735644340515137
72035941741943,-0.7654902935028076,0.6823509931564331,9.752887725830078
72035961486816,-0.6931518316268921,0.6049677729606628,9.763398170471191
72035981262207,-0.6842290163040161,0.5335097312927246,9.768192291259766
72036001037597,-0.6912271976470947,0.46774181723594666,9.77107048034668
72036020812988,-0.6123284697532654,0.4606156349182129,9.7766695022583
72036040588378,-0.45749369263648987,0.5815154910087585,9.778697967529297
72036060577392,-0.5137004852294922,0.5731022953987122,9.776403427124023
72036080322265,-0.7859213948249817,0.27847474813461304,9.771139144897461
72036100067138,-1.0015578269958496,-0.06432123482227325,9.755159378051758
72036119842529,-1.0553605556488037,-0.22275276482105255,9.747152328491211
72036139617919,-1.0222400426864624,-0.24602638185024261,9.7501220703125
72036159393310,-0.9445580840110779,-0.2723337709903717,9.757255554199219
72036179138183,-0.8566471934318542,-0.40721645951271057,9.760671615600586
72036198913574,-0.8076263666152954,-0.6558212041854858,9.751309394836426
72036218688964,-0.8489371538162231,-0.9004911780357361,9.72824764251709
72036238464355,-0.9296339750289917,-1.001476764678955,9.710984230041504
72036258209228,-0.9793211221694946,-0.9449887871742249,9.711761474609375
72036277984619,-0.9683606624603271,-0.8128633499145508,9.724809646606445
72036297821044,-0.9930984377861023,-0.6949792504310608,9.731451034545898
72036317504882,-1.1201543807983398,-0.6070884466171265,9.723532676696777
72036337280273,-1.2889528274536133,-0.5060372948646545,9.708394050598145
72036357055664,-1.4172661304473877,-0.3619311451911926,9.696945190429688
72036376831054,-1.484654188156128,-0.18950998783111572,9.691762924194336
72036396575927,-1.559067964553833,-0.05583570525050163,9.681764602661133
72036416351318,-1.7117301225662231,0.05605560913681984,9.6559419631958
72036436096191,-1.871157169342041,0.26618826389312744,9.622800827026367
72036455871582,-1.9464372396469116,0.4760991334915161,9.59974479675293
72036475646972,-1.9366523027420044,0.5951501131057739,9.595080375671387
72036495391845,-1.8667534589767456,0.6813479065895081,9.60319709777832
72036515167236,-1.8233997821807861,0.6948356032371521,9.610557556152344
72036534942626,-1.7792513370513916,0.6047824621200562,9.624910354614258
72036554718017,-1.672581672668457,0.4354439377784729,9.653146743774414
72036574493408,-1.5783909559249878,0.2167750895023346,9.676366806030273
72036594238281,-1.5438388586044312,-0.015966618433594704,9.68435287475586
72036613983154,-1.5220210552215576,-0.1897328943014145,9.68596076965332
72036633789062,-1.4635671377182007,-0.24896034598350525,9.693625450134277
72036653533935,-1.3868539333343506,-0.24220025539398193,9.705068588256836
72036673278808,-1.3311002254486084,-0.2681533396244049,9.712190628051758
72036693054199,-1.2543319463729858,-0.316033273935318,9.720965385437012
72054164916992,-0.9387993216514587,0.9293272495269775,9.717272758483887
72054185516357,-0.8718298077583313,0.8439406752586365,9.731292724609375
72054204620361,-0.819665789604187,0.8015899658203125,9.73940372467041
72054224395751,-0.7759208679199219,0.7242369651794434,9.749041557312012
72054244171142,-0.7800096869468689,0.5550671219825745,9.759809494018555
72054263946533,-0.8407447934150696,0.36092785000801086,9.763875961303711
72054283660888,-0.8439916372299194,0.26198533177375793,9.766751289367676
72054303436279,-0.7361800074577332,0.18356886506080627,9.77725601196289
72054323181152,-0.6452364325523376,-0.1640525907278061,9.784025192260742
72054342864990,-0.6740226745605469,-0.5539048910140991,9.767766952514648
72054362640380,-0.823392391204834,-0.7768682241439819,9.741092681884766
72054382476806,-0.9429916739463806,-0.9133090376853943,9.718385696411133
72054402221679,-0.9088696837425232,-0.9704655408859253,9.716096878051758
72054421997070,-0.8014079332351685,-0.9712238907814026,9.72547435760498
72055291412353,-1.0634456872940063,-1.7455410957336426,9.591275215148926
72055311798095,-1.0585339069366455,-1.9298648834228516,9.556438446044922
72055331573486,-1.0517970323562622,-1.988099217414856,9.54523754119873
72055351348876,-1.0631239414215088,-1.941877841949463,9.553495407104492
72055371124267,-1.1035667657852173,-1.857104778289795,9.565755844116211
72055390930175,-1.1558506488800049,-1.7581207752227783,9.578277587890625
72055410675048,-1.2083983421325684,-1.6212974786758423,9.595913887023926
72055430450439,-1.2837849855422974,-1.4387072324752808,9.615217208862305
72055450347900,-1.37598717212677,-1.2048841714859009,9.634588241577148
72055470031738,-1.4265878200531006,-0.8839383125305176,9.661981582641602
72055489776611,-1.4133261442184448,-0.47634270787239075,9.692573547363281
72055509552001,-1.4227060079574585,-0.020716579630970955,9.702878952026367
72055531768798,-1.528415560722351,0.5730345845222473,9.669848442077637
72055549041748,-1.6131771802902222,1.0421264171600342,9.6167573928833
72055572479248,-1.5789990425109863,1.60556960105896,9.544595718383789
72055588714599,-1.502854347229004,1.924238920211792,9.497848510742188
72055608398437,-1.4464489221572876,2.2380599975585938,9.437651634216309
72055628112792,-1.4437674283981323,2.4666171073913574,9.3809232711792
72055647949218,-1.4502708911895752,2.571431875228882,9.351729393005371
72055667694091,-1.4391111135482788,2.511638879776001,9.369686126708984
72055687591552,-1.4331179857254028,2.3179538249969482,9.420384407043457
72061540039062,-0.3532542586326599,2.4467790126800537,9.489934921264648
72061559692382,-0.32851213216781616,2.426988363265991,9.495903968811035
72061579650878,-0.3594664931297302,2.265134811401367,9.534690856933594
72061599365234,-0.36228707432746887,2.105966567993164,9.571000099182129
72061619232177,-0.24290499091148376,2.0098061561584473,9.595418930053711
72061638946533,-0.10150376707315445,1.9532898664474487,9.609617233276367
72061658721923,-0.07791390269994736,1.8910467624664307,9.622279167175293
72061677856445,-0.13763093948364258,1.8218737840652466,9.634947776794434
72061697662353,-0.105766661465168,1.7557176351547241,9.647624015808105
72061717407226,0.0223891269415617,1.7284032106399536,9.653108596801758
72061737213134,0.11346176266670227,1.7122286558151245,9.655350685119629
72061756988525,0.1063104122877121,1.658878207206726,9.664740562438965
72061776763916,0.07228237390518188,1.606488823890686,9.673900604248047
72061796539306,0.055779315531253815,1.5890339612960815,9.676892280578613
72061816314697,0.06841683387756348,1.565555214881897,9.68063735961914
72061836120605,0.05402517691254616,1.5036786794662476,9.690532684326172
72061855865478,0.003012332133948803,1.4288759231567383,9.701994895935059
72061875671386,-0.005097748711705208,1.4123961925506592,9.70440673828125
72061895446777,0.04698827490210533,1.4295281171798706,9.70178508758545
72061915222167,0.07972782105207443,1.3997743129730225,9.70590877532959
72061934997558,-0.03532743826508522,1.3316012620925903,9.71575927734375
72061954772949,-0.2421189695596695,1.2759184837341309,9.720277786254883
72061974548339,-0.37094956636428833,1.266332983970642,9.71746826171875
72061994323730,-0.42997875809669495,1.2958682775497437,9.711139678955078
72062014099121,-0.5630239248275757,1.3453117609024048,9.69760513305664
72062033874511,-0.795860767364502,1.3826353549957275,9.676017761230469
72062053649902,-0.9742411375045776,1.3931195735931396,9.658181190490723
72062073455810,-1.0407419204711914,1.400817632675171,9.650126457214355
72062093231201,-1.0308020114898682,1.45563542842865,9.643077850341797
72062113006591,-0.9526869654655457,1.5217490196228027,9.640905380249023
72062132781982,-0.8421462774276733,1.5144734382629395,9.652334213256836
72062152557373,-0.7614651918411255,1.4519729614257813,9.668625831604004
72062172332763,-0.7256807088851929,1.4447780847549438,9.672454833984375
72062192108154,-0.7349344491958618,1.483710765838623,9.665860176086426
72062211883544,-0.6773965954780579,1.4960213899612427,9.668166160583496
72062231719970,-0.4889124929904938,1.4111084938049316,9.69227123260498
72062251464843,-0.35374727845191956,1.334395170211792,9.708998680114746
72062271240234,-0.29975625872612,1.3462510108947754,9.70917797088623
72062291046142,-0.2754821181297302,1.3820585012435913,9.704865455627441
72062310791015,-0.23211243748664856,1.3749638795852661,9.70700740814209
72062330596923,-0.173893541097641,1.2930710315704346,9.719470977783203
72062350372314,-0.11623311787843704,1.2103990316390991,9.730972290039063
72062370147705,-0.05799781158566475,1.1942018270492554,9.73349380493164
72062389923095,0.008899913169443607,1.1959583759307861,9.733447074890137
72062409698486,0.06193137541413307,1.1603862047195435,9.73755931854248
72062429473876,0.09310434758663177,1.1068052053451538,9.743546485900879
72062449249267,0.14122867584228516,1.0697853565216064,9.747101783752441
72062469024658,0.21380503475666046,1.0651969909667969,9.746282577514648
72062488800048,0.27239012718200684,1.068333387374878,9.744478225708008
72062508605957,0.33050698041915894,1.0624871253967285,9.743319511413574
72062528381347,0.3785560131072998,1.0520871877670288,9.74269962310791
72062548156738,0.39615127444267273,1.0379539728164673,9.743515968322754
72062567932128,0.3899596035480499,1.0253512859344482,9.745100021362305
72062587707519,0.3820997178554535,1.0281718969345093,9.74511432647705
72062607482910,0.3813496232032776,1.03091299533844,9.744853973388672
72062627258300,0.3571254014968872,1.0312632322311401,9.745735168457031
72062647033691,0.32890215516090393,1.0443979501724243,9.745329856872559
72062666839599,0.33050820231437683,1.0718278884887695,9.742297172546387
72062686614990,0.3399529755115509,1.113529920578003,9.737293243408203
72062706390380,0.32285216450691223,1.1537123918533325,9.733196258544922
72062726165771,0.30107495188713074,1.1912654638290405,9.729369163513184
72062745941162,0.30639466643333435,1.2437400817871094,9.722634315490723
72062765716552,0.3224061131477356,1.3081735372543335,9.713656425476074
72062785491943,0.3322596251964569,1.3770601749420166,9.703798294067383
72062805267333,0.32809194922447205,1.474526047706604,9.689608573913574
72062825103759,0.3114326298236847,1.6021631956100464,9.66987419128418
72062844818115,0.28830355405807495,1.7365719079971313,9.647361755371094
72062864624023,0.2628725469112396,1.8600738048553467,9.625041007995605
72062884399414,0.21976953744888306,1.9571269750595093,9.60685920715332
72062904174804,0.15646933019161224,2.0418875217437744,9.59044361114502
72062923950195,0.10559255629777908,2.1388533115386963,9.56998062133789
72062943725585,0.06964464485645294,2.237823009490967,9.547653198242188
72062963500976,0.013143154792487621,2.321364164352417,9.527932167053223
72062983276367,-0.07300655543804169,2.3862321376800537,9.511621475219727
72063003051757,-0.1261669248342514,2.445553779602051,9.49598503112793
72063022857666,-0.13251236081123352,2.499504566192627,9.481841087341309
72063042633056,-0.17739319801330566,2.5330986976623535,9.472187042236328
72063062408447,-0.256641149520874,2.5657248497009277,9.461584091186523
72063082183837,-0.34508419036865234,2.60545015335083,9.447906494140625
72063101959228,-0.4419878125190735,2.615757942199707,9.441020011901855
72063121734619,-0.5324516296386719,2.603069543838501,9.439857482910156
72063141510009,-0.5776541233062744,2.6312026977539063,9.429393768310547
72063161285400,-0.5597871541976929,2.6972901821136475,9.411782264709473
72063181060791,-0.5541896224021912,2.7245748043060303,9.404252052307129
72063200836181,-0.625217854976654,2.6741294860839844,9.41427230834961
72063220611572,-0.7271949052810669,2.5950756072998047,9.429059028625488
72063240386962,-0.7943816184997559,2.5091562271118164,9.446876525878906
72063260162353,-0.815099835395813,2.4059784412384033,9.471920013427734
72063279968261,-0.8451138734817505,2.3135621547698975,9.492291450500488
72063299743652,-0.9456490874290466,2.2073283195495605,9.50809383392334
72063319519042,-1.0561144351959229,2.0522103309631348,9.531182289123535
72063339294433,-1.0451549291610718,1.8983110189437866,9.564228057861328
72063359069824,-0.9924236536026001,1.8313217163085938,9.582887649536133
